ERROR - 2025-11-30 16:56:43 --> mysqli_sql_exception: Duplicate column name 'course_id' in C:\xampp\htdocs\ITE311-VISAYAS\system\Database\MySQLi\Connection.php:327
Stack trace:
#0 C:\xampp\htdocs\ITE311-VISAYAS\system\Database\MySQLi\Connection.php(327): mysqli->query('SELECT COUNT(*)...', 0)
#1 C:\xampp\htdocs\ITE311-VISAYAS\system\Database\BaseConnection.php(729): CodeIgniter\Database\MySQLi\Connection->execute('SELECT COUNT(*)...')
#2 C:\xampp\htdocs\ITE311-VISAYAS\system\Database\BaseConnection.php(646): CodeIgniter\Database\BaseConnection->simpleQuery('SELECT COUNT(*)...')
#3 C:\xampp\htdocs\ITE311-VISAYAS\system\Database\BaseBuilder.php(1733): CodeIgniter\Database\BaseConnection->query('SELECT COUNT(*)...', Array, false)
#4 C:\xampp\htdocs\ITE311-VISAYAS\app\Models\CourseModel.php(132): CodeIgniter\Database\BaseBuilder->countAllResults()
#5 C:\xampp\htdocs\ITE311-VISAYAS\app\Controllers\Teacher.php(56): App\Models\CourseModel->getTeacherStatistics('21')
#6 C:\xampp\htdocs\ITE311-VISAYAS\system\CodeIgniter.php(933): App\Controllers\Teacher->manageCourses()
#7 C:\xampp\htdocs\ITE311-VISAYAS\system\CodeIgniter.php(507): CodeIgniter\CodeIgniter->runController(Object(App\Controllers\Teacher))
#8 C:\xampp\htdocs\ITE311-VISAYAS\system\CodeIgniter.php(354): CodeIgniter\CodeIgniter->handleRequest(NULL, Object(Config\Cache), false)
#9 C:\xampp\htdocs\ITE311-VISAYAS\system\Boot.php(363): CodeIgniter\CodeIgniter->run()
#10 C:\xampp\htdocs\ITE311-VISAYAS\system\Boot.php(68): CodeIgniter\Boot::runCodeIgniter(Object(CodeIgniter\CodeIgniter))
#11 C:\xampp\htdocs\ITE311-VISAYAS\index.php(59): CodeIgniter\Boot::bootWeb(Object(Config\Paths))
#12 {main}
CRITICAL - 2025-11-30 16:56:43 --> CodeIgniter\Database\Exceptions\DatabaseException: Duplicate column name 'course_id'
[Method: GET, Route: teacher/manage-courses]
in SYSTEMPATH\Database\BaseConnection.php on line 684.
 1 SYSTEMPATH\Database\BaseBuilder.php(1733): CodeIgniter\Database\BaseConnection->query('SELECT COUNT(*) AS `numrows`
FROM (
SELECT DISTINCT *
FROM `courses` `c`
JOIN `enrollments` `e` ON `c`.`course_id` = `e`.`course_id`
WHERE `c`.`teacher_id` = :c.teacher_id:
AND `e`.`status` IN :e.status:
) CI_count_all_results', [...], false)
 2 APPPATH\Models\CourseModel.php(132): CodeIgniter\Database\BaseBuilder->countAllResults()
 3 APPPATH\Controllers\Teacher.php(56): App\Models\CourseModel->getTeacherStatistics('21')
 4 SYSTEMPATH\CodeIgniter.php(933): App\Controllers\Teacher->manageCourses()
 5 SYSTEMPATH\CodeIgniter.php(507): CodeIgniter\CodeIgniter->runController(Object(App\Controllers\Teacher))
 6 SYSTEMPATH\CodeIgniter.php(354): CodeIgniter\CodeIgniter->handleRequest(null, Object(Config\Cache), false)
 7 SYSTEMPATH\Boot.php(363): CodeIgniter\CodeIgniter->run()
 8 SYSTEMPATH\Boot.php(68): CodeIgniter\Boot::runCodeIgniter(Object(CodeIgniter\CodeIgniter))
 9 FCPATH\index.php(59): CodeIgniter\Boot::bootWeb(Object(Config\Paths))
CRITICAL - 2025-11-30 16:56:43 --> [Caused by] CodeIgniter\Database\Exceptions\DatabaseException: Duplicate column name 'course_id'
in SYSTEMPATH\Database\MySQLi\Connection.php on line 332.
 1 SYSTEMPATH\Database\BaseConnection.php(729): CodeIgniter\Database\MySQLi\Connection->execute('SELECT COUNT(*) AS `numrows`
FROM (
SELECT DISTINCT *
FROM `courses` `c`
JOIN `enrollments` `e` ON `c`.`course_id` = `e`.`course_id`
WHERE `c`.`teacher_id` = \'21\'
AND `e`.`status` IN (\'enrolled\',\'active\')
) CI_count_all_results')
 2 SYSTEMPATH\Database\BaseConnection.php(646): CodeIgniter\Database\BaseConnection->simpleQuery('SELECT COUNT(*) AS `numrows`
FROM (
SELECT DISTINCT *
FROM `courses` `c`
JOIN `enrollments` `e` ON `c`.`course_id` = `e`.`course_id`
WHERE `c`.`teacher_id` = \'21\'
AND `e`.`status` IN (\'enrolled\',\'active\')
) CI_count_all_results')
 3 SYSTEMPATH\Database\BaseBuilder.php(1733): CodeIgniter\Database\BaseConnection->query('SELECT COUNT(*) AS `numrows`
FROM (
SELECT DISTINCT *
FROM `courses` `c`
JOIN `enrollments` `e` ON `c`.`course_id` = `e`.`course_id`
WHERE `c`.`teacher_id` = :c.teacher_id:
AND `e`.`status` IN :e.status:
) CI_count_all_results', [...], false)
 4 APPPATH\Models\CourseModel.php(132): CodeIgniter\Database\BaseBuilder->countAllResults()
 5 APPPATH\Controllers\Teacher.php(56): App\Models\CourseModel->getTeacherStatistics('21')
 6 SYSTEMPATH\CodeIgniter.php(933): App\Controllers\Teacher->manageCourses()
 7 SYSTEMPATH\CodeIgniter.php(507): CodeIgniter\CodeIgniter->runController(Object(App\Controllers\Teacher))
 8 SYSTEMPATH\CodeIgniter.php(354): CodeIgniter\CodeIgniter->handleRequest(null, Object(Config\Cache), false)
 9 SYSTEMPATH\Boot.php(363): CodeIgniter\CodeIgniter->run()
10 SYSTEMPATH\Boot.php(68): CodeIgniter\Boot::runCodeIgniter(Object(CodeIgniter\CodeIgniter))
11 FCPATH\index.php(59): CodeIgniter\Boot::bootWeb(Object(Config\Paths))
CRITICAL - 2025-11-30 16:56:43 --> [Caused by] mysqli_sql_exception: Duplicate column name 'course_id'
in SYSTEMPATH\Database\MySQLi\Connection.php on line 327.
 1 SYSTEMPATH\Database\MySQLi\Connection.php(327): mysqli->query('SELECT COUNT(*) AS `numrows`
FROM (
SELECT DISTINCT *
FROM `courses` `c`
JOIN `enrollments` `e` ON `c`.`course_id` = `e`.`course_id`
WHERE `c`.`teacher_id` = \'21\'
AND `e`.`status` IN (\'enrolled\',\'active\')
) CI_count_all_results', 0)
 2 SYSTEMPATH\Database\BaseConnection.php(729): CodeIgniter\Database\MySQLi\Connection->execute('SELECT COUNT(*) AS `numrows`
FROM (
SELECT DISTINCT *
FROM `courses` `c`
JOIN `enrollments` `e` ON `c`.`course_id` = `e`.`course_id`
WHERE `c`.`teacher_id` = \'21\'
AND `e`.`status` IN (\'enrolled\',\'active\')
) CI_count_all_results')
 3 SYSTEMPATH\Database\BaseConnection.php(646): CodeIgniter\Database\BaseConnection->simpleQuery('SELECT COUNT(*) AS `numrows`
FROM (
SELECT DISTINCT *
FROM `courses` `c`
JOIN `enrollments` `e` ON `c`.`course_id` = `e`.`course_id`
WHERE `c`.`teacher_id` = \'21\'
AND `e`.`status` IN (\'enrolled\',\'active\')
) CI_count_all_results')
 4 SYSTEMPATH\Database\BaseBuilder.php(1733): CodeIgniter\Database\BaseConnection->query('SELECT COUNT(*) AS `numrows`
FROM (
SELECT DISTINCT *
FROM `courses` `c`
JOIN `enrollments` `e` ON `c`.`course_id` = `e`.`course_id`
WHERE `c`.`teacher_id` = :c.teacher_id:
AND `e`.`status` IN :e.status:
) CI_count_all_results', [...], false)
 5 APPPATH\Models\CourseModel.php(132): CodeIgniter\Database\BaseBuilder->countAllResults()
 6 APPPATH\Controllers\Teacher.php(56): App\Models\CourseModel->getTeacherStatistics('21')
 7 SYSTEMPATH\CodeIgniter.php(933): App\Controllers\Teacher->manageCourses()
 8 SYSTEMPATH\CodeIgniter.php(507): CodeIgniter\CodeIgniter->runController(Object(App\Controllers\Teacher))
 9 SYSTEMPATH\CodeIgniter.php(354): CodeIgniter\CodeIgniter->handleRequest(null, Object(Config\Cache), false)
10 SYSTEMPATH\Boot.php(363): CodeIgniter\CodeIgniter->run()
11 SYSTEMPATH\Boot.php(68): CodeIgniter\Boot::runCodeIgniter(Object(CodeIgniter\CodeIgniter))
12 FCPATH\index.php(59): CodeIgniter\Boot::bootWeb(Object(Config\Paths))
ERROR - 2025-11-30 16:57:31 --> mysqli_sql_exception: Duplicate column name 'course_id' in C:\xampp\htdocs\ITE311-VISAYAS\system\Database\MySQLi\Connection.php:327
Stack trace:
#0 C:\xampp\htdocs\ITE311-VISAYAS\system\Database\MySQLi\Connection.php(327): mysqli->query('SELECT COUNT(*)...', 0)
#1 C:\xampp\htdocs\ITE311-VISAYAS\system\Database\BaseConnection.php(729): CodeIgniter\Database\MySQLi\Connection->execute('SELECT COUNT(*)...')
#2 C:\xampp\htdocs\ITE311-VISAYAS\system\Database\BaseConnection.php(646): CodeIgniter\Database\BaseConnection->simpleQuery('SELECT COUNT(*)...')
#3 C:\xampp\htdocs\ITE311-VISAYAS\system\Database\BaseBuilder.php(1733): CodeIgniter\Database\BaseConnection->query('SELECT COUNT(*)...', Array, false)
#4 C:\xampp\htdocs\ITE311-VISAYAS\app\Models\CourseModel.php(132): CodeIgniter\Database\BaseBuilder->countAllResults()
#5 C:\xampp\htdocs\ITE311-VISAYAS\app\Controllers\Teacher.php(56): App\Models\CourseModel->getTeacherStatistics('21')
#6 C:\xampp\htdocs\ITE311-VISAYAS\system\CodeIgniter.php(933): App\Controllers\Teacher->manageCourses()
#7 C:\xampp\htdocs\ITE311-VISAYAS\system\CodeIgniter.php(507): CodeIgniter\CodeIgniter->runController(Object(App\Controllers\Teacher))
#8 C:\xampp\htdocs\ITE311-VISAYAS\system\CodeIgniter.php(354): CodeIgniter\CodeIgniter->handleRequest(NULL, Object(Config\Cache), false)
#9 C:\xampp\htdocs\ITE311-VISAYAS\system\Boot.php(363): CodeIgniter\CodeIgniter->run()
#10 C:\xampp\htdocs\ITE311-VISAYAS\system\Boot.php(68): CodeIgniter\Boot::runCodeIgniter(Object(CodeIgniter\CodeIgniter))
#11 C:\xampp\htdocs\ITE311-VISAYAS\index.php(59): CodeIgniter\Boot::bootWeb(Object(Config\Paths))
#12 {main}
CRITICAL - 2025-11-30 16:57:31 --> CodeIgniter\Database\Exceptions\DatabaseException: Duplicate column name 'course_id'
[Method: GET, Route: teacher/manage-courses]
in SYSTEMPATH\Database\BaseConnection.php on line 684.
 1 SYSTEMPATH\Database\BaseBuilder.php(1733): CodeIgniter\Database\BaseConnection->query('SELECT COUNT(*) AS `numrows`
FROM (
SELECT DISTINCT *
FROM `courses` `c`
JOIN `enrollments` `e` ON `c`.`course_id` = `e`.`course_id`
WHERE `c`.`teacher_id` = :c.teacher_id:
AND `e`.`status` IN :e.status:
) CI_count_all_results', [...], false)
 2 APPPATH\Models\CourseModel.php(132): CodeIgniter\Database\BaseBuilder->countAllResults()
 3 APPPATH\Controllers\Teacher.php(56): App\Models\CourseModel->getTeacherStatistics('21')
 4 SYSTEMPATH\CodeIgniter.php(933): App\Controllers\Teacher->manageCourses()
 5 SYSTEMPATH\CodeIgniter.php(507): CodeIgniter\CodeIgniter->runController(Object(App\Controllers\Teacher))
 6 SYSTEMPATH\CodeIgniter.php(354): CodeIgniter\CodeIgniter->handleRequest(null, Object(Config\Cache), false)
 7 SYSTEMPATH\Boot.php(363): CodeIgniter\CodeIgniter->run()
 8 SYSTEMPATH\Boot.php(68): CodeIgniter\Boot::runCodeIgniter(Object(CodeIgniter\CodeIgniter))
 9 FCPATH\index.php(59): CodeIgniter\Boot::bootWeb(Object(Config\Paths))
CRITICAL - 2025-11-30 16:57:31 --> [Caused by] CodeIgniter\Database\Exceptions\DatabaseException: Duplicate column name 'course_id'
in SYSTEMPATH\Database\MySQLi\Connection.php on line 332.
 1 SYSTEMPATH\Database\BaseConnection.php(729): CodeIgniter\Database\MySQLi\Connection->execute('SELECT COUNT(*) AS `numrows`
FROM (
SELECT DISTINCT *
FROM `courses` `c`
JOIN `enrollments` `e` ON `c`.`course_id` = `e`.`course_id`
WHERE `c`.`teacher_id` = \'21\'
AND `e`.`status` IN (\'enrolled\',\'active\')
) CI_count_all_results')
 2 SYSTEMPATH\Database\BaseConnection.php(646): CodeIgniter\Database\BaseConnection->simpleQuery('SELECT COUNT(*) AS `numrows`
FROM (
SELECT DISTINCT *
FROM `courses` `c`
JOIN `enrollments` `e` ON `c`.`course_id` = `e`.`course_id`
WHERE `c`.`teacher_id` = \'21\'
AND `e`.`status` IN (\'enrolled\',\'active\')
) CI_count_all_results')
 3 SYSTEMPATH\Database\BaseBuilder.php(1733): CodeIgniter\Database\BaseConnection->query('SELECT COUNT(*) AS `numrows`
FROM (
SELECT DISTINCT *
FROM `courses` `c`
JOIN `enrollments` `e` ON `c`.`course_id` = `e`.`course_id`
WHERE `c`.`teacher_id` = :c.teacher_id:
AND `e`.`status` IN :e.status:
) CI_count_all_results', [...], false)
 4 APPPATH\Models\CourseModel.php(132): CodeIgniter\Database\BaseBuilder->countAllResults()
 5 APPPATH\Controllers\Teacher.php(56): App\Models\CourseModel->getTeacherStatistics('21')
 6 SYSTEMPATH\CodeIgniter.php(933): App\Controllers\Teacher->manageCourses()
 7 SYSTEMPATH\CodeIgniter.php(507): CodeIgniter\CodeIgniter->runController(Object(App\Controllers\Teacher))
 8 SYSTEMPATH\CodeIgniter.php(354): CodeIgniter\CodeIgniter->handleRequest(null, Object(Config\Cache), false)
 9 SYSTEMPATH\Boot.php(363): CodeIgniter\CodeIgniter->run()
10 SYSTEMPATH\Boot.php(68): CodeIgniter\Boot::runCodeIgniter(Object(CodeIgniter\CodeIgniter))
11 FCPATH\index.php(59): CodeIgniter\Boot::bootWeb(Object(Config\Paths))
CRITICAL - 2025-11-30 16:57:31 --> [Caused by] mysqli_sql_exception: Duplicate column name 'course_id'
in SYSTEMPATH\Database\MySQLi\Connection.php on line 327.
 1 SYSTEMPATH\Database\MySQLi\Connection.php(327): mysqli->query('SELECT COUNT(*) AS `numrows`
FROM (
SELECT DISTINCT *
FROM `courses` `c`
JOIN `enrollments` `e` ON `c`.`course_id` = `e`.`course_id`
WHERE `c`.`teacher_id` = \'21\'
AND `e`.`status` IN (\'enrolled\',\'active\')
) CI_count_all_results', 0)
 2 SYSTEMPATH\Database\BaseConnection.php(729): CodeIgniter\Database\MySQLi\Connection->execute('SELECT COUNT(*) AS `numrows`
FROM (
SELECT DISTINCT *
FROM `courses` `c`
JOIN `enrollments` `e` ON `c`.`course_id` = `e`.`course_id`
WHERE `c`.`teacher_id` = \'21\'
AND `e`.`status` IN (\'enrolled\',\'active\')
) CI_count_all_results')
 3 SYSTEMPATH\Database\BaseConnection.php(646): CodeIgniter\Database\BaseConnection->simpleQuery('SELECT COUNT(*) AS `numrows`
FROM (
SELECT DISTINCT *
FROM `courses` `c`
JOIN `enrollments` `e` ON `c`.`course_id` = `e`.`course_id`
WHERE `c`.`teacher_id` = \'21\'
AND `e`.`status` IN (\'enrolled\',\'active\')
) CI_count_all_results')
 4 SYSTEMPATH\Database\BaseBuilder.php(1733): CodeIgniter\Database\BaseConnection->query('SELECT COUNT(*) AS `numrows`
FROM (
SELECT DISTINCT *
FROM `courses` `c`
JOIN `enrollments` `e` ON `c`.`course_id` = `e`.`course_id`
WHERE `c`.`teacher_id` = :c.teacher_id:
AND `e`.`status` IN :e.status:
) CI_count_all_results', [...], false)
 5 APPPATH\Models\CourseModel.php(132): CodeIgniter\Database\BaseBuilder->countAllResults()
 6 APPPATH\Controllers\Teacher.php(56): App\Models\CourseModel->getTeacherStatistics('21')
 7 SYSTEMPATH\CodeIgniter.php(933): App\Controllers\Teacher->manageCourses()
 8 SYSTEMPATH\CodeIgniter.php(507): CodeIgniter\CodeIgniter->runController(Object(App\Controllers\Teacher))
 9 SYSTEMPATH\CodeIgniter.php(354): CodeIgniter\CodeIgniter->handleRequest(null, Object(Config\Cache), false)
10 SYSTEMPATH\Boot.php(363): CodeIgniter\CodeIgniter->run()
11 SYSTEMPATH\Boot.php(68): CodeIgniter\Boot::runCodeIgniter(Object(CodeIgniter\CodeIgniter))
12 FCPATH\index.php(59): CodeIgniter\Boot::bootWeb(Object(Config\Paths))
ERROR - 2025-11-30 16:57:35 --> mysqli_sql_exception: Duplicate column name 'course_id' in C:\xampp\htdocs\ITE311-VISAYAS\system\Database\MySQLi\Connection.php:327
Stack trace:
#0 C:\xampp\htdocs\ITE311-VISAYAS\system\Database\MySQLi\Connection.php(327): mysqli->query('SELECT COUNT(*)...', 0)
#1 C:\xampp\htdocs\ITE311-VISAYAS\system\Database\BaseConnection.php(729): CodeIgniter\Database\MySQLi\Connection->execute('SELECT COUNT(*)...')
#2 C:\xampp\htdocs\ITE311-VISAYAS\system\Database\BaseConnection.php(646): CodeIgniter\Database\BaseConnection->simpleQuery('SELECT COUNT(*)...')
#3 C:\xampp\htdocs\ITE311-VISAYAS\system\Database\BaseBuilder.php(1733): CodeIgniter\Database\BaseConnection->query('SELECT COUNT(*)...', Array, false)
#4 C:\xampp\htdocs\ITE311-VISAYAS\app\Models\CourseModel.php(132): CodeIgniter\Database\BaseBuilder->countAllResults()
#5 C:\xampp\htdocs\ITE311-VISAYAS\app\Controllers\Teacher.php(56): App\Models\CourseModel->getTeacherStatistics('21')
#6 C:\xampp\htdocs\ITE311-VISAYAS\system\CodeIgniter.php(933): App\Controllers\Teacher->manageCourses()
#7 C:\xampp\htdocs\ITE311-VISAYAS\system\CodeIgniter.php(507): CodeIgniter\CodeIgniter->runController(Object(App\Controllers\Teacher))
#8 C:\xampp\htdocs\ITE311-VISAYAS\system\CodeIgniter.php(354): CodeIgniter\CodeIgniter->handleRequest(NULL, Object(Config\Cache), false)
#9 C:\xampp\htdocs\ITE311-VISAYAS\system\Boot.php(363): CodeIgniter\CodeIgniter->run()
#10 C:\xampp\htdocs\ITE311-VISAYAS\system\Boot.php(68): CodeIgniter\Boot::runCodeIgniter(Object(CodeIgniter\CodeIgniter))
#11 C:\xampp\htdocs\ITE311-VISAYAS\index.php(59): CodeIgniter\Boot::bootWeb(Object(Config\Paths))
#12 {main}
CRITICAL - 2025-11-30 16:57:35 --> CodeIgniter\Database\Exceptions\DatabaseException: Duplicate column name 'course_id'
[Method: GET, Route: teacher/manage-courses]
in SYSTEMPATH\Database\BaseConnection.php on line 684.
 1 SYSTEMPATH\Database\BaseBuilder.php(1733): CodeIgniter\Database\BaseConnection->query('SELECT COUNT(*) AS `numrows`
FROM (
SELECT DISTINCT *
FROM `courses` `c`
JOIN `enrollments` `e` ON `c`.`course_id` = `e`.`course_id`
WHERE `c`.`teacher_id` = :c.teacher_id:
AND `e`.`status` IN :e.status:
) CI_count_all_results', [...], false)
 2 APPPATH\Models\CourseModel.php(132): CodeIgniter\Database\BaseBuilder->countAllResults()
 3 APPPATH\Controllers\Teacher.php(56): App\Models\CourseModel->getTeacherStatistics('21')
 4 SYSTEMPATH\CodeIgniter.php(933): App\Controllers\Teacher->manageCourses()
 5 SYSTEMPATH\CodeIgniter.php(507): CodeIgniter\CodeIgniter->runController(Object(App\Controllers\Teacher))
 6 SYSTEMPATH\CodeIgniter.php(354): CodeIgniter\CodeIgniter->handleRequest(null, Object(Config\Cache), false)
 7 SYSTEMPATH\Boot.php(363): CodeIgniter\CodeIgniter->run()
 8 SYSTEMPATH\Boot.php(68): CodeIgniter\Boot::runCodeIgniter(Object(CodeIgniter\CodeIgniter))
 9 FCPATH\index.php(59): CodeIgniter\Boot::bootWeb(Object(Config\Paths))
CRITICAL - 2025-11-30 16:57:35 --> [Caused by] CodeIgniter\Database\Exceptions\DatabaseException: Duplicate column name 'course_id'
in SYSTEMPATH\Database\MySQLi\Connection.php on line 332.
 1 SYSTEMPATH\Database\BaseConnection.php(729): CodeIgniter\Database\MySQLi\Connection->execute('SELECT COUNT(*) AS `numrows`
FROM (
SELECT DISTINCT *
FROM `courses` `c`
JOIN `enrollments` `e` ON `c`.`course_id` = `e`.`course_id`
WHERE `c`.`teacher_id` = \'21\'
AND `e`.`status` IN (\'enrolled\',\'active\')
) CI_count_all_results')
 2 SYSTEMPATH\Database\BaseConnection.php(646): CodeIgniter\Database\BaseConnection->simpleQuery('SELECT COUNT(*) AS `numrows`
FROM (
SELECT DISTINCT *
FROM `courses` `c`
JOIN `enrollments` `e` ON `c`.`course_id` = `e`.`course_id`
WHERE `c`.`teacher_id` = \'21\'
AND `e`.`status` IN (\'enrolled\',\'active\')
) CI_count_all_results')
 3 SYSTEMPATH\Database\BaseBuilder.php(1733): CodeIgniter\Database\BaseConnection->query('SELECT COUNT(*) AS `numrows`
FROM (
SELECT DISTINCT *
FROM `courses` `c`
JOIN `enrollments` `e` ON `c`.`course_id` = `e`.`course_id`
WHERE `c`.`teacher_id` = :c.teacher_id:
AND `e`.`status` IN :e.status:
) CI_count_all_results', [...], false)
 4 APPPATH\Models\CourseModel.php(132): CodeIgniter\Database\BaseBuilder->countAllResults()
 5 APPPATH\Controllers\Teacher.php(56): App\Models\CourseModel->getTeacherStatistics('21')
 6 SYSTEMPATH\CodeIgniter.php(933): App\Controllers\Teacher->manageCourses()
 7 SYSTEMPATH\CodeIgniter.php(507): CodeIgniter\CodeIgniter->runController(Object(App\Controllers\Teacher))
 8 SYSTEMPATH\CodeIgniter.php(354): CodeIgniter\CodeIgniter->handleRequest(null, Object(Config\Cache), false)
 9 SYSTEMPATH\Boot.php(363): CodeIgniter\CodeIgniter->run()
10 SYSTEMPATH\Boot.php(68): CodeIgniter\Boot::runCodeIgniter(Object(CodeIgniter\CodeIgniter))
11 FCPATH\index.php(59): CodeIgniter\Boot::bootWeb(Object(Config\Paths))
CRITICAL - 2025-11-30 16:57:35 --> [Caused by] mysqli_sql_exception: Duplicate column name 'course_id'
in SYSTEMPATH\Database\MySQLi\Connection.php on line 327.
 1 SYSTEMPATH\Database\MySQLi\Connection.php(327): mysqli->query('SELECT COUNT(*) AS `numrows`
FROM (
SELECT DISTINCT *
FROM `courses` `c`
JOIN `enrollments` `e` ON `c`.`course_id` = `e`.`course_id`
WHERE `c`.`teacher_id` = \'21\'
AND `e`.`status` IN (\'enrolled\',\'active\')
) CI_count_all_results', 0)
 2 SYSTEMPATH\Database\BaseConnection.php(729): CodeIgniter\Database\MySQLi\Connection->execute('SELECT COUNT(*) AS `numrows`
FROM (
SELECT DISTINCT *
FROM `courses` `c`
JOIN `enrollments` `e` ON `c`.`course_id` = `e`.`course_id`
WHERE `c`.`teacher_id` = \'21\'
AND `e`.`status` IN (\'enrolled\',\'active\')
) CI_count_all_results')
 3 SYSTEMPATH\Database\BaseConnection.php(646): CodeIgniter\Database\BaseConnection->simpleQuery('SELECT COUNT(*) AS `numrows`
FROM (
SELECT DISTINCT *
FROM `courses` `c`
JOIN `enrollments` `e` ON `c`.`course_id` = `e`.`course_id`
WHERE `c`.`teacher_id` = \'21\'
AND `e`.`status` IN (\'enrolled\',\'active\')
) CI_count_all_results')
 4 SYSTEMPATH\Database\BaseBuilder.php(1733): CodeIgniter\Database\BaseConnection->query('SELECT COUNT(*) AS `numrows`
FROM (
SELECT DISTINCT *
FROM `courses` `c`
JOIN `enrollments` `e` ON `c`.`course_id` = `e`.`course_id`
WHERE `c`.`teacher_id` = :c.teacher_id:
AND `e`.`status` IN :e.status:
) CI_count_all_results', [...], false)
 5 APPPATH\Models\CourseModel.php(132): CodeIgniter\Database\BaseBuilder->countAllResults()
 6 APPPATH\Controllers\Teacher.php(56): App\Models\CourseModel->getTeacherStatistics('21')
 7 SYSTEMPATH\CodeIgniter.php(933): App\Controllers\Teacher->manageCourses()
 8 SYSTEMPATH\CodeIgniter.php(507): CodeIgniter\CodeIgniter->runController(Object(App\Controllers\Teacher))
 9 SYSTEMPATH\CodeIgniter.php(354): CodeIgniter\CodeIgniter->handleRequest(null, Object(Config\Cache), false)
10 SYSTEMPATH\Boot.php(363): CodeIgniter\CodeIgniter->run()
11 SYSTEMPATH\Boot.php(68): CodeIgniter\Boot::runCodeIgniter(Object(CodeIgniter\CodeIgniter))
12 FCPATH\index.php(59): CodeIgniter\Boot::bootWeb(Object(Config\Paths))
ERROR - 2025-11-30 16:57:36 --> mysqli_sql_exception: Duplicate column name 'course_id' in C:\xampp\htdocs\ITE311-VISAYAS\system\Database\MySQLi\Connection.php:327
Stack trace:
#0 C:\xampp\htdocs\ITE311-VISAYAS\system\Database\MySQLi\Connection.php(327): mysqli->query('SELECT COUNT(*)...', 0)
#1 C:\xampp\htdocs\ITE311-VISAYAS\system\Database\BaseConnection.php(729): CodeIgniter\Database\MySQLi\Connection->execute('SELECT COUNT(*)...')
#2 C:\xampp\htdocs\ITE311-VISAYAS\system\Database\BaseConnection.php(646): CodeIgniter\Database\BaseConnection->simpleQuery('SELECT COUNT(*)...')
#3 C:\xampp\htdocs\ITE311-VISAYAS\system\Database\BaseBuilder.php(1733): CodeIgniter\Database\BaseConnection->query('SELECT COUNT(*)...', Array, false)
#4 C:\xampp\htdocs\ITE311-VISAYAS\app\Models\CourseModel.php(132): CodeIgniter\Database\BaseBuilder->countAllResults()
#5 C:\xampp\htdocs\ITE311-VISAYAS\app\Controllers\Teacher.php(56): App\Models\CourseModel->getTeacherStatistics('21')
#6 C:\xampp\htdocs\ITE311-VISAYAS\system\CodeIgniter.php(933): App\Controllers\Teacher->manageCourses()
#7 C:\xampp\htdocs\ITE311-VISAYAS\system\CodeIgniter.php(507): CodeIgniter\CodeIgniter->runController(Object(App\Controllers\Teacher))
#8 C:\xampp\htdocs\ITE311-VISAYAS\system\CodeIgniter.php(354): CodeIgniter\CodeIgniter->handleRequest(NULL, Object(Config\Cache), false)
#9 C:\xampp\htdocs\ITE311-VISAYAS\system\Boot.php(363): CodeIgniter\CodeIgniter->run()
#10 C:\xampp\htdocs\ITE311-VISAYAS\system\Boot.php(68): CodeIgniter\Boot::runCodeIgniter(Object(CodeIgniter\CodeIgniter))
#11 C:\xampp\htdocs\ITE311-VISAYAS\index.php(59): CodeIgniter\Boot::bootWeb(Object(Config\Paths))
#12 {main}
CRITICAL - 2025-11-30 16:57:36 --> CodeIgniter\Database\Exceptions\DatabaseException: Duplicate column name 'course_id'
[Method: GET, Route: teacher/manage-courses]
in SYSTEMPATH\Database\BaseConnection.php on line 684.
 1 SYSTEMPATH\Database\BaseBuilder.php(1733): CodeIgniter\Database\BaseConnection->query('SELECT COUNT(*) AS `numrows`
FROM (
SELECT DISTINCT *
FROM `courses` `c`
JOIN `enrollments` `e` ON `c`.`course_id` = `e`.`course_id`
WHERE `c`.`teacher_id` = :c.teacher_id:
AND `e`.`status` IN :e.status:
) CI_count_all_results', [...], false)
 2 APPPATH\Models\CourseModel.php(132): CodeIgniter\Database\BaseBuilder->countAllResults()
 3 APPPATH\Controllers\Teacher.php(56): App\Models\CourseModel->getTeacherStatistics('21')
 4 SYSTEMPATH\CodeIgniter.php(933): App\Controllers\Teacher->manageCourses()
 5 SYSTEMPATH\CodeIgniter.php(507): CodeIgniter\CodeIgniter->runController(Object(App\Controllers\Teacher))
 6 SYSTEMPATH\CodeIgniter.php(354): CodeIgniter\CodeIgniter->handleRequest(null, Object(Config\Cache), false)
 7 SYSTEMPATH\Boot.php(363): CodeIgniter\CodeIgniter->run()
 8 SYSTEMPATH\Boot.php(68): CodeIgniter\Boot::runCodeIgniter(Object(CodeIgniter\CodeIgniter))
 9 FCPATH\index.php(59): CodeIgniter\Boot::bootWeb(Object(Config\Paths))
CRITICAL - 2025-11-30 16:57:36 --> [Caused by] CodeIgniter\Database\Exceptions\DatabaseException: Duplicate column name 'course_id'
in SYSTEMPATH\Database\MySQLi\Connection.php on line 332.
 1 SYSTEMPATH\Database\BaseConnection.php(729): CodeIgniter\Database\MySQLi\Connection->execute('SELECT COUNT(*) AS `numrows`
FROM (
SELECT DISTINCT *
FROM `courses` `c`
JOIN `enrollments` `e` ON `c`.`course_id` = `e`.`course_id`
WHERE `c`.`teacher_id` = \'21\'
AND `e`.`status` IN (\'enrolled\',\'active\')
) CI_count_all_results')
 2 SYSTEMPATH\Database\BaseConnection.php(646): CodeIgniter\Database\BaseConnection->simpleQuery('SELECT COUNT(*) AS `numrows`
FROM (
SELECT DISTINCT *
FROM `courses` `c`
JOIN `enrollments` `e` ON `c`.`course_id` = `e`.`course_id`
WHERE `c`.`teacher_id` = \'21\'
AND `e`.`status` IN (\'enrolled\',\'active\')
) CI_count_all_results')
 3 SYSTEMPATH\Database\BaseBuilder.php(1733): CodeIgniter\Database\BaseConnection->query('SELECT COUNT(*) AS `numrows`
FROM (
SELECT DISTINCT *
FROM `courses` `c`
JOIN `enrollments` `e` ON `c`.`course_id` = `e`.`course_id`
WHERE `c`.`teacher_id` = :c.teacher_id:
AND `e`.`status` IN :e.status:
) CI_count_all_results', [...], false)
 4 APPPATH\Models\CourseModel.php(132): CodeIgniter\Database\BaseBuilder->countAllResults()
 5 APPPATH\Controllers\Teacher.php(56): App\Models\CourseModel->getTeacherStatistics('21')
 6 SYSTEMPATH\CodeIgniter.php(933): App\Controllers\Teacher->manageCourses()
 7 SYSTEMPATH\CodeIgniter.php(507): CodeIgniter\CodeIgniter->runController(Object(App\Controllers\Teacher))
 8 SYSTEMPATH\CodeIgniter.php(354): CodeIgniter\CodeIgniter->handleRequest(null, Object(Config\Cache), false)
 9 SYSTEMPATH\Boot.php(363): CodeIgniter\CodeIgniter->run()
10 SYSTEMPATH\Boot.php(68): CodeIgniter\Boot::runCodeIgniter(Object(CodeIgniter\CodeIgniter))
11 FCPATH\index.php(59): CodeIgniter\Boot::bootWeb(Object(Config\Paths))
CRITICAL - 2025-11-30 16:57:36 --> [Caused by] mysqli_sql_exception: Duplicate column name 'course_id'
in SYSTEMPATH\Database\MySQLi\Connection.php on line 327.
 1 SYSTEMPATH\Database\MySQLi\Connection.php(327): mysqli->query('SELECT COUNT(*) AS `numrows`
FROM (
SELECT DISTINCT *
FROM `courses` `c`
JOIN `enrollments` `e` ON `c`.`course_id` = `e`.`course_id`
WHERE `c`.`teacher_id` = \'21\'
AND `e`.`status` IN (\'enrolled\',\'active\')
) CI_count_all_results', 0)
 2 SYSTEMPATH\Database\BaseConnection.php(729): CodeIgniter\Database\MySQLi\Connection->execute('SELECT COUNT(*) AS `numrows`
FROM (
SELECT DISTINCT *
FROM `courses` `c`
JOIN `enrollments` `e` ON `c`.`course_id` = `e`.`course_id`
WHERE `c`.`teacher_id` = \'21\'
AND `e`.`status` IN (\'enrolled\',\'active\')
) CI_count_all_results')
 3 SYSTEMPATH\Database\BaseConnection.php(646): CodeIgniter\Database\BaseConnection->simpleQuery('SELECT COUNT(*) AS `numrows`
FROM (
SELECT DISTINCT *
FROM `courses` `c`
JOIN `enrollments` `e` ON `c`.`course_id` = `e`.`course_id`
WHERE `c`.`teacher_id` = \'21\'
AND `e`.`status` IN (\'enrolled\',\'active\')
) CI_count_all_results')
 4 SYSTEMPATH\Database\BaseBuilder.php(1733): CodeIgniter\Database\BaseConnection->query('SELECT COUNT(*) AS `numrows`
FROM (
SELECT DISTINCT *
FROM `courses` `c`
JOIN `enrollments` `e` ON `c`.`course_id` = `e`.`course_id`
WHERE `c`.`teacher_id` = :c.teacher_id:
AND `e`.`status` IN :e.status:
) CI_count_all_results', [...], false)
 5 APPPATH\Models\CourseModel.php(132): CodeIgniter\Database\BaseBuilder->countAllResults()
 6 APPPATH\Controllers\Teacher.php(56): App\Models\CourseModel->getTeacherStatistics('21')
 7 SYSTEMPATH\CodeIgniter.php(933): App\Controllers\Teacher->manageCourses()
 8 SYSTEMPATH\CodeIgniter.php(507): CodeIgniter\CodeIgniter->runController(Object(App\Controllers\Teacher))
 9 SYSTEMPATH\CodeIgniter.php(354): CodeIgniter\CodeIgniter->handleRequest(null, Object(Config\Cache), false)
10 SYSTEMPATH\Boot.php(363): CodeIgniter\CodeIgniter->run()
11 SYSTEMPATH\Boot.php(68): CodeIgniter\Boot::runCodeIgniter(Object(CodeIgniter\CodeIgniter))
12 FCPATH\index.php(59): CodeIgniter\Boot::bootWeb(Object(Config\Paths))
ERROR - 2025-11-30 16:59:32 --> mysqli_sql_exception: Duplicate column name 'course_id' in C:\xampp\htdocs\ITE311-VISAYAS\system\Database\MySQLi\Connection.php:327
Stack trace:
#0 C:\xampp\htdocs\ITE311-VISAYAS\system\Database\MySQLi\Connection.php(327): mysqli->query('SELECT COUNT(*)...', 0)
#1 C:\xampp\htdocs\ITE311-VISAYAS\system\Database\BaseConnection.php(729): CodeIgniter\Database\MySQLi\Connection->execute('SELECT COUNT(*)...')
#2 C:\xampp\htdocs\ITE311-VISAYAS\system\Database\BaseConnection.php(646): CodeIgniter\Database\BaseConnection->simpleQuery('SELECT COUNT(*)...')
#3 C:\xampp\htdocs\ITE311-VISAYAS\system\Database\BaseBuilder.php(1733): CodeIgniter\Database\BaseConnection->query('SELECT COUNT(*)...', Array, false)
#4 C:\xampp\htdocs\ITE311-VISAYAS\app\Models\CourseModel.php(132): CodeIgniter\Database\BaseBuilder->countAllResults()
#5 C:\xampp\htdocs\ITE311-VISAYAS\app\Controllers\Teacher.php(56): App\Models\CourseModel->getTeacherStatistics('21')
#6 C:\xampp\htdocs\ITE311-VISAYAS\system\CodeIgniter.php(933): App\Controllers\Teacher->manageCourses()
#7 C:\xampp\htdocs\ITE311-VISAYAS\system\CodeIgniter.php(507): CodeIgniter\CodeIgniter->runController(Object(App\Controllers\Teacher))
#8 C:\xampp\htdocs\ITE311-VISAYAS\system\CodeIgniter.php(354): CodeIgniter\CodeIgniter->handleRequest(NULL, Object(Config\Cache), false)
#9 C:\xampp\htdocs\ITE311-VISAYAS\system\Boot.php(363): CodeIgniter\CodeIgniter->run()
#10 C:\xampp\htdocs\ITE311-VISAYAS\system\Boot.php(68): CodeIgniter\Boot::runCodeIgniter(Object(CodeIgniter\CodeIgniter))
#11 C:\xampp\htdocs\ITE311-VISAYAS\index.php(59): CodeIgniter\Boot::bootWeb(Object(Config\Paths))
#12 {main}
CRITICAL - 2025-11-30 16:59:32 --> CodeIgniter\Database\Exceptions\DatabaseException: Duplicate column name 'course_id'
[Method: GET, Route: teacher/manage-courses]
in SYSTEMPATH\Database\BaseConnection.php on line 684.
 1 SYSTEMPATH\Database\BaseBuilder.php(1733): CodeIgniter\Database\BaseConnection->query('SELECT COUNT(*) AS `numrows`
FROM (
SELECT DISTINCT *
FROM `courses` `c`
JOIN `enrollments` `e` ON `c`.`course_id` = `e`.`course_id`
WHERE `c`.`teacher_id` = :c.teacher_id:
AND `e`.`status` IN :e.status:
) CI_count_all_results', [...], false)
 2 APPPATH\Models\CourseModel.php(132): CodeIgniter\Database\BaseBuilder->countAllResults()
 3 APPPATH\Controllers\Teacher.php(56): App\Models\CourseModel->getTeacherStatistics('21')
 4 SYSTEMPATH\CodeIgniter.php(933): App\Controllers\Teacher->manageCourses()
 5 SYSTEMPATH\CodeIgniter.php(507): CodeIgniter\CodeIgniter->runController(Object(App\Controllers\Teacher))
 6 SYSTEMPATH\CodeIgniter.php(354): CodeIgniter\CodeIgniter->handleRequest(null, Object(Config\Cache), false)
 7 SYSTEMPATH\Boot.php(363): CodeIgniter\CodeIgniter->run()
 8 SYSTEMPATH\Boot.php(68): CodeIgniter\Boot::runCodeIgniter(Object(CodeIgniter\CodeIgniter))
 9 FCPATH\index.php(59): CodeIgniter\Boot::bootWeb(Object(Config\Paths))
CRITICAL - 2025-11-30 16:59:32 --> [Caused by] CodeIgniter\Database\Exceptions\DatabaseException: Duplicate column name 'course_id'
in SYSTEMPATH\Database\MySQLi\Connection.php on line 332.
 1 SYSTEMPATH\Database\BaseConnection.php(729): CodeIgniter\Database\MySQLi\Connection->execute('SELECT COUNT(*) AS `numrows`
FROM (
SELECT DISTINCT *
FROM `courses` `c`
JOIN `enrollments` `e` ON `c`.`course_id` = `e`.`course_id`
WHERE `c`.`teacher_id` = \'21\'
AND `e`.`status` IN (\'enrolled\',\'active\')
) CI_count_all_results')
 2 SYSTEMPATH\Database\BaseConnection.php(646): CodeIgniter\Database\BaseConnection->simpleQuery('SELECT COUNT(*) AS `numrows`
FROM (
SELECT DISTINCT *
FROM `courses` `c`
JOIN `enrollments` `e` ON `c`.`course_id` = `e`.`course_id`
WHERE `c`.`teacher_id` = \'21\'
AND `e`.`status` IN (\'enrolled\',\'active\')
) CI_count_all_results')
 3 SYSTEMPATH\Database\BaseBuilder.php(1733): CodeIgniter\Database\BaseConnection->query('SELECT COUNT(*) AS `numrows`
FROM (
SELECT DISTINCT *
FROM `courses` `c`
JOIN `enrollments` `e` ON `c`.`course_id` = `e`.`course_id`
WHERE `c`.`teacher_id` = :c.teacher_id:
AND `e`.`status` IN :e.status:
) CI_count_all_results', [...], false)
 4 APPPATH\Models\CourseModel.php(132): CodeIgniter\Database\BaseBuilder->countAllResults()
 5 APPPATH\Controllers\Teacher.php(56): App\Models\CourseModel->getTeacherStatistics('21')
 6 SYSTEMPATH\CodeIgniter.php(933): App\Controllers\Teacher->manageCourses()
 7 SYSTEMPATH\CodeIgniter.php(507): CodeIgniter\CodeIgniter->runController(Object(App\Controllers\Teacher))
 8 SYSTEMPATH\CodeIgniter.php(354): CodeIgniter\CodeIgniter->handleRequest(null, Object(Config\Cache), false)
 9 SYSTEMPATH\Boot.php(363): CodeIgniter\CodeIgniter->run()
10 SYSTEMPATH\Boot.php(68): CodeIgniter\Boot::runCodeIgniter(Object(CodeIgniter\CodeIgniter))
11 FCPATH\index.php(59): CodeIgniter\Boot::bootWeb(Object(Config\Paths))
CRITICAL - 2025-11-30 16:59:32 --> [Caused by] mysqli_sql_exception: Duplicate column name 'course_id'
in SYSTEMPATH\Database\MySQLi\Connection.php on line 327.
 1 SYSTEMPATH\Database\MySQLi\Connection.php(327): mysqli->query('SELECT COUNT(*) AS `numrows`
FROM (
SELECT DISTINCT *
FROM `courses` `c`
JOIN `enrollments` `e` ON `c`.`course_id` = `e`.`course_id`
WHERE `c`.`teacher_id` = \'21\'
AND `e`.`status` IN (\'enrolled\',\'active\')
) CI_count_all_results', 0)
 2 SYSTEMPATH\Database\BaseConnection.php(729): CodeIgniter\Database\MySQLi\Connection->execute('SELECT COUNT(*) AS `numrows`
FROM (
SELECT DISTINCT *
FROM `courses` `c`
JOIN `enrollments` `e` ON `c`.`course_id` = `e`.`course_id`
WHERE `c`.`teacher_id` = \'21\'
AND `e`.`status` IN (\'enrolled\',\'active\')
) CI_count_all_results')
 3 SYSTEMPATH\Database\BaseConnection.php(646): CodeIgniter\Database\BaseConnection->simpleQuery('SELECT COUNT(*) AS `numrows`
FROM (
SELECT DISTINCT *
FROM `courses` `c`
JOIN `enrollments` `e` ON `c`.`course_id` = `e`.`course_id`
WHERE `c`.`teacher_id` = \'21\'
AND `e`.`status` IN (\'enrolled\',\'active\')
) CI_count_all_results')
 4 SYSTEMPATH\Database\BaseBuilder.php(1733): CodeIgniter\Database\BaseConnection->query('SELECT COUNT(*) AS `numrows`
FROM (
SELECT DISTINCT *
FROM `courses` `c`
JOIN `enrollments` `e` ON `c`.`course_id` = `e`.`course_id`
WHERE `c`.`teacher_id` = :c.teacher_id:
AND `e`.`status` IN :e.status:
) CI_count_all_results', [...], false)
 5 APPPATH\Models\CourseModel.php(132): CodeIgniter\Database\BaseBuilder->countAllResults()
 6 APPPATH\Controllers\Teacher.php(56): App\Models\CourseModel->getTeacherStatistics('21')
 7 SYSTEMPATH\CodeIgniter.php(933): App\Controllers\Teacher->manageCourses()
 8 SYSTEMPATH\CodeIgniter.php(507): CodeIgniter\CodeIgniter->runController(Object(App\Controllers\Teacher))
 9 SYSTEMPATH\CodeIgniter.php(354): CodeIgniter\CodeIgniter->handleRequest(null, Object(Config\Cache), false)
10 SYSTEMPATH\Boot.php(363): CodeIgniter\CodeIgniter->run()
11 SYSTEMPATH\Boot.php(68): CodeIgniter\Boot::runCodeIgniter(Object(CodeIgniter\CodeIgniter))
12 FCPATH\index.php(59): CodeIgniter\Boot::bootWeb(Object(Config\Paths))
DEBUG - 2025-11-30 16:59:43 --> Session: Class initialized using 'CodeIgniter\Session\Handlers\FileHandler' driver.
WARNING - 2025-11-30 16:59:43 --> [DEPRECATED] Creation of dynamic property App\Controllers\Teacher::$data is deprecated in APPPATH\Controllers\BaseController.php on line 74.
 1 APPPATH\Controllers\BaseController.php(59): App\Controllers\BaseController->loadNotificationData()
 2 SYSTEMPATH\CodeIgniter.php(904): App\Controllers\BaseController->initController(Object(CodeIgniter\HTTP\IncomingRequest), Object(CodeIgniter\HTTP\Response), Object(CodeIgniter\Log\Logger))
 3 SYSTEMPATH\CodeIgniter.php(498): CodeIgniter\CodeIgniter->createController()
 4 SYSTEMPATH\CodeIgniter.php(354): CodeIgniter\CodeIgniter->handleRequest(null, Object(Config\Cache), false)
 5 SYSTEMPATH\Boot.php(363): CodeIgniter\CodeIgniter->run()
 6 SYSTEMPATH\Boot.php(68): CodeIgniter\Boot::runCodeIgniter(Object(CodeIgniter\CodeIgniter))
 7 FCPATH\index.php(59): CodeIgniter\Boot::bootWeb(Object(Config\Paths))
ERROR - 2025-11-30 16:59:43 --> mysqli_sql_exception: Duplicate column name 'course_id' in C:\xampp\htdocs\ITE311-VISAYAS\system\Database\MySQLi\Connection.php:327
Stack trace:
#0 C:\xampp\htdocs\ITE311-VISAYAS\system\Database\MySQLi\Connection.php(327): mysqli->query('SELECT COUNT(*)...', 0)
#1 C:\xampp\htdocs\ITE311-VISAYAS\system\Database\BaseConnection.php(729): CodeIgniter\Database\MySQLi\Connection->execute('SELECT COUNT(*)...')
#2 C:\xampp\htdocs\ITE311-VISAYAS\system\Database\BaseConnection.php(646): CodeIgniter\Database\BaseConnection->simpleQuery('SELECT COUNT(*)...')
#3 C:\xampp\htdocs\ITE311-VISAYAS\system\Database\BaseBuilder.php(1733): CodeIgniter\Database\BaseConnection->query('SELECT COUNT(*)...', Array, false)
#4 C:\xampp\htdocs\ITE311-VISAYAS\app\Models\CourseModel.php(132): CodeIgniter\Database\BaseBuilder->countAllResults()
#5 C:\xampp\htdocs\ITE311-VISAYAS\app\Controllers\Teacher.php(56): App\Models\CourseModel->getTeacherStatistics('21')
#6 C:\xampp\htdocs\ITE311-VISAYAS\system\CodeIgniter.php(933): App\Controllers\Teacher->manageCourses()
#7 C:\xampp\htdocs\ITE311-VISAYAS\system\CodeIgniter.php(507): CodeIgniter\CodeIgniter->runController(Object(App\Controllers\Teacher))
#8 C:\xampp\htdocs\ITE311-VISAYAS\system\CodeIgniter.php(354): CodeIgniter\CodeIgniter->handleRequest(NULL, Object(Config\Cache), false)
#9 C:\xampp\htdocs\ITE311-VISAYAS\system\Boot.php(363): CodeIgniter\CodeIgniter->run()
#10 C:\xampp\htdocs\ITE311-VISAYAS\system\Boot.php(68): CodeIgniter\Boot::runCodeIgniter(Object(CodeIgniter\CodeIgniter))
#11 C:\xampp\htdocs\ITE311-VISAYAS\index.php(59): CodeIgniter\Boot::bootWeb(Object(Config\Paths))
#12 {main}
CRITICAL - 2025-11-30 16:59:43 --> CodeIgniter\Database\Exceptions\DatabaseException: Duplicate column name 'course_id'
[Method: GET, Route: teacher/manage-courses]
in SYSTEMPATH\Database\BaseConnection.php on line 684.
 1 SYSTEMPATH\Database\BaseBuilder.php(1733): CodeIgniter\Database\BaseConnection->query('SELECT COUNT(*) AS `numrows`
FROM (
SELECT DISTINCT *
FROM `courses` `c`
JOIN `enrollments` `e` ON `c`.`course_id` = `e`.`course_id`
WHERE `c`.`teacher_id` = :c.teacher_id:
AND `e`.`status` IN :e.status:
) CI_count_all_results', [...], false)
 2 APPPATH\Models\CourseModel.php(132): CodeIgniter\Database\BaseBuilder->countAllResults()
 3 APPPATH\Controllers\Teacher.php(56): App\Models\CourseModel->getTeacherStatistics('21')
 4 SYSTEMPATH\CodeIgniter.php(933): App\Controllers\Teacher->manageCourses()
 5 SYSTEMPATH\CodeIgniter.php(507): CodeIgniter\CodeIgniter->runController(Object(App\Controllers\Teacher))
 6 SYSTEMPATH\CodeIgniter.php(354): CodeIgniter\CodeIgniter->handleRequest(null, Object(Config\Cache), false)
 7 SYSTEMPATH\Boot.php(363): CodeIgniter\CodeIgniter->run()
 8 SYSTEMPATH\Boot.php(68): CodeIgniter\Boot::runCodeIgniter(Object(CodeIgniter\CodeIgniter))
 9 FCPATH\index.php(59): CodeIgniter\Boot::bootWeb(Object(Config\Paths))
CRITICAL - 2025-11-30 16:59:43 --> [Caused by] CodeIgniter\Database\Exceptions\DatabaseException: Duplicate column name 'course_id'
in SYSTEMPATH\Database\MySQLi\Connection.php on line 332.
 1 SYSTEMPATH\Database\BaseConnection.php(729): CodeIgniter\Database\MySQLi\Connection->execute('SELECT COUNT(*) AS `numrows`
FROM (
SELECT DISTINCT *
FROM `courses` `c`
JOIN `enrollments` `e` ON `c`.`course_id` = `e`.`course_id`
WHERE `c`.`teacher_id` = \'21\'
AND `e`.`status` IN (\'enrolled\',\'active\')
) CI_count_all_results')
 2 SYSTEMPATH\Database\BaseConnection.php(646): CodeIgniter\Database\BaseConnection->simpleQuery('SELECT COUNT(*) AS `numrows`
FROM (
SELECT DISTINCT *
FROM `courses` `c`
JOIN `enrollments` `e` ON `c`.`course_id` = `e`.`course_id`
WHERE `c`.`teacher_id` = \'21\'
AND `e`.`status` IN (\'enrolled\',\'active\')
) CI_count_all_results')
 3 SYSTEMPATH\Database\BaseBuilder.php(1733): CodeIgniter\Database\BaseConnection->query('SELECT COUNT(*) AS `numrows`
FROM (
SELECT DISTINCT *
FROM `courses` `c`
JOIN `enrollments` `e` ON `c`.`course_id` = `e`.`course_id`
WHERE `c`.`teacher_id` = :c.teacher_id:
AND `e`.`status` IN :e.status:
) CI_count_all_results', [...], false)
 4 APPPATH\Models\CourseModel.php(132): CodeIgniter\Database\BaseBuilder->countAllResults()
 5 APPPATH\Controllers\Teacher.php(56): App\Models\CourseModel->getTeacherStatistics('21')
 6 SYSTEMPATH\CodeIgniter.php(933): App\Controllers\Teacher->manageCourses()
 7 SYSTEMPATH\CodeIgniter.php(507): CodeIgniter\CodeIgniter->runController(Object(App\Controllers\Teacher))
 8 SYSTEMPATH\CodeIgniter.php(354): CodeIgniter\CodeIgniter->handleRequest(null, Object(Config\Cache), false)
 9 SYSTEMPATH\Boot.php(363): CodeIgniter\CodeIgniter->run()
10 SYSTEMPATH\Boot.php(68): CodeIgniter\Boot::runCodeIgniter(Object(CodeIgniter\CodeIgniter))
11 FCPATH\index.php(59): CodeIgniter\Boot::bootWeb(Object(Config\Paths))
CRITICAL - 2025-11-30 16:59:43 --> [Caused by] mysqli_sql_exception: Duplicate column name 'course_id'
in SYSTEMPATH\Database\MySQLi\Connection.php on line 327.
 1 SYSTEMPATH\Database\MySQLi\Connection.php(327): mysqli->query('SELECT COUNT(*) AS `numrows`
FROM (
SELECT DISTINCT *
FROM `courses` `c`
JOIN `enrollments` `e` ON `c`.`course_id` = `e`.`course_id`
WHERE `c`.`teacher_id` = \'21\'
AND `e`.`status` IN (\'enrolled\',\'active\')
) CI_count_all_results', 0)
 2 SYSTEMPATH\Database\BaseConnection.php(729): CodeIgniter\Database\MySQLi\Connection->execute('SELECT COUNT(*) AS `numrows`
FROM (
SELECT DISTINCT *
FROM `courses` `c`
JOIN `enrollments` `e` ON `c`.`course_id` = `e`.`course_id`
WHERE `c`.`teacher_id` = \'21\'
AND `e`.`status` IN (\'enrolled\',\'active\')
) CI_count_all_results')
 3 SYSTEMPATH\Database\BaseConnection.php(646): CodeIgniter\Database\BaseConnection->simpleQuery('SELECT COUNT(*) AS `numrows`
FROM (
SELECT DISTINCT *
FROM `courses` `c`
JOIN `enrollments` `e` ON `c`.`course_id` = `e`.`course_id`
WHERE `c`.`teacher_id` = \'21\'
AND `e`.`status` IN (\'enrolled\',\'active\')
) CI_count_all_results')
 4 SYSTEMPATH\Database\BaseBuilder.php(1733): CodeIgniter\Database\BaseConnection->query('SELECT COUNT(*) AS `numrows`
FROM (
SELECT DISTINCT *
FROM `courses` `c`
JOIN `enrollments` `e` ON `c`.`course_id` = `e`.`course_id`
WHERE `c`.`teacher_id` = :c.teacher_id:
AND `e`.`status` IN :e.status:
) CI_count_all_results', [...], false)
 5 APPPATH\Models\CourseModel.php(132): CodeIgniter\Database\BaseBuilder->countAllResults()
 6 APPPATH\Controllers\Teacher.php(56): App\Models\CourseModel->getTeacherStatistics('21')
 7 SYSTEMPATH\CodeIgniter.php(933): App\Controllers\Teacher->manageCourses()
 8 SYSTEMPATH\CodeIgniter.php(507): CodeIgniter\CodeIgniter->runController(Object(App\Controllers\Teacher))
 9 SYSTEMPATH\CodeIgniter.php(354): CodeIgniter\CodeIgniter->handleRequest(null, Object(Config\Cache), false)
10 SYSTEMPATH\Boot.php(363): CodeIgniter\CodeIgniter->run()
11 SYSTEMPATH\Boot.php(68): CodeIgniter\Boot::runCodeIgniter(Object(CodeIgniter\CodeIgniter))
12 FCPATH\index.php(59): CodeIgniter\Boot::bootWeb(Object(Config\Paths))
DEBUG - 2025-11-30 16:59:54 --> Session: Class initialized using 'CodeIgniter\Session\Handlers\FileHandler' driver.
WARNING - 2025-11-30 16:59:54 --> [DEPRECATED] Creation of dynamic property App\Controllers\Notifications::$data is deprecated in APPPATH\Controllers\BaseController.php on line 76.
 1 APPPATH\Controllers\BaseController.php(59): App\Controllers\BaseController->loadNotificationData()
 2 SYSTEMPATH\CodeIgniter.php(904): App\Controllers\BaseController->initController(Object(CodeIgniter\HTTP\IncomingRequest), Object(CodeIgniter\HTTP\Response), Object(CodeIgniter\Log\Logger))
 3 SYSTEMPATH\CodeIgniter.php(498): CodeIgniter\CodeIgniter->createController()
 4 SYSTEMPATH\CodeIgniter.php(354): CodeIgniter\CodeIgniter->handleRequest(null, Object(Config\Cache), false)
 5 SYSTEMPATH\Boot.php(363): CodeIgniter\CodeIgniter->run()
 6 SYSTEMPATH\Boot.php(68): CodeIgniter\Boot::runCodeIgniter(Object(CodeIgniter\CodeIgniter))
 7 FCPATH\index.php(59): CodeIgniter\Boot::bootWeb(Object(Config\Paths))
DEBUG - 2025-11-30 16:59:54 --> Session: Class initialized using 'CodeIgniter\Session\Handlers\FileHandler' driver.
WARNING - 2025-11-30 16:59:54 --> [DEPRECATED] Creation of dynamic property App\Controllers\Notifications::$data is deprecated in APPPATH\Controllers\BaseController.php on line 74.
 1 APPPATH\Controllers\BaseController.php(59): App\Controllers\BaseController->loadNotificationData()
 2 SYSTEMPATH\CodeIgniter.php(904): App\Controllers\BaseController->initController(Object(CodeIgniter\HTTP\IncomingRequest), Object(CodeIgniter\HTTP\Response), Object(CodeIgniter\Log\Logger))
 3 SYSTEMPATH\CodeIgniter.php(498): CodeIgniter\CodeIgniter->createController()
 4 SYSTEMPATH\CodeIgniter.php(354): CodeIgniter\CodeIgniter->handleRequest(null, Object(Config\Cache), false)
 5 SYSTEMPATH\Boot.php(363): CodeIgniter\CodeIgniter->run()
 6 SYSTEMPATH\Boot.php(68): CodeIgniter\Boot::runCodeIgniter(Object(CodeIgniter\CodeIgniter))
 7 FCPATH\index.php(59): CodeIgniter\Boot::bootWeb(Object(Config\Paths))
DEBUG - 2025-11-30 17:00:54 --> Session: Class initialized using 'CodeIgniter\Session\Handlers\FileHandler' driver.
WARNING - 2025-11-30 17:00:54 --> [DEPRECATED] Creation of dynamic property App\Controllers\Notifications::$data is deprecated in APPPATH\Controllers\BaseController.php on line 76.
 1 APPPATH\Controllers\BaseController.php(59): App\Controllers\BaseController->loadNotificationData()
 2 SYSTEMPATH\CodeIgniter.php(904): App\Controllers\BaseController->initController(Object(CodeIgniter\HTTP\IncomingRequest), Object(CodeIgniter\HTTP\Response), Object(CodeIgniter\Log\Logger))
 3 SYSTEMPATH\CodeIgniter.php(498): CodeIgniter\CodeIgniter->createController()
 4 SYSTEMPATH\CodeIgniter.php(354): CodeIgniter\CodeIgniter->handleRequest(null, Object(Config\Cache), false)
 5 SYSTEMPATH\Boot.php(363): CodeIgniter\CodeIgniter->run()
 6 SYSTEMPATH\Boot.php(68): CodeIgniter\Boot::runCodeIgniter(Object(CodeIgniter\CodeIgniter))
 7 FCPATH\index.php(59): CodeIgniter\Boot::bootWeb(Object(Config\Paths))
DEBUG - 2025-11-30 17:00:54 --> Session: Class initialized using 'CodeIgniter\Session\Handlers\FileHandler' driver.
WARNING - 2025-11-30 17:00:54 --> [DEPRECATED] Creation of dynamic property App\Controllers\Notifications::$data is deprecated in APPPATH\Controllers\BaseController.php on line 74.
 1 APPPATH\Controllers\BaseController.php(59): App\Controllers\BaseController->loadNotificationData()
 2 SYSTEMPATH\CodeIgniter.php(904): App\Controllers\BaseController->initController(Object(CodeIgniter\HTTP\IncomingRequest), Object(CodeIgniter\HTTP\Response), Object(CodeIgniter\Log\Logger))
 3 SYSTEMPATH\CodeIgniter.php(498): CodeIgniter\CodeIgniter->createController()
 4 SYSTEMPATH\CodeIgniter.php(354): CodeIgniter\CodeIgniter->handleRequest(null, Object(Config\Cache), false)
 5 SYSTEMPATH\Boot.php(363): CodeIgniter\CodeIgniter->run()
 6 SYSTEMPATH\Boot.php(68): CodeIgniter\Boot::runCodeIgniter(Object(CodeIgniter\CodeIgniter))
 7 FCPATH\index.php(59): CodeIgniter\Boot::bootWeb(Object(Config\Paths))
DEBUG - 2025-11-30 17:01:54 --> Session: Class initialized using 'CodeIgniter\Session\Handlers\FileHandler' driver.
WARNING - 2025-11-30 17:01:54 --> [DEPRECATED] Creation of dynamic property App\Controllers\Notifications::$data is deprecated in APPPATH\Controllers\BaseController.php on line 76.
 1 APPPATH\Controllers\BaseController.php(59): App\Controllers\BaseController->loadNotificationData()
 2 SYSTEMPATH\CodeIgniter.php(904): App\Controllers\BaseController->initController(Object(CodeIgniter\HTTP\IncomingRequest), Object(CodeIgniter\HTTP\Response), Object(CodeIgniter\Log\Logger))
 3 SYSTEMPATH\CodeIgniter.php(498): CodeIgniter\CodeIgniter->createController()
 4 SYSTEMPATH\CodeIgniter.php(354): CodeIgniter\CodeIgniter->handleRequest(null, Object(Config\Cache), false)
 5 SYSTEMPATH\Boot.php(363): CodeIgniter\CodeIgniter->run()
 6 SYSTEMPATH\Boot.php(68): CodeIgniter\Boot::runCodeIgniter(Object(CodeIgniter\CodeIgniter))
 7 FCPATH\index.php(59): CodeIgniter\Boot::bootWeb(Object(Config\Paths))
DEBUG - 2025-11-30 17:01:54 --> Session: Class initialized using 'CodeIgniter\Session\Handlers\FileHandler' driver.
WARNING - 2025-11-30 17:01:54 --> [DEPRECATED] Creation of dynamic property App\Controllers\Notifications::$data is deprecated in APPPATH\Controllers\BaseController.php on line 74.
 1 APPPATH\Controllers\BaseController.php(59): App\Controllers\BaseController->loadNotificationData()
 2 SYSTEMPATH\CodeIgniter.php(904): App\Controllers\BaseController->initController(Object(CodeIgniter\HTTP\IncomingRequest), Object(CodeIgniter\HTTP\Response), Object(CodeIgniter\Log\Logger))
 3 SYSTEMPATH\CodeIgniter.php(498): CodeIgniter\CodeIgniter->createController()
 4 SYSTEMPATH\CodeIgniter.php(354): CodeIgniter\CodeIgniter->handleRequest(null, Object(Config\Cache), false)
 5 SYSTEMPATH\Boot.php(363): CodeIgniter\CodeIgniter->run()
 6 SYSTEMPATH\Boot.php(68): CodeIgniter\Boot::runCodeIgniter(Object(CodeIgniter\CodeIgniter))
 7 FCPATH\index.php(59): CodeIgniter\Boot::bootWeb(Object(Config\Paths))
DEBUG - 2025-11-30 17:02:54 --> Session: Class initialized using 'CodeIgniter\Session\Handlers\FileHandler' driver.
DEBUG - 2025-11-30 17:02:54 --> Session: Class initialized using 'CodeIgniter\Session\Handlers\FileHandler' driver.
WARNING - 2025-11-30 17:02:54 --> [DEPRECATED] Creation of dynamic property App\Controllers\Notifications::$data is deprecated in APPPATH\Controllers\BaseController.php on line 76.
 1 APPPATH\Controllers\BaseController.php(59): App\Controllers\BaseController->loadNotificationData()
 2 SYSTEMPATH\CodeIgniter.php(904): App\Controllers\BaseController->initController(Object(CodeIgniter\HTTP\IncomingRequest), Object(CodeIgniter\HTTP\Response), Object(CodeIgniter\Log\Logger))
 3 SYSTEMPATH\CodeIgniter.php(498): CodeIgniter\CodeIgniter->createController()
 4 SYSTEMPATH\CodeIgniter.php(354): CodeIgniter\CodeIgniter->handleRequest(null, Object(Config\Cache), false)
 5 SYSTEMPATH\Boot.php(363): CodeIgniter\CodeIgniter->run()
 6 SYSTEMPATH\Boot.php(68): CodeIgniter\Boot::runCodeIgniter(Object(CodeIgniter\CodeIgniter))
 7 FCPATH\index.php(59): CodeIgniter\Boot::bootWeb(Object(Config\Paths))
WARNING - 2025-11-30 17:02:54 --> [DEPRECATED] Creation of dynamic property App\Controllers\Notifications::$data is deprecated in APPPATH\Controllers\BaseController.php on line 74.
 1 APPPATH\Controllers\BaseController.php(59): App\Controllers\BaseController->loadNotificationData()
 2 SYSTEMPATH\CodeIgniter.php(904): App\Controllers\BaseController->initController(Object(CodeIgniter\HTTP\IncomingRequest), Object(CodeIgniter\HTTP\Response), Object(CodeIgniter\Log\Logger))
 3 SYSTEMPATH\CodeIgniter.php(498): CodeIgniter\CodeIgniter->createController()
 4 SYSTEMPATH\CodeIgniter.php(354): CodeIgniter\CodeIgniter->handleRequest(null, Object(Config\Cache), false)
 5 SYSTEMPATH\Boot.php(363): CodeIgniter\CodeIgniter->run()
 6 SYSTEMPATH\Boot.php(68): CodeIgniter\Boot::runCodeIgniter(Object(CodeIgniter\CodeIgniter))
 7 FCPATH\index.php(59): CodeIgniter\Boot::bootWeb(Object(Config\Paths))
DEBUG - 2025-11-30 17:03:54 --> Session: Class initialized using 'CodeIgniter\Session\Handlers\FileHandler' driver.
DEBUG - 2025-11-30 17:03:54 --> Session: Class initialized using 'CodeIgniter\Session\Handlers\FileHandler' driver.
WARNING - 2025-11-30 17:03:54 --> [DEPRECATED] Creation of dynamic property App\Controllers\Notifications::$data is deprecated in APPPATH\Controllers\BaseController.php on line 76.
 1 APPPATH\Controllers\BaseController.php(59): App\Controllers\BaseController->loadNotificationData()
 2 SYSTEMPATH\CodeIgniter.php(904): App\Controllers\BaseController->initController(Object(CodeIgniter\HTTP\IncomingRequest), Object(CodeIgniter\HTTP\Response), Object(CodeIgniter\Log\Logger))
 3 SYSTEMPATH\CodeIgniter.php(498): CodeIgniter\CodeIgniter->createController()
 4 SYSTEMPATH\CodeIgniter.php(354): CodeIgniter\CodeIgniter->handleRequest(null, Object(Config\Cache), false)
 5 SYSTEMPATH\Boot.php(363): CodeIgniter\CodeIgniter->run()
 6 SYSTEMPATH\Boot.php(68): CodeIgniter\Boot::runCodeIgniter(Object(CodeIgniter\CodeIgniter))
 7 FCPATH\index.php(59): CodeIgniter\Boot::bootWeb(Object(Config\Paths))
WARNING - 2025-11-30 17:03:54 --> [DEPRECATED] Creation of dynamic property App\Controllers\Notifications::$data is deprecated in APPPATH\Controllers\BaseController.php on line 74.
 1 APPPATH\Controllers\BaseController.php(59): App\Controllers\BaseController->loadNotificationData()
 2 SYSTEMPATH\CodeIgniter.php(904): App\Controllers\BaseController->initController(Object(CodeIgniter\HTTP\IncomingRequest), Object(CodeIgniter\HTTP\Response), Object(CodeIgniter\Log\Logger))
 3 SYSTEMPATH\CodeIgniter.php(498): CodeIgniter\CodeIgniter->createController()
 4 SYSTEMPATH\CodeIgniter.php(354): CodeIgniter\CodeIgniter->handleRequest(null, Object(Config\Cache), false)
 5 SYSTEMPATH\Boot.php(363): CodeIgniter\CodeIgniter->run()
 6 SYSTEMPATH\Boot.php(68): CodeIgniter\Boot::runCodeIgniter(Object(CodeIgniter\CodeIgniter))
 7 FCPATH\index.php(59): CodeIgniter\Boot::bootWeb(Object(Config\Paths))
DEBUG - 2025-11-30 17:04:16 --> Session: Class initialized using 'CodeIgniter\Session\Handlers\FileHandler' driver.
WARNING - 2025-11-30 17:04:16 --> [DEPRECATED] Creation of dynamic property App\Controllers\Teacher::$data is deprecated in APPPATH\Controllers\BaseController.php on line 74.
 1 APPPATH\Controllers\BaseController.php(59): App\Controllers\BaseController->loadNotificationData()
 2 SYSTEMPATH\CodeIgniter.php(904): App\Controllers\BaseController->initController(Object(CodeIgniter\HTTP\IncomingRequest), Object(CodeIgniter\HTTP\Response), Object(CodeIgniter\Log\Logger))
 3 SYSTEMPATH\CodeIgniter.php(498): CodeIgniter\CodeIgniter->createController()
 4 SYSTEMPATH\CodeIgniter.php(354): CodeIgniter\CodeIgniter->handleRequest(null, Object(Config\Cache), false)
 5 SYSTEMPATH\Boot.php(363): CodeIgniter\CodeIgniter->run()
 6 SYSTEMPATH\Boot.php(68): CodeIgniter\Boot::runCodeIgniter(Object(CodeIgniter\CodeIgniter))
 7 FCPATH\index.php(59): CodeIgniter\Boot::bootWeb(Object(Config\Paths))
ERROR - 2025-11-30 17:04:16 --> mysqli_sql_exception: Duplicate column name 'course_id' in C:\xampp\htdocs\ITE311-VISAYAS\system\Database\MySQLi\Connection.php:327
Stack trace:
#0 C:\xampp\htdocs\ITE311-VISAYAS\system\Database\MySQLi\Connection.php(327): mysqli->query('SELECT COUNT(*)...', 0)
#1 C:\xampp\htdocs\ITE311-VISAYAS\system\Database\BaseConnection.php(729): CodeIgniter\Database\MySQLi\Connection->execute('SELECT COUNT(*)...')
#2 C:\xampp\htdocs\ITE311-VISAYAS\system\Database\BaseConnection.php(646): CodeIgniter\Database\BaseConnection->simpleQuery('SELECT COUNT(*)...')
#3 C:\xampp\htdocs\ITE311-VISAYAS\system\Database\BaseBuilder.php(1733): CodeIgniter\Database\BaseConnection->query('SELECT COUNT(*)...', Array, false)
#4 C:\xampp\htdocs\ITE311-VISAYAS\app\Models\CourseModel.php(132): CodeIgniter\Database\BaseBuilder->countAllResults()
#5 C:\xampp\htdocs\ITE311-VISAYAS\app\Controllers\Teacher.php(56): App\Models\CourseModel->getTeacherStatistics('21')
#6 C:\xampp\htdocs\ITE311-VISAYAS\system\CodeIgniter.php(933): App\Controllers\Teacher->manageCourses()
#7 C:\xampp\htdocs\ITE311-VISAYAS\system\CodeIgniter.php(507): CodeIgniter\CodeIgniter->runController(Object(App\Controllers\Teacher))
#8 C:\xampp\htdocs\ITE311-VISAYAS\system\CodeIgniter.php(354): CodeIgniter\CodeIgniter->handleRequest(NULL, Object(Config\Cache), false)
#9 C:\xampp\htdocs\ITE311-VISAYAS\system\Boot.php(363): CodeIgniter\CodeIgniter->run()
#10 C:\xampp\htdocs\ITE311-VISAYAS\system\Boot.php(68): CodeIgniter\Boot::runCodeIgniter(Object(CodeIgniter\CodeIgniter))
#11 C:\xampp\htdocs\ITE311-VISAYAS\index.php(59): CodeIgniter\Boot::bootWeb(Object(Config\Paths))
#12 {main}
CRITICAL - 2025-11-30 17:04:16 --> CodeIgniter\Database\Exceptions\DatabaseException: Duplicate column name 'course_id'
[Method: GET, Route: teacher/manage-courses]
in SYSTEMPATH\Database\BaseConnection.php on line 684.
 1 SYSTEMPATH\Database\BaseBuilder.php(1733): CodeIgniter\Database\BaseConnection->query('SELECT COUNT(*) AS `numrows`
FROM (
SELECT DISTINCT *
FROM `courses` `c`
JOIN `enrollments` `e` ON `c`.`course_id` = `e`.`course_id`
WHERE `c`.`teacher_id` = :c.teacher_id:
AND `e`.`status` IN :e.status:
) CI_count_all_results', [...], false)
 2 APPPATH\Models\CourseModel.php(132): CodeIgniter\Database\BaseBuilder->countAllResults()
 3 APPPATH\Controllers\Teacher.php(56): App\Models\CourseModel->getTeacherStatistics('21')
 4 SYSTEMPATH\CodeIgniter.php(933): App\Controllers\Teacher->manageCourses()
 5 SYSTEMPATH\CodeIgniter.php(507): CodeIgniter\CodeIgniter->runController(Object(App\Controllers\Teacher))
 6 SYSTEMPATH\CodeIgniter.php(354): CodeIgniter\CodeIgniter->handleRequest(null, Object(Config\Cache), false)
 7 SYSTEMPATH\Boot.php(363): CodeIgniter\CodeIgniter->run()
 8 SYSTEMPATH\Boot.php(68): CodeIgniter\Boot::runCodeIgniter(Object(CodeIgniter\CodeIgniter))
 9 FCPATH\index.php(59): CodeIgniter\Boot::bootWeb(Object(Config\Paths))
CRITICAL - 2025-11-30 17:04:16 --> [Caused by] CodeIgniter\Database\Exceptions\DatabaseException: Duplicate column name 'course_id'
in SYSTEMPATH\Database\MySQLi\Connection.php on line 332.
 1 SYSTEMPATH\Database\BaseConnection.php(729): CodeIgniter\Database\MySQLi\Connection->execute('SELECT COUNT(*) AS `numrows`
FROM (
SELECT DISTINCT *
FROM `courses` `c`
JOIN `enrollments` `e` ON `c`.`course_id` = `e`.`course_id`
WHERE `c`.`teacher_id` = \'21\'
AND `e`.`status` IN (\'enrolled\',\'active\')
) CI_count_all_results')
 2 SYSTEMPATH\Database\BaseConnection.php(646): CodeIgniter\Database\BaseConnection->simpleQuery('SELECT COUNT(*) AS `numrows`
FROM (
SELECT DISTINCT *
FROM `courses` `c`
JOIN `enrollments` `e` ON `c`.`course_id` = `e`.`course_id`
WHERE `c`.`teacher_id` = \'21\'
AND `e`.`status` IN (\'enrolled\',\'active\')
) CI_count_all_results')
 3 SYSTEMPATH\Database\BaseBuilder.php(1733): CodeIgniter\Database\BaseConnection->query('SELECT COUNT(*) AS `numrows`
FROM (
SELECT DISTINCT *
FROM `courses` `c`
JOIN `enrollments` `e` ON `c`.`course_id` = `e`.`course_id`
WHERE `c`.`teacher_id` = :c.teacher_id:
AND `e`.`status` IN :e.status:
) CI_count_all_results', [...], false)
 4 APPPATH\Models\CourseModel.php(132): CodeIgniter\Database\BaseBuilder->countAllResults()
 5 APPPATH\Controllers\Teacher.php(56): App\Models\CourseModel->getTeacherStatistics('21')
 6 SYSTEMPATH\CodeIgniter.php(933): App\Controllers\Teacher->manageCourses()
 7 SYSTEMPATH\CodeIgniter.php(507): CodeIgniter\CodeIgniter->runController(Object(App\Controllers\Teacher))
 8 SYSTEMPATH\CodeIgniter.php(354): CodeIgniter\CodeIgniter->handleRequest(null, Object(Config\Cache), false)
 9 SYSTEMPATH\Boot.php(363): CodeIgniter\CodeIgniter->run()
10 SYSTEMPATH\Boot.php(68): CodeIgniter\Boot::runCodeIgniter(Object(CodeIgniter\CodeIgniter))
11 FCPATH\index.php(59): CodeIgniter\Boot::bootWeb(Object(Config\Paths))
CRITICAL - 2025-11-30 17:04:16 --> [Caused by] mysqli_sql_exception: Duplicate column name 'course_id'
in SYSTEMPATH\Database\MySQLi\Connection.php on line 327.
 1 SYSTEMPATH\Database\MySQLi\Connection.php(327): mysqli->query('SELECT COUNT(*) AS `numrows`
FROM (
SELECT DISTINCT *
FROM `courses` `c`
JOIN `enrollments` `e` ON `c`.`course_id` = `e`.`course_id`
WHERE `c`.`teacher_id` = \'21\'
AND `e`.`status` IN (\'enrolled\',\'active\')
) CI_count_all_results', 0)
 2 SYSTEMPATH\Database\BaseConnection.php(729): CodeIgniter\Database\MySQLi\Connection->execute('SELECT COUNT(*) AS `numrows`
FROM (
SELECT DISTINCT *
FROM `courses` `c`
JOIN `enrollments` `e` ON `c`.`course_id` = `e`.`course_id`
WHERE `c`.`teacher_id` = \'21\'
AND `e`.`status` IN (\'enrolled\',\'active\')
) CI_count_all_results')
 3 SYSTEMPATH\Database\BaseConnection.php(646): CodeIgniter\Database\BaseConnection->simpleQuery('SELECT COUNT(*) AS `numrows`
FROM (
SELECT DISTINCT *
FROM `courses` `c`
JOIN `enrollments` `e` ON `c`.`course_id` = `e`.`course_id`
WHERE `c`.`teacher_id` = \'21\'
AND `e`.`status` IN (\'enrolled\',\'active\')
) CI_count_all_results')
 4 SYSTEMPATH\Database\BaseBuilder.php(1733): CodeIgniter\Database\BaseConnection->query('SELECT COUNT(*) AS `numrows`
FROM (
SELECT DISTINCT *
FROM `courses` `c`
JOIN `enrollments` `e` ON `c`.`course_id` = `e`.`course_id`
WHERE `c`.`teacher_id` = :c.teacher_id:
AND `e`.`status` IN :e.status:
) CI_count_all_results', [...], false)
 5 APPPATH\Models\CourseModel.php(132): CodeIgniter\Database\BaseBuilder->countAllResults()
 6 APPPATH\Controllers\Teacher.php(56): App\Models\CourseModel->getTeacherStatistics('21')
 7 SYSTEMPATH\CodeIgniter.php(933): App\Controllers\Teacher->manageCourses()
 8 SYSTEMPATH\CodeIgniter.php(507): CodeIgniter\CodeIgniter->runController(Object(App\Controllers\Teacher))
 9 SYSTEMPATH\CodeIgniter.php(354): CodeIgniter\CodeIgniter->handleRequest(null, Object(Config\Cache), false)
10 SYSTEMPATH\Boot.php(363): CodeIgniter\CodeIgniter->run()
11 SYSTEMPATH\Boot.php(68): CodeIgniter\Boot::runCodeIgniter(Object(CodeIgniter\CodeIgniter))
12 FCPATH\index.php(59): CodeIgniter\Boot::bootWeb(Object(Config\Paths))
DEBUG - 2025-11-30 17:04:54 --> Session: Class initialized using 'CodeIgniter\Session\Handlers\FileHandler' driver.
WARNING - 2025-11-30 17:04:54 --> [DEPRECATED] Creation of dynamic property App\Controllers\Notifications::$data is deprecated in APPPATH\Controllers\BaseController.php on line 74.
 1 APPPATH\Controllers\BaseController.php(59): App\Controllers\BaseController->loadNotificationData()
 2 SYSTEMPATH\CodeIgniter.php(904): App\Controllers\BaseController->initController(Object(CodeIgniter\HTTP\IncomingRequest), Object(CodeIgniter\HTTP\Response), Object(CodeIgniter\Log\Logger))
 3 SYSTEMPATH\CodeIgniter.php(498): CodeIgniter\CodeIgniter->createController()
 4 SYSTEMPATH\CodeIgniter.php(354): CodeIgniter\CodeIgniter->handleRequest(null, Object(Config\Cache), false)
 5 SYSTEMPATH\Boot.php(363): CodeIgniter\CodeIgniter->run()
 6 SYSTEMPATH\Boot.php(68): CodeIgniter\Boot::runCodeIgniter(Object(CodeIgniter\CodeIgniter))
 7 FCPATH\index.php(59): CodeIgniter\Boot::bootWeb(Object(Config\Paths))
DEBUG - 2025-11-30 17:04:54 --> Session: Class initialized using 'CodeIgniter\Session\Handlers\FileHandler' driver.
WARNING - 2025-11-30 17:04:54 --> [DEPRECATED] Creation of dynamic property App\Controllers\Notifications::$data is deprecated in APPPATH\Controllers\BaseController.php on line 76.
 1 APPPATH\Controllers\BaseController.php(59): App\Controllers\BaseController->loadNotificationData()
 2 SYSTEMPATH\CodeIgniter.php(904): App\Controllers\BaseController->initController(Object(CodeIgniter\HTTP\IncomingRequest), Object(CodeIgniter\HTTP\Response), Object(CodeIgniter\Log\Logger))
 3 SYSTEMPATH\CodeIgniter.php(498): CodeIgniter\CodeIgniter->createController()
 4 SYSTEMPATH\CodeIgniter.php(354): CodeIgniter\CodeIgniter->handleRequest(null, Object(Config\Cache), false)
 5 SYSTEMPATH\Boot.php(363): CodeIgniter\CodeIgniter->run()
 6 SYSTEMPATH\Boot.php(68): CodeIgniter\Boot::runCodeIgniter(Object(CodeIgniter\CodeIgniter))
 7 FCPATH\index.php(59): CodeIgniter\Boot::bootWeb(Object(Config\Paths))
DEBUG - 2025-11-30 17:05:54 --> Session: Class initialized using 'CodeIgniter\Session\Handlers\FileHandler' driver.
DEBUG - 2025-11-30 17:05:54 --> Session: Class initialized using 'CodeIgniter\Session\Handlers\FileHandler' driver.
WARNING - 2025-11-30 17:05:54 --> [DEPRECATED] Creation of dynamic property App\Controllers\Notifications::$data is deprecated in APPPATH\Controllers\BaseController.php on line 76.
 1 APPPATH\Controllers\BaseController.php(59): App\Controllers\BaseController->loadNotificationData()
 2 SYSTEMPATH\CodeIgniter.php(904): App\Controllers\BaseController->initController(Object(CodeIgniter\HTTP\IncomingRequest), Object(CodeIgniter\HTTP\Response), Object(CodeIgniter\Log\Logger))
 3 SYSTEMPATH\CodeIgniter.php(498): CodeIgniter\CodeIgniter->createController()
 4 SYSTEMPATH\CodeIgniter.php(354): CodeIgniter\CodeIgniter->handleRequest(null, Object(Config\Cache), false)
 5 SYSTEMPATH\Boot.php(363): CodeIgniter\CodeIgniter->run()
 6 SYSTEMPATH\Boot.php(68): CodeIgniter\Boot::runCodeIgniter(Object(CodeIgniter\CodeIgniter))
 7 FCPATH\index.php(59): CodeIgniter\Boot::bootWeb(Object(Config\Paths))
WARNING - 2025-11-30 17:05:54 --> [DEPRECATED] Creation of dynamic property App\Controllers\Notifications::$data is deprecated in APPPATH\Controllers\BaseController.php on line 74.
 1 APPPATH\Controllers\BaseController.php(59): App\Controllers\BaseController->loadNotificationData()
 2 SYSTEMPATH\CodeIgniter.php(904): App\Controllers\BaseController->initController(Object(CodeIgniter\HTTP\IncomingRequest), Object(CodeIgniter\HTTP\Response), Object(CodeIgniter\Log\Logger))
 3 SYSTEMPATH\CodeIgniter.php(498): CodeIgniter\CodeIgniter->createController()
 4 SYSTEMPATH\CodeIgniter.php(354): CodeIgniter\CodeIgniter->handleRequest(null, Object(Config\Cache), false)
 5 SYSTEMPATH\Boot.php(363): CodeIgniter\CodeIgniter->run()
 6 SYSTEMPATH\Boot.php(68): CodeIgniter\Boot::runCodeIgniter(Object(CodeIgniter\CodeIgniter))
 7 FCPATH\index.php(59): CodeIgniter\Boot::bootWeb(Object(Config\Paths))
DEBUG - 2025-11-30 17:06:37 --> Session: Class initialized using 'CodeIgniter\Session\Handlers\FileHandler' driver.
WARNING - 2025-11-30 17:06:38 --> [DEPRECATED] Creation of dynamic property App\Controllers\Teacher::$data is deprecated in APPPATH\Controllers\BaseController.php on line 74.
 1 APPPATH\Controllers\BaseController.php(59): App\Controllers\BaseController->loadNotificationData()
 2 SYSTEMPATH\CodeIgniter.php(904): App\Controllers\BaseController->initController(Object(CodeIgniter\HTTP\IncomingRequest), Object(CodeIgniter\HTTP\Response), Object(CodeIgniter\Log\Logger))
 3 SYSTEMPATH\CodeIgniter.php(498): CodeIgniter\CodeIgniter->createController()
 4 SYSTEMPATH\CodeIgniter.php(354): CodeIgniter\CodeIgniter->handleRequest(null, Object(Config\Cache), false)
 5 SYSTEMPATH\Boot.php(363): CodeIgniter\CodeIgniter->run()
 6 SYSTEMPATH\Boot.php(68): CodeIgniter\Boot::runCodeIgniter(Object(CodeIgniter\CodeIgniter))
 7 FCPATH\index.php(59): CodeIgniter\Boot::bootWeb(Object(Config\Paths))
ERROR - 2025-11-30 17:06:38 --> mysqli_sql_exception: Duplicate column name 'course_id' in C:\xampp\htdocs\ITE311-VISAYAS\system\Database\MySQLi\Connection.php:327
Stack trace:
#0 C:\xampp\htdocs\ITE311-VISAYAS\system\Database\MySQLi\Connection.php(327): mysqli->query('SELECT COUNT(*)...', 0)
#1 C:\xampp\htdocs\ITE311-VISAYAS\system\Database\BaseConnection.php(729): CodeIgniter\Database\MySQLi\Connection->execute('SELECT COUNT(*)...')
#2 C:\xampp\htdocs\ITE311-VISAYAS\system\Database\BaseConnection.php(646): CodeIgniter\Database\BaseConnection->simpleQuery('SELECT COUNT(*)...')
#3 C:\xampp\htdocs\ITE311-VISAYAS\system\Database\BaseBuilder.php(1733): CodeIgniter\Database\BaseConnection->query('SELECT COUNT(*)...', Array, false)
#4 C:\xampp\htdocs\ITE311-VISAYAS\app\Models\CourseModel.php(132): CodeIgniter\Database\BaseBuilder->countAllResults()
#5 C:\xampp\htdocs\ITE311-VISAYAS\app\Controllers\Teacher.php(56): App\Models\CourseModel->getTeacherStatistics('21')
#6 C:\xampp\htdocs\ITE311-VISAYAS\system\CodeIgniter.php(933): App\Controllers\Teacher->manageCourses()
#7 C:\xampp\htdocs\ITE311-VISAYAS\system\CodeIgniter.php(507): CodeIgniter\CodeIgniter->runController(Object(App\Controllers\Teacher))
#8 C:\xampp\htdocs\ITE311-VISAYAS\system\CodeIgniter.php(354): CodeIgniter\CodeIgniter->handleRequest(NULL, Object(Config\Cache), false)
#9 C:\xampp\htdocs\ITE311-VISAYAS\system\Boot.php(363): CodeIgniter\CodeIgniter->run()
#10 C:\xampp\htdocs\ITE311-VISAYAS\system\Boot.php(68): CodeIgniter\Boot::runCodeIgniter(Object(CodeIgniter\CodeIgniter))
#11 C:\xampp\htdocs\ITE311-VISAYAS\index.php(59): CodeIgniter\Boot::bootWeb(Object(Config\Paths))
#12 {main}
CRITICAL - 2025-11-30 17:06:38 --> CodeIgniter\Database\Exceptions\DatabaseException: Duplicate column name 'course_id'
[Method: GET, Route: teacher/manage-courses]
in SYSTEMPATH\Database\BaseConnection.php on line 684.
 1 SYSTEMPATH\Database\BaseBuilder.php(1733): CodeIgniter\Database\BaseConnection->query('SELECT COUNT(*) AS `numrows`
FROM (
SELECT DISTINCT *
FROM `courses` `c`
JOIN `enrollments` `e` ON `c`.`course_id` = `e`.`course_id`
WHERE `c`.`teacher_id` = :c.teacher_id:
AND `e`.`status` IN :e.status:
) CI_count_all_results', [...], false)
 2 APPPATH\Models\CourseModel.php(132): CodeIgniter\Database\BaseBuilder->countAllResults()
 3 APPPATH\Controllers\Teacher.php(56): App\Models\CourseModel->getTeacherStatistics('21')
 4 SYSTEMPATH\CodeIgniter.php(933): App\Controllers\Teacher->manageCourses()
 5 SYSTEMPATH\CodeIgniter.php(507): CodeIgniter\CodeIgniter->runController(Object(App\Controllers\Teacher))
 6 SYSTEMPATH\CodeIgniter.php(354): CodeIgniter\CodeIgniter->handleRequest(null, Object(Config\Cache), false)
 7 SYSTEMPATH\Boot.php(363): CodeIgniter\CodeIgniter->run()
 8 SYSTEMPATH\Boot.php(68): CodeIgniter\Boot::runCodeIgniter(Object(CodeIgniter\CodeIgniter))
 9 FCPATH\index.php(59): CodeIgniter\Boot::bootWeb(Object(Config\Paths))
CRITICAL - 2025-11-30 17:06:38 --> [Caused by] CodeIgniter\Database\Exceptions\DatabaseException: Duplicate column name 'course_id'
in SYSTEMPATH\Database\MySQLi\Connection.php on line 332.
 1 SYSTEMPATH\Database\BaseConnection.php(729): CodeIgniter\Database\MySQLi\Connection->execute('SELECT COUNT(*) AS `numrows`
FROM (
SELECT DISTINCT *
FROM `courses` `c`
JOIN `enrollments` `e` ON `c`.`course_id` = `e`.`course_id`
WHERE `c`.`teacher_id` = \'21\'
AND `e`.`status` IN (\'enrolled\',\'active\')
) CI_count_all_results')
 2 SYSTEMPATH\Database\BaseConnection.php(646): CodeIgniter\Database\BaseConnection->simpleQuery('SELECT COUNT(*) AS `numrows`
FROM (
SELECT DISTINCT *
FROM `courses` `c`
JOIN `enrollments` `e` ON `c`.`course_id` = `e`.`course_id`
WHERE `c`.`teacher_id` = \'21\'
AND `e`.`status` IN (\'enrolled\',\'active\')
) CI_count_all_results')
 3 SYSTEMPATH\Database\BaseBuilder.php(1733): CodeIgniter\Database\BaseConnection->query('SELECT COUNT(*) AS `numrows`
FROM (
SELECT DISTINCT *
FROM `courses` `c`
JOIN `enrollments` `e` ON `c`.`course_id` = `e`.`course_id`
WHERE `c`.`teacher_id` = :c.teacher_id:
AND `e`.`status` IN :e.status:
) CI_count_all_results', [...], false)
 4 APPPATH\Models\CourseModel.php(132): CodeIgniter\Database\BaseBuilder->countAllResults()
 5 APPPATH\Controllers\Teacher.php(56): App\Models\CourseModel->getTeacherStatistics('21')
 6 SYSTEMPATH\CodeIgniter.php(933): App\Controllers\Teacher->manageCourses()
 7 SYSTEMPATH\CodeIgniter.php(507): CodeIgniter\CodeIgniter->runController(Object(App\Controllers\Teacher))
 8 SYSTEMPATH\CodeIgniter.php(354): CodeIgniter\CodeIgniter->handleRequest(null, Object(Config\Cache), false)
 9 SYSTEMPATH\Boot.php(363): CodeIgniter\CodeIgniter->run()
10 SYSTEMPATH\Boot.php(68): CodeIgniter\Boot::runCodeIgniter(Object(CodeIgniter\CodeIgniter))
11 FCPATH\index.php(59): CodeIgniter\Boot::bootWeb(Object(Config\Paths))
CRITICAL - 2025-11-30 17:06:38 --> [Caused by] mysqli_sql_exception: Duplicate column name 'course_id'
in SYSTEMPATH\Database\MySQLi\Connection.php on line 327.
 1 SYSTEMPATH\Database\MySQLi\Connection.php(327): mysqli->query('SELECT COUNT(*) AS `numrows`
FROM (
SELECT DISTINCT *
FROM `courses` `c`
JOIN `enrollments` `e` ON `c`.`course_id` = `e`.`course_id`
WHERE `c`.`teacher_id` = \'21\'
AND `e`.`status` IN (\'enrolled\',\'active\')
) CI_count_all_results', 0)
 2 SYSTEMPATH\Database\BaseConnection.php(729): CodeIgniter\Database\MySQLi\Connection->execute('SELECT COUNT(*) AS `numrows`
FROM (
SELECT DISTINCT *
FROM `courses` `c`
JOIN `enrollments` `e` ON `c`.`course_id` = `e`.`course_id`
WHERE `c`.`teacher_id` = \'21\'
AND `e`.`status` IN (\'enrolled\',\'active\')
) CI_count_all_results')
 3 SYSTEMPATH\Database\BaseConnection.php(646): CodeIgniter\Database\BaseConnection->simpleQuery('SELECT COUNT(*) AS `numrows`
FROM (
SELECT DISTINCT *
FROM `courses` `c`
JOIN `enrollments` `e` ON `c`.`course_id` = `e`.`course_id`
WHERE `c`.`teacher_id` = \'21\'
AND `e`.`status` IN (\'enrolled\',\'active\')
) CI_count_all_results')
 4 SYSTEMPATH\Database\BaseBuilder.php(1733): CodeIgniter\Database\BaseConnection->query('SELECT COUNT(*) AS `numrows`
FROM (
SELECT DISTINCT *
FROM `courses` `c`
JOIN `enrollments` `e` ON `c`.`course_id` = `e`.`course_id`
WHERE `c`.`teacher_id` = :c.teacher_id:
AND `e`.`status` IN :e.status:
) CI_count_all_results', [...], false)
 5 APPPATH\Models\CourseModel.php(132): CodeIgniter\Database\BaseBuilder->countAllResults()
 6 APPPATH\Controllers\Teacher.php(56): App\Models\CourseModel->getTeacherStatistics('21')
 7 SYSTEMPATH\CodeIgniter.php(933): App\Controllers\Teacher->manageCourses()
 8 SYSTEMPATH\CodeIgniter.php(507): CodeIgniter\CodeIgniter->runController(Object(App\Controllers\Teacher))
 9 SYSTEMPATH\CodeIgniter.php(354): CodeIgniter\CodeIgniter->handleRequest(null, Object(Config\Cache), false)
10 SYSTEMPATH\Boot.php(363): CodeIgniter\CodeIgniter->run()
11 SYSTEMPATH\Boot.php(68): CodeIgniter\Boot::runCodeIgniter(Object(CodeIgniter\CodeIgniter))
12 FCPATH\index.php(59): CodeIgniter\Boot::bootWeb(Object(Config\Paths))
DEBUG - 2025-11-30 17:06:41 --> Session: Class initialized using 'CodeIgniter\Session\Handlers\FileHandler' driver.
WARNING - 2025-11-30 17:06:41 --> [DEPRECATED] Creation of dynamic property App\Controllers\Teacher::$data is deprecated in APPPATH\Controllers\BaseController.php on line 74.
 1 APPPATH\Controllers\BaseController.php(59): App\Controllers\BaseController->loadNotificationData()
 2 SYSTEMPATH\CodeIgniter.php(904): App\Controllers\BaseController->initController(Object(CodeIgniter\HTTP\IncomingRequest), Object(CodeIgniter\HTTP\Response), Object(CodeIgniter\Log\Logger))
 3 SYSTEMPATH\CodeIgniter.php(498): CodeIgniter\CodeIgniter->createController()
 4 SYSTEMPATH\CodeIgniter.php(354): CodeIgniter\CodeIgniter->handleRequest(null, Object(Config\Cache), false)
 5 SYSTEMPATH\Boot.php(363): CodeIgniter\CodeIgniter->run()
 6 SYSTEMPATH\Boot.php(68): CodeIgniter\Boot::runCodeIgniter(Object(CodeIgniter\CodeIgniter))
 7 FCPATH\index.php(59): CodeIgniter\Boot::bootWeb(Object(Config\Paths))
ERROR - 2025-11-30 17:06:41 --> mysqli_sql_exception: Duplicate column name 'course_id' in C:\xampp\htdocs\ITE311-VISAYAS\system\Database\MySQLi\Connection.php:327
Stack trace:
#0 C:\xampp\htdocs\ITE311-VISAYAS\system\Database\MySQLi\Connection.php(327): mysqli->query('SELECT COUNT(*)...', 0)
#1 C:\xampp\htdocs\ITE311-VISAYAS\system\Database\BaseConnection.php(729): CodeIgniter\Database\MySQLi\Connection->execute('SELECT COUNT(*)...')
#2 C:\xampp\htdocs\ITE311-VISAYAS\system\Database\BaseConnection.php(646): CodeIgniter\Database\BaseConnection->simpleQuery('SELECT COUNT(*)...')
#3 C:\xampp\htdocs\ITE311-VISAYAS\system\Database\BaseBuilder.php(1733): CodeIgniter\Database\BaseConnection->query('SELECT COUNT(*)...', Array, false)
#4 C:\xampp\htdocs\ITE311-VISAYAS\app\Models\CourseModel.php(132): CodeIgniter\Database\BaseBuilder->countAllResults()
#5 C:\xampp\htdocs\ITE311-VISAYAS\app\Controllers\Teacher.php(56): App\Models\CourseModel->getTeacherStatistics('21')
#6 C:\xampp\htdocs\ITE311-VISAYAS\system\CodeIgniter.php(933): App\Controllers\Teacher->manageCourses()
#7 C:\xampp\htdocs\ITE311-VISAYAS\system\CodeIgniter.php(507): CodeIgniter\CodeIgniter->runController(Object(App\Controllers\Teacher))
#8 C:\xampp\htdocs\ITE311-VISAYAS\system\CodeIgniter.php(354): CodeIgniter\CodeIgniter->handleRequest(NULL, Object(Config\Cache), false)
#9 C:\xampp\htdocs\ITE311-VISAYAS\system\Boot.php(363): CodeIgniter\CodeIgniter->run()
#10 C:\xampp\htdocs\ITE311-VISAYAS\system\Boot.php(68): CodeIgniter\Boot::runCodeIgniter(Object(CodeIgniter\CodeIgniter))
#11 C:\xampp\htdocs\ITE311-VISAYAS\index.php(59): CodeIgniter\Boot::bootWeb(Object(Config\Paths))
#12 {main}
CRITICAL - 2025-11-30 17:06:41 --> CodeIgniter\Database\Exceptions\DatabaseException: Duplicate column name 'course_id'
[Method: GET, Route: teacher/manage-courses]
in SYSTEMPATH\Database\BaseConnection.php on line 684.
 1 SYSTEMPATH\Database\BaseBuilder.php(1733): CodeIgniter\Database\BaseConnection->query('SELECT COUNT(*) AS `numrows`
FROM (
SELECT DISTINCT *
FROM `courses` `c`
JOIN `enrollments` `e` ON `c`.`course_id` = `e`.`course_id`
WHERE `c`.`teacher_id` = :c.teacher_id:
AND `e`.`status` IN :e.status:
) CI_count_all_results', [...], false)
 2 APPPATH\Models\CourseModel.php(132): CodeIgniter\Database\BaseBuilder->countAllResults()
 3 APPPATH\Controllers\Teacher.php(56): App\Models\CourseModel->getTeacherStatistics('21')
 4 SYSTEMPATH\CodeIgniter.php(933): App\Controllers\Teacher->manageCourses()
 5 SYSTEMPATH\CodeIgniter.php(507): CodeIgniter\CodeIgniter->runController(Object(App\Controllers\Teacher))
 6 SYSTEMPATH\CodeIgniter.php(354): CodeIgniter\CodeIgniter->handleRequest(null, Object(Config\Cache), false)
 7 SYSTEMPATH\Boot.php(363): CodeIgniter\CodeIgniter->run()
 8 SYSTEMPATH\Boot.php(68): CodeIgniter\Boot::runCodeIgniter(Object(CodeIgniter\CodeIgniter))
 9 FCPATH\index.php(59): CodeIgniter\Boot::bootWeb(Object(Config\Paths))
CRITICAL - 2025-11-30 17:06:41 --> [Caused by] CodeIgniter\Database\Exceptions\DatabaseException: Duplicate column name 'course_id'
in SYSTEMPATH\Database\MySQLi\Connection.php on line 332.
 1 SYSTEMPATH\Database\BaseConnection.php(729): CodeIgniter\Database\MySQLi\Connection->execute('SELECT COUNT(*) AS `numrows`
FROM (
SELECT DISTINCT *
FROM `courses` `c`
JOIN `enrollments` `e` ON `c`.`course_id` = `e`.`course_id`
WHERE `c`.`teacher_id` = \'21\'
AND `e`.`status` IN (\'enrolled\',\'active\')
) CI_count_all_results')
 2 SYSTEMPATH\Database\BaseConnection.php(646): CodeIgniter\Database\BaseConnection->simpleQuery('SELECT COUNT(*) AS `numrows`
FROM (
SELECT DISTINCT *
FROM `courses` `c`
JOIN `enrollments` `e` ON `c`.`course_id` = `e`.`course_id`
WHERE `c`.`teacher_id` = \'21\'
AND `e`.`status` IN (\'enrolled\',\'active\')
) CI_count_all_results')
 3 SYSTEMPATH\Database\BaseBuilder.php(1733): CodeIgniter\Database\BaseConnection->query('SELECT COUNT(*) AS `numrows`
FROM (
SELECT DISTINCT *
FROM `courses` `c`
JOIN `enrollments` `e` ON `c`.`course_id` = `e`.`course_id`
WHERE `c`.`teacher_id` = :c.teacher_id:
AND `e`.`status` IN :e.status:
) CI_count_all_results', [...], false)
 4 APPPATH\Models\CourseModel.php(132): CodeIgniter\Database\BaseBuilder->countAllResults()
 5 APPPATH\Controllers\Teacher.php(56): App\Models\CourseModel->getTeacherStatistics('21')
 6 SYSTEMPATH\CodeIgniter.php(933): App\Controllers\Teacher->manageCourses()
 7 SYSTEMPATH\CodeIgniter.php(507): CodeIgniter\CodeIgniter->runController(Object(App\Controllers\Teacher))
 8 SYSTEMPATH\CodeIgniter.php(354): CodeIgniter\CodeIgniter->handleRequest(null, Object(Config\Cache), false)
 9 SYSTEMPATH\Boot.php(363): CodeIgniter\CodeIgniter->run()
10 SYSTEMPATH\Boot.php(68): CodeIgniter\Boot::runCodeIgniter(Object(CodeIgniter\CodeIgniter))
11 FCPATH\index.php(59): CodeIgniter\Boot::bootWeb(Object(Config\Paths))
CRITICAL - 2025-11-30 17:06:41 --> [Caused by] mysqli_sql_exception: Duplicate column name 'course_id'
in SYSTEMPATH\Database\MySQLi\Connection.php on line 327.
 1 SYSTEMPATH\Database\MySQLi\Connection.php(327): mysqli->query('SELECT COUNT(*) AS `numrows`
FROM (
SELECT DISTINCT *
FROM `courses` `c`
JOIN `enrollments` `e` ON `c`.`course_id` = `e`.`course_id`
WHERE `c`.`teacher_id` = \'21\'
AND `e`.`status` IN (\'enrolled\',\'active\')
) CI_count_all_results', 0)
 2 SYSTEMPATH\Database\BaseConnection.php(729): CodeIgniter\Database\MySQLi\Connection->execute('SELECT COUNT(*) AS `numrows`
FROM (
SELECT DISTINCT *
FROM `courses` `c`
JOIN `enrollments` `e` ON `c`.`course_id` = `e`.`course_id`
WHERE `c`.`teacher_id` = \'21\'
AND `e`.`status` IN (\'enrolled\',\'active\')
) CI_count_all_results')
 3 SYSTEMPATH\Database\BaseConnection.php(646): CodeIgniter\Database\BaseConnection->simpleQuery('SELECT COUNT(*) AS `numrows`
FROM (
SELECT DISTINCT *
FROM `courses` `c`
JOIN `enrollments` `e` ON `c`.`course_id` = `e`.`course_id`
WHERE `c`.`teacher_id` = \'21\'
AND `e`.`status` IN (\'enrolled\',\'active\')
) CI_count_all_results')
 4 SYSTEMPATH\Database\BaseBuilder.php(1733): CodeIgniter\Database\BaseConnection->query('SELECT COUNT(*) AS `numrows`
FROM (
SELECT DISTINCT *
FROM `courses` `c`
JOIN `enrollments` `e` ON `c`.`course_id` = `e`.`course_id`
WHERE `c`.`teacher_id` = :c.teacher_id:
AND `e`.`status` IN :e.status:
) CI_count_all_results', [...], false)
 5 APPPATH\Models\CourseModel.php(132): CodeIgniter\Database\BaseBuilder->countAllResults()
 6 APPPATH\Controllers\Teacher.php(56): App\Models\CourseModel->getTeacherStatistics('21')
 7 SYSTEMPATH\CodeIgniter.php(933): App\Controllers\Teacher->manageCourses()
 8 SYSTEMPATH\CodeIgniter.php(507): CodeIgniter\CodeIgniter->runController(Object(App\Controllers\Teacher))
 9 SYSTEMPATH\CodeIgniter.php(354): CodeIgniter\CodeIgniter->handleRequest(null, Object(Config\Cache), false)
10 SYSTEMPATH\Boot.php(363): CodeIgniter\CodeIgniter->run()
11 SYSTEMPATH\Boot.php(68): CodeIgniter\Boot::runCodeIgniter(Object(CodeIgniter\CodeIgniter))
12 FCPATH\index.php(59): CodeIgniter\Boot::bootWeb(Object(Config\Paths))
DEBUG - 2025-11-30 17:06:41 --> Session: Class initialized using 'CodeIgniter\Session\Handlers\FileHandler' driver.
WARNING - 2025-11-30 17:06:41 --> [DEPRECATED] Creation of dynamic property App\Controllers\Teacher::$data is deprecated in APPPATH\Controllers\BaseController.php on line 74.
 1 APPPATH\Controllers\BaseController.php(59): App\Controllers\BaseController->loadNotificationData()
 2 SYSTEMPATH\CodeIgniter.php(904): App\Controllers\BaseController->initController(Object(CodeIgniter\HTTP\IncomingRequest), Object(CodeIgniter\HTTP\Response), Object(CodeIgniter\Log\Logger))
 3 SYSTEMPATH\CodeIgniter.php(498): CodeIgniter\CodeIgniter->createController()
 4 SYSTEMPATH\CodeIgniter.php(354): CodeIgniter\CodeIgniter->handleRequest(null, Object(Config\Cache), false)
 5 SYSTEMPATH\Boot.php(363): CodeIgniter\CodeIgniter->run()
 6 SYSTEMPATH\Boot.php(68): CodeIgniter\Boot::runCodeIgniter(Object(CodeIgniter\CodeIgniter))
 7 FCPATH\index.php(59): CodeIgniter\Boot::bootWeb(Object(Config\Paths))
ERROR - 2025-11-30 17:06:41 --> mysqli_sql_exception: Duplicate column name 'course_id' in C:\xampp\htdocs\ITE311-VISAYAS\system\Database\MySQLi\Connection.php:327
Stack trace:
#0 C:\xampp\htdocs\ITE311-VISAYAS\system\Database\MySQLi\Connection.php(327): mysqli->query('SELECT COUNT(*)...', 0)
#1 C:\xampp\htdocs\ITE311-VISAYAS\system\Database\BaseConnection.php(729): CodeIgniter\Database\MySQLi\Connection->execute('SELECT COUNT(*)...')
#2 C:\xampp\htdocs\ITE311-VISAYAS\system\Database\BaseConnection.php(646): CodeIgniter\Database\BaseConnection->simpleQuery('SELECT COUNT(*)...')
#3 C:\xampp\htdocs\ITE311-VISAYAS\system\Database\BaseBuilder.php(1733): CodeIgniter\Database\BaseConnection->query('SELECT COUNT(*)...', Array, false)
#4 C:\xampp\htdocs\ITE311-VISAYAS\app\Models\CourseModel.php(132): CodeIgniter\Database\BaseBuilder->countAllResults()
#5 C:\xampp\htdocs\ITE311-VISAYAS\app\Controllers\Teacher.php(56): App\Models\CourseModel->getTeacherStatistics('21')
#6 C:\xampp\htdocs\ITE311-VISAYAS\system\CodeIgniter.php(933): App\Controllers\Teacher->manageCourses()
#7 C:\xampp\htdocs\ITE311-VISAYAS\system\CodeIgniter.php(507): CodeIgniter\CodeIgniter->runController(Object(App\Controllers\Teacher))
#8 C:\xampp\htdocs\ITE311-VISAYAS\system\CodeIgniter.php(354): CodeIgniter\CodeIgniter->handleRequest(NULL, Object(Config\Cache), false)
#9 C:\xampp\htdocs\ITE311-VISAYAS\system\Boot.php(363): CodeIgniter\CodeIgniter->run()
#10 C:\xampp\htdocs\ITE311-VISAYAS\system\Boot.php(68): CodeIgniter\Boot::runCodeIgniter(Object(CodeIgniter\CodeIgniter))
#11 C:\xampp\htdocs\ITE311-VISAYAS\index.php(59): CodeIgniter\Boot::bootWeb(Object(Config\Paths))
#12 {main}
CRITICAL - 2025-11-30 17:06:41 --> CodeIgniter\Database\Exceptions\DatabaseException: Duplicate column name 'course_id'
[Method: GET, Route: teacher/manage-courses]
in SYSTEMPATH\Database\BaseConnection.php on line 684.
 1 SYSTEMPATH\Database\BaseBuilder.php(1733): CodeIgniter\Database\BaseConnection->query('SELECT COUNT(*) AS `numrows`
FROM (
SELECT DISTINCT *
FROM `courses` `c`
JOIN `enrollments` `e` ON `c`.`course_id` = `e`.`course_id`
WHERE `c`.`teacher_id` = :c.teacher_id:
AND `e`.`status` IN :e.status:
) CI_count_all_results', [...], false)
 2 APPPATH\Models\CourseModel.php(132): CodeIgniter\Database\BaseBuilder->countAllResults()
 3 APPPATH\Controllers\Teacher.php(56): App\Models\CourseModel->getTeacherStatistics('21')
 4 SYSTEMPATH\CodeIgniter.php(933): App\Controllers\Teacher->manageCourses()
 5 SYSTEMPATH\CodeIgniter.php(507): CodeIgniter\CodeIgniter->runController(Object(App\Controllers\Teacher))
 6 SYSTEMPATH\CodeIgniter.php(354): CodeIgniter\CodeIgniter->handleRequest(null, Object(Config\Cache), false)
 7 SYSTEMPATH\Boot.php(363): CodeIgniter\CodeIgniter->run()
 8 SYSTEMPATH\Boot.php(68): CodeIgniter\Boot::runCodeIgniter(Object(CodeIgniter\CodeIgniter))
 9 FCPATH\index.php(59): CodeIgniter\Boot::bootWeb(Object(Config\Paths))
CRITICAL - 2025-11-30 17:06:41 --> [Caused by] CodeIgniter\Database\Exceptions\DatabaseException: Duplicate column name 'course_id'
in SYSTEMPATH\Database\MySQLi\Connection.php on line 332.
 1 SYSTEMPATH\Database\BaseConnection.php(729): CodeIgniter\Database\MySQLi\Connection->execute('SELECT COUNT(*) AS `numrows`
FROM (
SELECT DISTINCT *
FROM `courses` `c`
JOIN `enrollments` `e` ON `c`.`course_id` = `e`.`course_id`
WHERE `c`.`teacher_id` = \'21\'
AND `e`.`status` IN (\'enrolled\',\'active\')
) CI_count_all_results')
 2 SYSTEMPATH\Database\BaseConnection.php(646): CodeIgniter\Database\BaseConnection->simpleQuery('SELECT COUNT(*) AS `numrows`
FROM (
SELECT DISTINCT *
FROM `courses` `c`
JOIN `enrollments` `e` ON `c`.`course_id` = `e`.`course_id`
WHERE `c`.`teacher_id` = \'21\'
AND `e`.`status` IN (\'enrolled\',\'active\')
) CI_count_all_results')
 3 SYSTEMPATH\Database\BaseBuilder.php(1733): CodeIgniter\Database\BaseConnection->query('SELECT COUNT(*) AS `numrows`
FROM (
SELECT DISTINCT *
FROM `courses` `c`
JOIN `enrollments` `e` ON `c`.`course_id` = `e`.`course_id`
WHERE `c`.`teacher_id` = :c.teacher_id:
AND `e`.`status` IN :e.status:
) CI_count_all_results', [...], false)
 4 APPPATH\Models\CourseModel.php(132): CodeIgniter\Database\BaseBuilder->countAllResults()
 5 APPPATH\Controllers\Teacher.php(56): App\Models\CourseModel->getTeacherStatistics('21')
 6 SYSTEMPATH\CodeIgniter.php(933): App\Controllers\Teacher->manageCourses()
 7 SYSTEMPATH\CodeIgniter.php(507): CodeIgniter\CodeIgniter->runController(Object(App\Controllers\Teacher))
 8 SYSTEMPATH\CodeIgniter.php(354): CodeIgniter\CodeIgniter->handleRequest(null, Object(Config\Cache), false)
 9 SYSTEMPATH\Boot.php(363): CodeIgniter\CodeIgniter->run()
10 SYSTEMPATH\Boot.php(68): CodeIgniter\Boot::runCodeIgniter(Object(CodeIgniter\CodeIgniter))
11 FCPATH\index.php(59): CodeIgniter\Boot::bootWeb(Object(Config\Paths))
CRITICAL - 2025-11-30 17:06:41 --> [Caused by] mysqli_sql_exception: Duplicate column name 'course_id'
in SYSTEMPATH\Database\MySQLi\Connection.php on line 327.
 1 SYSTEMPATH\Database\MySQLi\Connection.php(327): mysqli->query('SELECT COUNT(*) AS `numrows`
FROM (
SELECT DISTINCT *
FROM `courses` `c`
JOIN `enrollments` `e` ON `c`.`course_id` = `e`.`course_id`
WHERE `c`.`teacher_id` = \'21\'
AND `e`.`status` IN (\'enrolled\',\'active\')
) CI_count_all_results', 0)
 2 SYSTEMPATH\Database\BaseConnection.php(729): CodeIgniter\Database\MySQLi\Connection->execute('SELECT COUNT(*) AS `numrows`
FROM (
SELECT DISTINCT *
FROM `courses` `c`
JOIN `enrollments` `e` ON `c`.`course_id` = `e`.`course_id`
WHERE `c`.`teacher_id` = \'21\'
AND `e`.`status` IN (\'enrolled\',\'active\')
) CI_count_all_results')
 3 SYSTEMPATH\Database\BaseConnection.php(646): CodeIgniter\Database\BaseConnection->simpleQuery('SELECT COUNT(*) AS `numrows`
FROM (
SELECT DISTINCT *
FROM `courses` `c`
JOIN `enrollments` `e` ON `c`.`course_id` = `e`.`course_id`
WHERE `c`.`teacher_id` = \'21\'
AND `e`.`status` IN (\'enrolled\',\'active\')
) CI_count_all_results')
 4 SYSTEMPATH\Database\BaseBuilder.php(1733): CodeIgniter\Database\BaseConnection->query('SELECT COUNT(*) AS `numrows`
FROM (
SELECT DISTINCT *
FROM `courses` `c`
JOIN `enrollments` `e` ON `c`.`course_id` = `e`.`course_id`
WHERE `c`.`teacher_id` = :c.teacher_id:
AND `e`.`status` IN :e.status:
) CI_count_all_results', [...], false)
 5 APPPATH\Models\CourseModel.php(132): CodeIgniter\Database\BaseBuilder->countAllResults()
 6 APPPATH\Controllers\Teacher.php(56): App\Models\CourseModel->getTeacherStatistics('21')
 7 SYSTEMPATH\CodeIgniter.php(933): App\Controllers\Teacher->manageCourses()
 8 SYSTEMPATH\CodeIgniter.php(507): CodeIgniter\CodeIgniter->runController(Object(App\Controllers\Teacher))
 9 SYSTEMPATH\CodeIgniter.php(354): CodeIgniter\CodeIgniter->handleRequest(null, Object(Config\Cache), false)
10 SYSTEMPATH\Boot.php(363): CodeIgniter\CodeIgniter->run()
11 SYSTEMPATH\Boot.php(68): CodeIgniter\Boot::runCodeIgniter(Object(CodeIgniter\CodeIgniter))
12 FCPATH\index.php(59): CodeIgniter\Boot::bootWeb(Object(Config\Paths))
DEBUG - 2025-11-30 17:06:54 --> Session: Class initialized using 'CodeIgniter\Session\Handlers\FileHandler' driver.
WARNING - 2025-11-30 17:06:54 --> [DEPRECATED] Creation of dynamic property App\Controllers\Notifications::$data is deprecated in APPPATH\Controllers\BaseController.php on line 76.
 1 APPPATH\Controllers\BaseController.php(59): App\Controllers\BaseController->loadNotificationData()
 2 SYSTEMPATH\CodeIgniter.php(904): App\Controllers\BaseController->initController(Object(CodeIgniter\HTTP\IncomingRequest), Object(CodeIgniter\HTTP\Response), Object(CodeIgniter\Log\Logger))
 3 SYSTEMPATH\CodeIgniter.php(498): CodeIgniter\CodeIgniter->createController()
 4 SYSTEMPATH\CodeIgniter.php(354): CodeIgniter\CodeIgniter->handleRequest(null, Object(Config\Cache), false)
 5 SYSTEMPATH\Boot.php(363): CodeIgniter\CodeIgniter->run()
 6 SYSTEMPATH\Boot.php(68): CodeIgniter\Boot::runCodeIgniter(Object(CodeIgniter\CodeIgniter))
 7 FCPATH\index.php(59): CodeIgniter\Boot::bootWeb(Object(Config\Paths))
DEBUG - 2025-11-30 17:06:54 --> Session: Class initialized using 'CodeIgniter\Session\Handlers\FileHandler' driver.
WARNING - 2025-11-30 17:06:54 --> [DEPRECATED] Creation of dynamic property App\Controllers\Notifications::$data is deprecated in APPPATH\Controllers\BaseController.php on line 74.
 1 APPPATH\Controllers\BaseController.php(59): App\Controllers\BaseController->loadNotificationData()
 2 SYSTEMPATH\CodeIgniter.php(904): App\Controllers\BaseController->initController(Object(CodeIgniter\HTTP\IncomingRequest), Object(CodeIgniter\HTTP\Response), Object(CodeIgniter\Log\Logger))
 3 SYSTEMPATH\CodeIgniter.php(498): CodeIgniter\CodeIgniter->createController()
 4 SYSTEMPATH\CodeIgniter.php(354): CodeIgniter\CodeIgniter->handleRequest(null, Object(Config\Cache), false)
 5 SYSTEMPATH\Boot.php(363): CodeIgniter\CodeIgniter->run()
 6 SYSTEMPATH\Boot.php(68): CodeIgniter\Boot::runCodeIgniter(Object(CodeIgniter\CodeIgniter))
 7 FCPATH\index.php(59): CodeIgniter\Boot::bootWeb(Object(Config\Paths))
DEBUG - 2025-11-30 17:07:54 --> Session: Class initialized using 'CodeIgniter\Session\Handlers\FileHandler' driver.
DEBUG - 2025-11-30 17:07:54 --> Session: Class initialized using 'CodeIgniter\Session\Handlers\FileHandler' driver.
WARNING - 2025-11-30 17:07:54 --> [DEPRECATED] Creation of dynamic property App\Controllers\Notifications::$data is deprecated in APPPATH\Controllers\BaseController.php on line 76.
 1 APPPATH\Controllers\BaseController.php(59): App\Controllers\BaseController->loadNotificationData()
 2 SYSTEMPATH\CodeIgniter.php(904): App\Controllers\BaseController->initController(Object(CodeIgniter\HTTP\IncomingRequest), Object(CodeIgniter\HTTP\Response), Object(CodeIgniter\Log\Logger))
 3 SYSTEMPATH\CodeIgniter.php(498): CodeIgniter\CodeIgniter->createController()
 4 SYSTEMPATH\CodeIgniter.php(354): CodeIgniter\CodeIgniter->handleRequest(null, Object(Config\Cache), false)
 5 SYSTEMPATH\Boot.php(363): CodeIgniter\CodeIgniter->run()
 6 SYSTEMPATH\Boot.php(68): CodeIgniter\Boot::runCodeIgniter(Object(CodeIgniter\CodeIgniter))
 7 FCPATH\index.php(59): CodeIgniter\Boot::bootWeb(Object(Config\Paths))
WARNING - 2025-11-30 17:07:54 --> [DEPRECATED] Creation of dynamic property App\Controllers\Notifications::$data is deprecated in APPPATH\Controllers\BaseController.php on line 74.
 1 APPPATH\Controllers\BaseController.php(59): App\Controllers\BaseController->loadNotificationData()
 2 SYSTEMPATH\CodeIgniter.php(904): App\Controllers\BaseController->initController(Object(CodeIgniter\HTTP\IncomingRequest), Object(CodeIgniter\HTTP\Response), Object(CodeIgniter\Log\Logger))
 3 SYSTEMPATH\CodeIgniter.php(498): CodeIgniter\CodeIgniter->createController()
 4 SYSTEMPATH\CodeIgniter.php(354): CodeIgniter\CodeIgniter->handleRequest(null, Object(Config\Cache), false)
 5 SYSTEMPATH\Boot.php(363): CodeIgniter\CodeIgniter->run()
 6 SYSTEMPATH\Boot.php(68): CodeIgniter\Boot::runCodeIgniter(Object(CodeIgniter\CodeIgniter))
 7 FCPATH\index.php(59): CodeIgniter\Boot::bootWeb(Object(Config\Paths))
DEBUG - 2025-11-30 17:08:54 --> Session: Class initialized using 'CodeIgniter\Session\Handlers\FileHandler' driver.
WARNING - 2025-11-30 17:08:54 --> [DEPRECATED] Creation of dynamic property App\Controllers\Notifications::$data is deprecated in APPPATH\Controllers\BaseController.php on line 74.
 1 APPPATH\Controllers\BaseController.php(59): App\Controllers\BaseController->loadNotificationData()
 2 SYSTEMPATH\CodeIgniter.php(904): App\Controllers\BaseController->initController(Object(CodeIgniter\HTTP\IncomingRequest), Object(CodeIgniter\HTTP\Response), Object(CodeIgniter\Log\Logger))
 3 SYSTEMPATH\CodeIgniter.php(498): CodeIgniter\CodeIgniter->createController()
 4 SYSTEMPATH\CodeIgniter.php(354): CodeIgniter\CodeIgniter->handleRequest(null, Object(Config\Cache), false)
 5 SYSTEMPATH\Boot.php(363): CodeIgniter\CodeIgniter->run()
 6 SYSTEMPATH\Boot.php(68): CodeIgniter\Boot::runCodeIgniter(Object(CodeIgniter\CodeIgniter))
 7 FCPATH\index.php(59): CodeIgniter\Boot::bootWeb(Object(Config\Paths))
DEBUG - 2025-11-30 17:08:55 --> Session: Class initialized using 'CodeIgniter\Session\Handlers\FileHandler' driver.
WARNING - 2025-11-30 17:08:55 --> [DEPRECATED] Creation of dynamic property App\Controllers\Notifications::$data is deprecated in APPPATH\Controllers\BaseController.php on line 76.
 1 APPPATH\Controllers\BaseController.php(59): App\Controllers\BaseController->loadNotificationData()
 2 SYSTEMPATH\CodeIgniter.php(904): App\Controllers\BaseController->initController(Object(CodeIgniter\HTTP\IncomingRequest), Object(CodeIgniter\HTTP\Response), Object(CodeIgniter\Log\Logger))
 3 SYSTEMPATH\CodeIgniter.php(498): CodeIgniter\CodeIgniter->createController()
 4 SYSTEMPATH\CodeIgniter.php(354): CodeIgniter\CodeIgniter->handleRequest(null, Object(Config\Cache), false)
 5 SYSTEMPATH\Boot.php(363): CodeIgniter\CodeIgniter->run()
 6 SYSTEMPATH\Boot.php(68): CodeIgniter\Boot::runCodeIgniter(Object(CodeIgniter\CodeIgniter))
 7 FCPATH\index.php(59): CodeIgniter\Boot::bootWeb(Object(Config\Paths))
DEBUG - 2025-11-30 17:09:54 --> Session: Class initialized using 'CodeIgniter\Session\Handlers\FileHandler' driver.
DEBUG - 2025-11-30 17:09:54 --> Session: Class initialized using 'CodeIgniter\Session\Handlers\FileHandler' driver.
WARNING - 2025-11-30 17:09:54 --> [DEPRECATED] Creation of dynamic property App\Controllers\Notifications::$data is deprecated in APPPATH\Controllers\BaseController.php on line 76.
 1 APPPATH\Controllers\BaseController.php(59): App\Controllers\BaseController->loadNotificationData()
 2 SYSTEMPATH\CodeIgniter.php(904): App\Controllers\BaseController->initController(Object(CodeIgniter\HTTP\IncomingRequest), Object(CodeIgniter\HTTP\Response), Object(CodeIgniter\Log\Logger))
 3 SYSTEMPATH\CodeIgniter.php(498): CodeIgniter\CodeIgniter->createController()
 4 SYSTEMPATH\CodeIgniter.php(354): CodeIgniter\CodeIgniter->handleRequest(null, Object(Config\Cache), false)
 5 SYSTEMPATH\Boot.php(363): CodeIgniter\CodeIgniter->run()
 6 SYSTEMPATH\Boot.php(68): CodeIgniter\Boot::runCodeIgniter(Object(CodeIgniter\CodeIgniter))
 7 FCPATH\index.php(59): CodeIgniter\Boot::bootWeb(Object(Config\Paths))
WARNING - 2025-11-30 17:09:54 --> [DEPRECATED] Creation of dynamic property App\Controllers\Notifications::$data is deprecated in APPPATH\Controllers\BaseController.php on line 74.
 1 APPPATH\Controllers\BaseController.php(59): App\Controllers\BaseController->loadNotificationData()
 2 SYSTEMPATH\CodeIgniter.php(904): App\Controllers\BaseController->initController(Object(CodeIgniter\HTTP\IncomingRequest), Object(CodeIgniter\HTTP\Response), Object(CodeIgniter\Log\Logger))
 3 SYSTEMPATH\CodeIgniter.php(498): CodeIgniter\CodeIgniter->createController()
 4 SYSTEMPATH\CodeIgniter.php(354): CodeIgniter\CodeIgniter->handleRequest(null, Object(Config\Cache), false)
 5 SYSTEMPATH\Boot.php(363): CodeIgniter\CodeIgniter->run()
 6 SYSTEMPATH\Boot.php(68): CodeIgniter\Boot::runCodeIgniter(Object(CodeIgniter\CodeIgniter))
 7 FCPATH\index.php(59): CodeIgniter\Boot::bootWeb(Object(Config\Paths))
DEBUG - 2025-11-30 17:10:54 --> Session: Class initialized using 'CodeIgniter\Session\Handlers\FileHandler' driver.
DEBUG - 2025-11-30 17:10:54 --> Session: Class initialized using 'CodeIgniter\Session\Handlers\FileHandler' driver.
WARNING - 2025-11-30 17:10:54 --> [DEPRECATED] Creation of dynamic property App\Controllers\Notifications::$data is deprecated in APPPATH\Controllers\BaseController.php on line 76.
 1 APPPATH\Controllers\BaseController.php(59): App\Controllers\BaseController->loadNotificationData()
 2 SYSTEMPATH\CodeIgniter.php(904): App\Controllers\BaseController->initController(Object(CodeIgniter\HTTP\IncomingRequest), Object(CodeIgniter\HTTP\Response), Object(CodeIgniter\Log\Logger))
 3 SYSTEMPATH\CodeIgniter.php(498): CodeIgniter\CodeIgniter->createController()
 4 SYSTEMPATH\CodeIgniter.php(354): CodeIgniter\CodeIgniter->handleRequest(null, Object(Config\Cache), false)
 5 SYSTEMPATH\Boot.php(363): CodeIgniter\CodeIgniter->run()
 6 SYSTEMPATH\Boot.php(68): CodeIgniter\Boot::runCodeIgniter(Object(CodeIgniter\CodeIgniter))
 7 FCPATH\index.php(59): CodeIgniter\Boot::bootWeb(Object(Config\Paths))
WARNING - 2025-11-30 17:10:54 --> [DEPRECATED] Creation of dynamic property App\Controllers\Notifications::$data is deprecated in APPPATH\Controllers\BaseController.php on line 74.
 1 APPPATH\Controllers\BaseController.php(59): App\Controllers\BaseController->loadNotificationData()
 2 SYSTEMPATH\CodeIgniter.php(904): App\Controllers\BaseController->initController(Object(CodeIgniter\HTTP\IncomingRequest), Object(CodeIgniter\HTTP\Response), Object(CodeIgniter\Log\Logger))
 3 SYSTEMPATH\CodeIgniter.php(498): CodeIgniter\CodeIgniter->createController()
 4 SYSTEMPATH\CodeIgniter.php(354): CodeIgniter\CodeIgniter->handleRequest(null, Object(Config\Cache), false)
 5 SYSTEMPATH\Boot.php(363): CodeIgniter\CodeIgniter->run()
 6 SYSTEMPATH\Boot.php(68): CodeIgniter\Boot::runCodeIgniter(Object(CodeIgniter\CodeIgniter))
 7 FCPATH\index.php(59): CodeIgniter\Boot::bootWeb(Object(Config\Paths))
DEBUG - 2025-11-30 17:11:28 --> Session: Class initialized using 'CodeIgniter\Session\Handlers\FileHandler' driver.
WARNING - 2025-11-30 17:11:28 --> [DEPRECATED] Creation of dynamic property App\Controllers\Teacher::$data is deprecated in APPPATH\Controllers\BaseController.php on line 74.
 1 APPPATH\Controllers\BaseController.php(59): App\Controllers\BaseController->loadNotificationData()
 2 SYSTEMPATH\CodeIgniter.php(904): App\Controllers\BaseController->initController(Object(CodeIgniter\HTTP\IncomingRequest), Object(CodeIgniter\HTTP\Response), Object(CodeIgniter\Log\Logger))
 3 SYSTEMPATH\CodeIgniter.php(498): CodeIgniter\CodeIgniter->createController()
 4 SYSTEMPATH\CodeIgniter.php(354): CodeIgniter\CodeIgniter->handleRequest(null, Object(Config\Cache), false)
 5 SYSTEMPATH\Boot.php(363): CodeIgniter\CodeIgniter->run()
 6 SYSTEMPATH\Boot.php(68): CodeIgniter\Boot::runCodeIgniter(Object(CodeIgniter\CodeIgniter))
 7 FCPATH\index.php(59): CodeIgniter\Boot::bootWeb(Object(Config\Paths))
ERROR - 2025-11-30 17:11:28 --> mysqli_sql_exception: Duplicate column name 'course_id' in C:\xampp\htdocs\ITE311-VISAYAS\system\Database\MySQLi\Connection.php:327
Stack trace:
#0 C:\xampp\htdocs\ITE311-VISAYAS\system\Database\MySQLi\Connection.php(327): mysqli->query('SELECT COUNT(*)...', 0)
#1 C:\xampp\htdocs\ITE311-VISAYAS\system\Database\BaseConnection.php(729): CodeIgniter\Database\MySQLi\Connection->execute('SELECT COUNT(*)...')
#2 C:\xampp\htdocs\ITE311-VISAYAS\system\Database\BaseConnection.php(646): CodeIgniter\Database\BaseConnection->simpleQuery('SELECT COUNT(*)...')
#3 C:\xampp\htdocs\ITE311-VISAYAS\system\Database\BaseBuilder.php(1733): CodeIgniter\Database\BaseConnection->query('SELECT COUNT(*)...', Array, false)
#4 C:\xampp\htdocs\ITE311-VISAYAS\app\Models\CourseModel.php(132): CodeIgniter\Database\BaseBuilder->countAllResults()
#5 C:\xampp\htdocs\ITE311-VISAYAS\app\Controllers\Teacher.php(56): App\Models\CourseModel->getTeacherStatistics('21')
#6 C:\xampp\htdocs\ITE311-VISAYAS\system\CodeIgniter.php(933): App\Controllers\Teacher->manageCourses()
#7 C:\xampp\htdocs\ITE311-VISAYAS\system\CodeIgniter.php(507): CodeIgniter\CodeIgniter->runController(Object(App\Controllers\Teacher))
#8 C:\xampp\htdocs\ITE311-VISAYAS\system\CodeIgniter.php(354): CodeIgniter\CodeIgniter->handleRequest(NULL, Object(Config\Cache), false)
#9 C:\xampp\htdocs\ITE311-VISAYAS\system\Boot.php(363): CodeIgniter\CodeIgniter->run()
#10 C:\xampp\htdocs\ITE311-VISAYAS\system\Boot.php(68): CodeIgniter\Boot::runCodeIgniter(Object(CodeIgniter\CodeIgniter))
#11 C:\xampp\htdocs\ITE311-VISAYAS\index.php(59): CodeIgniter\Boot::bootWeb(Object(Config\Paths))
#12 {main}
CRITICAL - 2025-11-30 17:11:28 --> CodeIgniter\Database\Exceptions\DatabaseException: Duplicate column name 'course_id'
[Method: GET, Route: teacher/manage-courses]
in SYSTEMPATH\Database\BaseConnection.php on line 684.
 1 SYSTEMPATH\Database\BaseBuilder.php(1733): CodeIgniter\Database\BaseConnection->query('SELECT COUNT(*) AS `numrows`
FROM (
SELECT DISTINCT *
FROM `courses` `c`
JOIN `enrollments` `e` ON `c`.`course_id` = `e`.`course_id`
WHERE `c`.`teacher_id` = :c.teacher_id:
AND `e`.`status` IN :e.status:
) CI_count_all_results', [...], false)
 2 APPPATH\Models\CourseModel.php(132): CodeIgniter\Database\BaseBuilder->countAllResults()
 3 APPPATH\Controllers\Teacher.php(56): App\Models\CourseModel->getTeacherStatistics('21')
 4 SYSTEMPATH\CodeIgniter.php(933): App\Controllers\Teacher->manageCourses()
 5 SYSTEMPATH\CodeIgniter.php(507): CodeIgniter\CodeIgniter->runController(Object(App\Controllers\Teacher))
 6 SYSTEMPATH\CodeIgniter.php(354): CodeIgniter\CodeIgniter->handleRequest(null, Object(Config\Cache), false)
 7 SYSTEMPATH\Boot.php(363): CodeIgniter\CodeIgniter->run()
 8 SYSTEMPATH\Boot.php(68): CodeIgniter\Boot::runCodeIgniter(Object(CodeIgniter\CodeIgniter))
 9 FCPATH\index.php(59): CodeIgniter\Boot::bootWeb(Object(Config\Paths))
CRITICAL - 2025-11-30 17:11:28 --> [Caused by] CodeIgniter\Database\Exceptions\DatabaseException: Duplicate column name 'course_id'
in SYSTEMPATH\Database\MySQLi\Connection.php on line 332.
 1 SYSTEMPATH\Database\BaseConnection.php(729): CodeIgniter\Database\MySQLi\Connection->execute('SELECT COUNT(*) AS `numrows`
FROM (
SELECT DISTINCT *
FROM `courses` `c`
JOIN `enrollments` `e` ON `c`.`course_id` = `e`.`course_id`
WHERE `c`.`teacher_id` = \'21\'
AND `e`.`status` IN (\'enrolled\',\'active\')
) CI_count_all_results')
 2 SYSTEMPATH\Database\BaseConnection.php(646): CodeIgniter\Database\BaseConnection->simpleQuery('SELECT COUNT(*) AS `numrows`
FROM (
SELECT DISTINCT *
FROM `courses` `c`
JOIN `enrollments` `e` ON `c`.`course_id` = `e`.`course_id`
WHERE `c`.`teacher_id` = \'21\'
AND `e`.`status` IN (\'enrolled\',\'active\')
) CI_count_all_results')
 3 SYSTEMPATH\Database\BaseBuilder.php(1733): CodeIgniter\Database\BaseConnection->query('SELECT COUNT(*) AS `numrows`
FROM (
SELECT DISTINCT *
FROM `courses` `c`
JOIN `enrollments` `e` ON `c`.`course_id` = `e`.`course_id`
WHERE `c`.`teacher_id` = :c.teacher_id:
AND `e`.`status` IN :e.status:
) CI_count_all_results', [...], false)
 4 APPPATH\Models\CourseModel.php(132): CodeIgniter\Database\BaseBuilder->countAllResults()
 5 APPPATH\Controllers\Teacher.php(56): App\Models\CourseModel->getTeacherStatistics('21')
 6 SYSTEMPATH\CodeIgniter.php(933): App\Controllers\Teacher->manageCourses()
 7 SYSTEMPATH\CodeIgniter.php(507): CodeIgniter\CodeIgniter->runController(Object(App\Controllers\Teacher))
 8 SYSTEMPATH\CodeIgniter.php(354): CodeIgniter\CodeIgniter->handleRequest(null, Object(Config\Cache), false)
 9 SYSTEMPATH\Boot.php(363): CodeIgniter\CodeIgniter->run()
10 SYSTEMPATH\Boot.php(68): CodeIgniter\Boot::runCodeIgniter(Object(CodeIgniter\CodeIgniter))
11 FCPATH\index.php(59): CodeIgniter\Boot::bootWeb(Object(Config\Paths))
CRITICAL - 2025-11-30 17:11:28 --> [Caused by] mysqli_sql_exception: Duplicate column name 'course_id'
in SYSTEMPATH\Database\MySQLi\Connection.php on line 327.
 1 SYSTEMPATH\Database\MySQLi\Connection.php(327): mysqli->query('SELECT COUNT(*) AS `numrows`
FROM (
SELECT DISTINCT *
FROM `courses` `c`
JOIN `enrollments` `e` ON `c`.`course_id` = `e`.`course_id`
WHERE `c`.`teacher_id` = \'21\'
AND `e`.`status` IN (\'enrolled\',\'active\')
) CI_count_all_results', 0)
 2 SYSTEMPATH\Database\BaseConnection.php(729): CodeIgniter\Database\MySQLi\Connection->execute('SELECT COUNT(*) AS `numrows`
FROM (
SELECT DISTINCT *
FROM `courses` `c`
JOIN `enrollments` `e` ON `c`.`course_id` = `e`.`course_id`
WHERE `c`.`teacher_id` = \'21\'
AND `e`.`status` IN (\'enrolled\',\'active\')
) CI_count_all_results')
 3 SYSTEMPATH\Database\BaseConnection.php(646): CodeIgniter\Database\BaseConnection->simpleQuery('SELECT COUNT(*) AS `numrows`
FROM (
SELECT DISTINCT *
FROM `courses` `c`
JOIN `enrollments` `e` ON `c`.`course_id` = `e`.`course_id`
WHERE `c`.`teacher_id` = \'21\'
AND `e`.`status` IN (\'enrolled\',\'active\')
) CI_count_all_results')
 4 SYSTEMPATH\Database\BaseBuilder.php(1733): CodeIgniter\Database\BaseConnection->query('SELECT COUNT(*) AS `numrows`
FROM (
SELECT DISTINCT *
FROM `courses` `c`
JOIN `enrollments` `e` ON `c`.`course_id` = `e`.`course_id`
WHERE `c`.`teacher_id` = :c.teacher_id:
AND `e`.`status` IN :e.status:
) CI_count_all_results', [...], false)
 5 APPPATH\Models\CourseModel.php(132): CodeIgniter\Database\BaseBuilder->countAllResults()
 6 APPPATH\Controllers\Teacher.php(56): App\Models\CourseModel->getTeacherStatistics('21')
 7 SYSTEMPATH\CodeIgniter.php(933): App\Controllers\Teacher->manageCourses()
 8 SYSTEMPATH\CodeIgniter.php(507): CodeIgniter\CodeIgniter->runController(Object(App\Controllers\Teacher))
 9 SYSTEMPATH\CodeIgniter.php(354): CodeIgniter\CodeIgniter->handleRequest(null, Object(Config\Cache), false)
10 SYSTEMPATH\Boot.php(363): CodeIgniter\CodeIgniter->run()
11 SYSTEMPATH\Boot.php(68): CodeIgniter\Boot::runCodeIgniter(Object(CodeIgniter\CodeIgniter))
12 FCPATH\index.php(59): CodeIgniter\Boot::bootWeb(Object(Config\Paths))
DEBUG - 2025-11-30 17:11:54 --> Session: Class initialized using 'CodeIgniter\Session\Handlers\FileHandler' driver.
WARNING - 2025-11-30 17:11:54 --> [DEPRECATED] Creation of dynamic property App\Controllers\Notifications::$data is deprecated in APPPATH\Controllers\BaseController.php on line 74.
 1 APPPATH\Controllers\BaseController.php(59): App\Controllers\BaseController->loadNotificationData()
 2 SYSTEMPATH\CodeIgniter.php(904): App\Controllers\BaseController->initController(Object(CodeIgniter\HTTP\IncomingRequest), Object(CodeIgniter\HTTP\Response), Object(CodeIgniter\Log\Logger))
 3 SYSTEMPATH\CodeIgniter.php(498): CodeIgniter\CodeIgniter->createController()
 4 SYSTEMPATH\CodeIgniter.php(354): CodeIgniter\CodeIgniter->handleRequest(null, Object(Config\Cache), false)
 5 SYSTEMPATH\Boot.php(363): CodeIgniter\CodeIgniter->run()
 6 SYSTEMPATH\Boot.php(68): CodeIgniter\Boot::runCodeIgniter(Object(CodeIgniter\CodeIgniter))
 7 FCPATH\index.php(59): CodeIgniter\Boot::bootWeb(Object(Config\Paths))
DEBUG - 2025-11-30 17:11:54 --> Session: Class initialized using 'CodeIgniter\Session\Handlers\FileHandler' driver.
WARNING - 2025-11-30 17:11:54 --> [DEPRECATED] Creation of dynamic property App\Controllers\Notifications::$data is deprecated in APPPATH\Controllers\BaseController.php on line 76.
 1 APPPATH\Controllers\BaseController.php(59): App\Controllers\BaseController->loadNotificationData()
 2 SYSTEMPATH\CodeIgniter.php(904): App\Controllers\BaseController->initController(Object(CodeIgniter\HTTP\IncomingRequest), Object(CodeIgniter\HTTP\Response), Object(CodeIgniter\Log\Logger))
 3 SYSTEMPATH\CodeIgniter.php(498): CodeIgniter\CodeIgniter->createController()
 4 SYSTEMPATH\CodeIgniter.php(354): CodeIgniter\CodeIgniter->handleRequest(null, Object(Config\Cache), false)
 5 SYSTEMPATH\Boot.php(363): CodeIgniter\CodeIgniter->run()
 6 SYSTEMPATH\Boot.php(68): CodeIgniter\Boot::runCodeIgniter(Object(CodeIgniter\CodeIgniter))
 7 FCPATH\index.php(59): CodeIgniter\Boot::bootWeb(Object(Config\Paths))
DEBUG - 2025-11-30 17:12:54 --> Session: Class initialized using 'CodeIgniter\Session\Handlers\FileHandler' driver.
WARNING - 2025-11-30 17:12:54 --> [DEPRECATED] Creation of dynamic property App\Controllers\Notifications::$data is deprecated in APPPATH\Controllers\BaseController.php on line 76.
 1 APPPATH\Controllers\BaseController.php(59): App\Controllers\BaseController->loadNotificationData()
 2 SYSTEMPATH\CodeIgniter.php(904): App\Controllers\BaseController->initController(Object(CodeIgniter\HTTP\IncomingRequest), Object(CodeIgniter\HTTP\Response), Object(CodeIgniter\Log\Logger))
 3 SYSTEMPATH\CodeIgniter.php(498): CodeIgniter\CodeIgniter->createController()
 4 SYSTEMPATH\CodeIgniter.php(354): CodeIgniter\CodeIgniter->handleRequest(null, Object(Config\Cache), false)
 5 SYSTEMPATH\Boot.php(363): CodeIgniter\CodeIgniter->run()
 6 SYSTEMPATH\Boot.php(68): CodeIgniter\Boot::runCodeIgniter(Object(CodeIgniter\CodeIgniter))
 7 FCPATH\index.php(59): CodeIgniter\Boot::bootWeb(Object(Config\Paths))
DEBUG - 2025-11-30 17:12:54 --> Session: Class initialized using 'CodeIgniter\Session\Handlers\FileHandler' driver.
WARNING - 2025-11-30 17:12:54 --> [DEPRECATED] Creation of dynamic property App\Controllers\Notifications::$data is deprecated in APPPATH\Controllers\BaseController.php on line 74.
 1 APPPATH\Controllers\BaseController.php(59): App\Controllers\BaseController->loadNotificationData()
 2 SYSTEMPATH\CodeIgniter.php(904): App\Controllers\BaseController->initController(Object(CodeIgniter\HTTP\IncomingRequest), Object(CodeIgniter\HTTP\Response), Object(CodeIgniter\Log\Logger))
 3 SYSTEMPATH\CodeIgniter.php(498): CodeIgniter\CodeIgniter->createController()
 4 SYSTEMPATH\CodeIgniter.php(354): CodeIgniter\CodeIgniter->handleRequest(null, Object(Config\Cache), false)
 5 SYSTEMPATH\Boot.php(363): CodeIgniter\CodeIgniter->run()
 6 SYSTEMPATH\Boot.php(68): CodeIgniter\Boot::runCodeIgniter(Object(CodeIgniter\CodeIgniter))
 7 FCPATH\index.php(59): CodeIgniter\Boot::bootWeb(Object(Config\Paths))
DEBUG - 2025-11-30 17:13:54 --> Session: Class initialized using 'CodeIgniter\Session\Handlers\FileHandler' driver.
DEBUG - 2025-11-30 17:13:54 --> Session: Class initialized using 'CodeIgniter\Session\Handlers\FileHandler' driver.
WARNING - 2025-11-30 17:13:54 --> [DEPRECATED] Creation of dynamic property App\Controllers\Notifications::$data is deprecated in APPPATH\Controllers\BaseController.php on line 76.
 1 APPPATH\Controllers\BaseController.php(59): App\Controllers\BaseController->loadNotificationData()
 2 SYSTEMPATH\CodeIgniter.php(904): App\Controllers\BaseController->initController(Object(CodeIgniter\HTTP\IncomingRequest), Object(CodeIgniter\HTTP\Response), Object(CodeIgniter\Log\Logger))
 3 SYSTEMPATH\CodeIgniter.php(498): CodeIgniter\CodeIgniter->createController()
 4 SYSTEMPATH\CodeIgniter.php(354): CodeIgniter\CodeIgniter->handleRequest(null, Object(Config\Cache), false)
 5 SYSTEMPATH\Boot.php(363): CodeIgniter\CodeIgniter->run()
 6 SYSTEMPATH\Boot.php(68): CodeIgniter\Boot::runCodeIgniter(Object(CodeIgniter\CodeIgniter))
 7 FCPATH\index.php(59): CodeIgniter\Boot::bootWeb(Object(Config\Paths))
WARNING - 2025-11-30 17:13:55 --> [DEPRECATED] Creation of dynamic property App\Controllers\Notifications::$data is deprecated in APPPATH\Controllers\BaseController.php on line 74.
 1 APPPATH\Controllers\BaseController.php(59): App\Controllers\BaseController->loadNotificationData()
 2 SYSTEMPATH\CodeIgniter.php(904): App\Controllers\BaseController->initController(Object(CodeIgniter\HTTP\IncomingRequest), Object(CodeIgniter\HTTP\Response), Object(CodeIgniter\Log\Logger))
 3 SYSTEMPATH\CodeIgniter.php(498): CodeIgniter\CodeIgniter->createController()
 4 SYSTEMPATH\CodeIgniter.php(354): CodeIgniter\CodeIgniter->handleRequest(null, Object(Config\Cache), false)
 5 SYSTEMPATH\Boot.php(363): CodeIgniter\CodeIgniter->run()
 6 SYSTEMPATH\Boot.php(68): CodeIgniter\Boot::runCodeIgniter(Object(CodeIgniter\CodeIgniter))
 7 FCPATH\index.php(59): CodeIgniter\Boot::bootWeb(Object(Config\Paths))
DEBUG - 2025-11-30 17:14:54 --> Session: Class initialized using 'CodeIgniter\Session\Handlers\FileHandler' driver.
DEBUG - 2025-11-30 17:14:54 --> Session: Class initialized using 'CodeIgniter\Session\Handlers\FileHandler' driver.
WARNING - 2025-11-30 17:14:54 --> [DEPRECATED] Creation of dynamic property App\Controllers\Notifications::$data is deprecated in APPPATH\Controllers\BaseController.php on line 76.
 1 APPPATH\Controllers\BaseController.php(59): App\Controllers\BaseController->loadNotificationData()
 2 SYSTEMPATH\CodeIgniter.php(904): App\Controllers\BaseController->initController(Object(CodeIgniter\HTTP\IncomingRequest), Object(CodeIgniter\HTTP\Response), Object(CodeIgniter\Log\Logger))
 3 SYSTEMPATH\CodeIgniter.php(498): CodeIgniter\CodeIgniter->createController()
 4 SYSTEMPATH\CodeIgniter.php(354): CodeIgniter\CodeIgniter->handleRequest(null, Object(Config\Cache), false)
 5 SYSTEMPATH\Boot.php(363): CodeIgniter\CodeIgniter->run()
 6 SYSTEMPATH\Boot.php(68): CodeIgniter\Boot::runCodeIgniter(Object(CodeIgniter\CodeIgniter))
 7 FCPATH\index.php(59): CodeIgniter\Boot::bootWeb(Object(Config\Paths))
WARNING - 2025-11-30 17:14:54 --> [DEPRECATED] Creation of dynamic property App\Controllers\Notifications::$data is deprecated in APPPATH\Controllers\BaseController.php on line 74.
 1 APPPATH\Controllers\BaseController.php(59): App\Controllers\BaseController->loadNotificationData()
 2 SYSTEMPATH\CodeIgniter.php(904): App\Controllers\BaseController->initController(Object(CodeIgniter\HTTP\IncomingRequest), Object(CodeIgniter\HTTP\Response), Object(CodeIgniter\Log\Logger))
 3 SYSTEMPATH\CodeIgniter.php(498): CodeIgniter\CodeIgniter->createController()
 4 SYSTEMPATH\CodeIgniter.php(354): CodeIgniter\CodeIgniter->handleRequest(null, Object(Config\Cache), false)
 5 SYSTEMPATH\Boot.php(363): CodeIgniter\CodeIgniter->run()
 6 SYSTEMPATH\Boot.php(68): CodeIgniter\Boot::runCodeIgniter(Object(CodeIgniter\CodeIgniter))
 7 FCPATH\index.php(59): CodeIgniter\Boot::bootWeb(Object(Config\Paths))
DEBUG - 2025-11-30 17:15:49 --> Session: Class initialized using 'CodeIgniter\Session\Handlers\FileHandler' driver.
WARNING - 2025-11-30 17:15:49 --> [DEPRECATED] Creation of dynamic property App\Controllers\Teacher::$data is deprecated in APPPATH\Controllers\BaseController.php on line 74.
 1 APPPATH\Controllers\BaseController.php(59): App\Controllers\BaseController->loadNotificationData()
 2 SYSTEMPATH\CodeIgniter.php(904): App\Controllers\BaseController->initController(Object(CodeIgniter\HTTP\IncomingRequest), Object(CodeIgniter\HTTP\Response), Object(CodeIgniter\Log\Logger))
 3 SYSTEMPATH\CodeIgniter.php(498): CodeIgniter\CodeIgniter->createController()
 4 SYSTEMPATH\CodeIgniter.php(354): CodeIgniter\CodeIgniter->handleRequest(null, Object(Config\Cache), false)
 5 SYSTEMPATH\Boot.php(363): CodeIgniter\CodeIgniter->run()
 6 SYSTEMPATH\Boot.php(68): CodeIgniter\Boot::runCodeIgniter(Object(CodeIgniter\CodeIgniter))
 7 FCPATH\index.php(59): CodeIgniter\Boot::bootWeb(Object(Config\Paths))
ERROR - 2025-11-30 17:15:49 --> mysqli_sql_exception: Duplicate column name 'course_id' in C:\xampp\htdocs\ITE311-VISAYAS\system\Database\MySQLi\Connection.php:327
Stack trace:
#0 C:\xampp\htdocs\ITE311-VISAYAS\system\Database\MySQLi\Connection.php(327): mysqli->query('SELECT COUNT(*)...', 0)
#1 C:\xampp\htdocs\ITE311-VISAYAS\system\Database\BaseConnection.php(729): CodeIgniter\Database\MySQLi\Connection->execute('SELECT COUNT(*)...')
#2 C:\xampp\htdocs\ITE311-VISAYAS\system\Database\BaseConnection.php(646): CodeIgniter\Database\BaseConnection->simpleQuery('SELECT COUNT(*)...')
#3 C:\xampp\htdocs\ITE311-VISAYAS\system\Database\BaseBuilder.php(1733): CodeIgniter\Database\BaseConnection->query('SELECT COUNT(*)...', Array, false)
#4 C:\xampp\htdocs\ITE311-VISAYAS\app\Models\CourseModel.php(132): CodeIgniter\Database\BaseBuilder->countAllResults()
#5 C:\xampp\htdocs\ITE311-VISAYAS\app\Controllers\Teacher.php(56): App\Models\CourseModel->getTeacherStatistics('21')
#6 C:\xampp\htdocs\ITE311-VISAYAS\system\CodeIgniter.php(933): App\Controllers\Teacher->manageCourses()
#7 C:\xampp\htdocs\ITE311-VISAYAS\system\CodeIgniter.php(507): CodeIgniter\CodeIgniter->runController(Object(App\Controllers\Teacher))
#8 C:\xampp\htdocs\ITE311-VISAYAS\system\CodeIgniter.php(354): CodeIgniter\CodeIgniter->handleRequest(NULL, Object(Config\Cache), false)
#9 C:\xampp\htdocs\ITE311-VISAYAS\system\Boot.php(363): CodeIgniter\CodeIgniter->run()
#10 C:\xampp\htdocs\ITE311-VISAYAS\system\Boot.php(68): CodeIgniter\Boot::runCodeIgniter(Object(CodeIgniter\CodeIgniter))
#11 C:\xampp\htdocs\ITE311-VISAYAS\index.php(59): CodeIgniter\Boot::bootWeb(Object(Config\Paths))
#12 {main}
CRITICAL - 2025-11-30 17:15:49 --> CodeIgniter\Database\Exceptions\DatabaseException: Duplicate column name 'course_id'
[Method: GET, Route: teacher/manage-courses]
in SYSTEMPATH\Database\BaseConnection.php on line 684.
 1 SYSTEMPATH\Database\BaseBuilder.php(1733): CodeIgniter\Database\BaseConnection->query('SELECT COUNT(*) AS `numrows`
FROM (
SELECT DISTINCT *
FROM `courses` `c`
JOIN `enrollments` `e` ON `c`.`course_id` = `e`.`course_id`
WHERE `c`.`teacher_id` = :c.teacher_id:
AND `e`.`status` IN :e.status:
) CI_count_all_results', [...], false)
 2 APPPATH\Models\CourseModel.php(132): CodeIgniter\Database\BaseBuilder->countAllResults()
 3 APPPATH\Controllers\Teacher.php(56): App\Models\CourseModel->getTeacherStatistics('21')
 4 SYSTEMPATH\CodeIgniter.php(933): App\Controllers\Teacher->manageCourses()
 5 SYSTEMPATH\CodeIgniter.php(507): CodeIgniter\CodeIgniter->runController(Object(App\Controllers\Teacher))
 6 SYSTEMPATH\CodeIgniter.php(354): CodeIgniter\CodeIgniter->handleRequest(null, Object(Config\Cache), false)
 7 SYSTEMPATH\Boot.php(363): CodeIgniter\CodeIgniter->run()
 8 SYSTEMPATH\Boot.php(68): CodeIgniter\Boot::runCodeIgniter(Object(CodeIgniter\CodeIgniter))
 9 FCPATH\index.php(59): CodeIgniter\Boot::bootWeb(Object(Config\Paths))
CRITICAL - 2025-11-30 17:15:49 --> [Caused by] CodeIgniter\Database\Exceptions\DatabaseException: Duplicate column name 'course_id'
in SYSTEMPATH\Database\MySQLi\Connection.php on line 332.
 1 SYSTEMPATH\Database\BaseConnection.php(729): CodeIgniter\Database\MySQLi\Connection->execute('SELECT COUNT(*) AS `numrows`
FROM (
SELECT DISTINCT *
FROM `courses` `c`
JOIN `enrollments` `e` ON `c`.`course_id` = `e`.`course_id`
WHERE `c`.`teacher_id` = \'21\'
AND `e`.`status` IN (\'enrolled\',\'active\')
) CI_count_all_results')
 2 SYSTEMPATH\Database\BaseConnection.php(646): CodeIgniter\Database\BaseConnection->simpleQuery('SELECT COUNT(*) AS `numrows`
FROM (
SELECT DISTINCT *
FROM `courses` `c`
JOIN `enrollments` `e` ON `c`.`course_id` = `e`.`course_id`
WHERE `c`.`teacher_id` = \'21\'
AND `e`.`status` IN (\'enrolled\',\'active\')
) CI_count_all_results')
 3 SYSTEMPATH\Database\BaseBuilder.php(1733): CodeIgniter\Database\BaseConnection->query('SELECT COUNT(*) AS `numrows`
FROM (
SELECT DISTINCT *
FROM `courses` `c`
JOIN `enrollments` `e` ON `c`.`course_id` = `e`.`course_id`
WHERE `c`.`teacher_id` = :c.teacher_id:
AND `e`.`status` IN :e.status:
) CI_count_all_results', [...], false)
 4 APPPATH\Models\CourseModel.php(132): CodeIgniter\Database\BaseBuilder->countAllResults()
 5 APPPATH\Controllers\Teacher.php(56): App\Models\CourseModel->getTeacherStatistics('21')
 6 SYSTEMPATH\CodeIgniter.php(933): App\Controllers\Teacher->manageCourses()
 7 SYSTEMPATH\CodeIgniter.php(507): CodeIgniter\CodeIgniter->runController(Object(App\Controllers\Teacher))
 8 SYSTEMPATH\CodeIgniter.php(354): CodeIgniter\CodeIgniter->handleRequest(null, Object(Config\Cache), false)
 9 SYSTEMPATH\Boot.php(363): CodeIgniter\CodeIgniter->run()
10 SYSTEMPATH\Boot.php(68): CodeIgniter\Boot::runCodeIgniter(Object(CodeIgniter\CodeIgniter))
11 FCPATH\index.php(59): CodeIgniter\Boot::bootWeb(Object(Config\Paths))
CRITICAL - 2025-11-30 17:15:49 --> [Caused by] mysqli_sql_exception: Duplicate column name 'course_id'
in SYSTEMPATH\Database\MySQLi\Connection.php on line 327.
 1 SYSTEMPATH\Database\MySQLi\Connection.php(327): mysqli->query('SELECT COUNT(*) AS `numrows`
FROM (
SELECT DISTINCT *
FROM `courses` `c`
JOIN `enrollments` `e` ON `c`.`course_id` = `e`.`course_id`
WHERE `c`.`teacher_id` = \'21\'
AND `e`.`status` IN (\'enrolled\',\'active\')
) CI_count_all_results', 0)
 2 SYSTEMPATH\Database\BaseConnection.php(729): CodeIgniter\Database\MySQLi\Connection->execute('SELECT COUNT(*) AS `numrows`
FROM (
SELECT DISTINCT *
FROM `courses` `c`
JOIN `enrollments` `e` ON `c`.`course_id` = `e`.`course_id`
WHERE `c`.`teacher_id` = \'21\'
AND `e`.`status` IN (\'enrolled\',\'active\')
) CI_count_all_results')
 3 SYSTEMPATH\Database\BaseConnection.php(646): CodeIgniter\Database\BaseConnection->simpleQuery('SELECT COUNT(*) AS `numrows`
FROM (
SELECT DISTINCT *
FROM `courses` `c`
JOIN `enrollments` `e` ON `c`.`course_id` = `e`.`course_id`
WHERE `c`.`teacher_id` = \'21\'
AND `e`.`status` IN (\'enrolled\',\'active\')
) CI_count_all_results')
 4 SYSTEMPATH\Database\BaseBuilder.php(1733): CodeIgniter\Database\BaseConnection->query('SELECT COUNT(*) AS `numrows`
FROM (
SELECT DISTINCT *
FROM `courses` `c`
JOIN `enrollments` `e` ON `c`.`course_id` = `e`.`course_id`
WHERE `c`.`teacher_id` = :c.teacher_id:
AND `e`.`status` IN :e.status:
) CI_count_all_results', [...], false)
 5 APPPATH\Models\CourseModel.php(132): CodeIgniter\Database\BaseBuilder->countAllResults()
 6 APPPATH\Controllers\Teacher.php(56): App\Models\CourseModel->getTeacherStatistics('21')
 7 SYSTEMPATH\CodeIgniter.php(933): App\Controllers\Teacher->manageCourses()
 8 SYSTEMPATH\CodeIgniter.php(507): CodeIgniter\CodeIgniter->runController(Object(App\Controllers\Teacher))
 9 SYSTEMPATH\CodeIgniter.php(354): CodeIgniter\CodeIgniter->handleRequest(null, Object(Config\Cache), false)
10 SYSTEMPATH\Boot.php(363): CodeIgniter\CodeIgniter->run()
11 SYSTEMPATH\Boot.php(68): CodeIgniter\Boot::runCodeIgniter(Object(CodeIgniter\CodeIgniter))
12 FCPATH\index.php(59): CodeIgniter\Boot::bootWeb(Object(Config\Paths))
DEBUG - 2025-11-30 17:15:54 --> Session: Class initialized using 'CodeIgniter\Session\Handlers\FileHandler' driver.
WARNING - 2025-11-30 17:15:54 --> [DEPRECATED] Creation of dynamic property App\Controllers\Notifications::$data is deprecated in APPPATH\Controllers\BaseController.php on line 76.
 1 APPPATH\Controllers\BaseController.php(59): App\Controllers\BaseController->loadNotificationData()
 2 SYSTEMPATH\CodeIgniter.php(904): App\Controllers\BaseController->initController(Object(CodeIgniter\HTTP\IncomingRequest), Object(CodeIgniter\HTTP\Response), Object(CodeIgniter\Log\Logger))
 3 SYSTEMPATH\CodeIgniter.php(498): CodeIgniter\CodeIgniter->createController()
 4 SYSTEMPATH\CodeIgniter.php(354): CodeIgniter\CodeIgniter->handleRequest(null, Object(Config\Cache), false)
 5 SYSTEMPATH\Boot.php(363): CodeIgniter\CodeIgniter->run()
 6 SYSTEMPATH\Boot.php(68): CodeIgniter\Boot::runCodeIgniter(Object(CodeIgniter\CodeIgniter))
 7 FCPATH\index.php(59): CodeIgniter\Boot::bootWeb(Object(Config\Paths))
DEBUG - 2025-11-30 17:15:54 --> Session: Class initialized using 'CodeIgniter\Session\Handlers\FileHandler' driver.
WARNING - 2025-11-30 17:15:54 --> [DEPRECATED] Creation of dynamic property App\Controllers\Notifications::$data is deprecated in APPPATH\Controllers\BaseController.php on line 74.
 1 APPPATH\Controllers\BaseController.php(59): App\Controllers\BaseController->loadNotificationData()
 2 SYSTEMPATH\CodeIgniter.php(904): App\Controllers\BaseController->initController(Object(CodeIgniter\HTTP\IncomingRequest), Object(CodeIgniter\HTTP\Response), Object(CodeIgniter\Log\Logger))
 3 SYSTEMPATH\CodeIgniter.php(498): CodeIgniter\CodeIgniter->createController()
 4 SYSTEMPATH\CodeIgniter.php(354): CodeIgniter\CodeIgniter->handleRequest(null, Object(Config\Cache), false)
 5 SYSTEMPATH\Boot.php(363): CodeIgniter\CodeIgniter->run()
 6 SYSTEMPATH\Boot.php(68): CodeIgniter\Boot::runCodeIgniter(Object(CodeIgniter\CodeIgniter))
 7 FCPATH\index.php(59): CodeIgniter\Boot::bootWeb(Object(Config\Paths))
DEBUG - 2025-11-30 17:16:56 --> Session: Class initialized using 'CodeIgniter\Session\Handlers\FileHandler' driver.
WARNING - 2025-11-30 17:16:57 --> [DEPRECATED] Creation of dynamic property App\Controllers\Notifications::$data is deprecated in APPPATH\Controllers\BaseController.php on line 74.
 1 APPPATH\Controllers\BaseController.php(59): App\Controllers\BaseController->loadNotificationData()
 2 SYSTEMPATH\CodeIgniter.php(904): App\Controllers\BaseController->initController(Object(CodeIgniter\HTTP\IncomingRequest), Object(CodeIgniter\HTTP\Response), Object(CodeIgniter\Log\Logger))
 3 SYSTEMPATH\CodeIgniter.php(498): CodeIgniter\CodeIgniter->createController()
 4 SYSTEMPATH\CodeIgniter.php(354): CodeIgniter\CodeIgniter->handleRequest(null, Object(Config\Cache), false)
 5 SYSTEMPATH\Boot.php(363): CodeIgniter\CodeIgniter->run()
 6 SYSTEMPATH\Boot.php(68): CodeIgniter\Boot::runCodeIgniter(Object(CodeIgniter\CodeIgniter))
 7 FCPATH\index.php(59): CodeIgniter\Boot::bootWeb(Object(Config\Paths))
DEBUG - 2025-11-30 17:16:57 --> Session: Class initialized using 'CodeIgniter\Session\Handlers\FileHandler' driver.
WARNING - 2025-11-30 17:16:57 --> [DEPRECATED] Creation of dynamic property App\Controllers\Notifications::$data is deprecated in APPPATH\Controllers\BaseController.php on line 76.
 1 APPPATH\Controllers\BaseController.php(59): App\Controllers\BaseController->loadNotificationData()
 2 SYSTEMPATH\CodeIgniter.php(904): App\Controllers\BaseController->initController(Object(CodeIgniter\HTTP\IncomingRequest), Object(CodeIgniter\HTTP\Response), Object(CodeIgniter\Log\Logger))
 3 SYSTEMPATH\CodeIgniter.php(498): CodeIgniter\CodeIgniter->createController()
 4 SYSTEMPATH\CodeIgniter.php(354): CodeIgniter\CodeIgniter->handleRequest(null, Object(Config\Cache), false)
 5 SYSTEMPATH\Boot.php(363): CodeIgniter\CodeIgniter->run()
 6 SYSTEMPATH\Boot.php(68): CodeIgniter\Boot::runCodeIgniter(Object(CodeIgniter\CodeIgniter))
 7 FCPATH\index.php(59): CodeIgniter\Boot::bootWeb(Object(Config\Paths))
DEBUG - 2025-11-30 17:17:54 --> Session: Class initialized using 'CodeIgniter\Session\Handlers\FileHandler' driver.
WARNING - 2025-11-30 17:17:54 --> [DEPRECATED] Creation of dynamic property App\Controllers\Notifications::$data is deprecated in APPPATH\Controllers\BaseController.php on line 76.
 1 APPPATH\Controllers\BaseController.php(59): App\Controllers\BaseController->loadNotificationData()
 2 SYSTEMPATH\CodeIgniter.php(904): App\Controllers\BaseController->initController(Object(CodeIgniter\HTTP\IncomingRequest), Object(CodeIgniter\HTTP\Response), Object(CodeIgniter\Log\Logger))
 3 SYSTEMPATH\CodeIgniter.php(498): CodeIgniter\CodeIgniter->createController()
 4 SYSTEMPATH\CodeIgniter.php(354): CodeIgniter\CodeIgniter->handleRequest(null, Object(Config\Cache), false)
 5 SYSTEMPATH\Boot.php(363): CodeIgniter\CodeIgniter->run()
 6 SYSTEMPATH\Boot.php(68): CodeIgniter\Boot::runCodeIgniter(Object(CodeIgniter\CodeIgniter))
 7 FCPATH\index.php(59): CodeIgniter\Boot::bootWeb(Object(Config\Paths))
DEBUG - 2025-11-30 17:17:54 --> Session: Class initialized using 'CodeIgniter\Session\Handlers\FileHandler' driver.
WARNING - 2025-11-30 17:17:54 --> [DEPRECATED] Creation of dynamic property App\Controllers\Notifications::$data is deprecated in APPPATH\Controllers\BaseController.php on line 74.
 1 APPPATH\Controllers\BaseController.php(59): App\Controllers\BaseController->loadNotificationData()
 2 SYSTEMPATH\CodeIgniter.php(904): App\Controllers\BaseController->initController(Object(CodeIgniter\HTTP\IncomingRequest), Object(CodeIgniter\HTTP\Response), Object(CodeIgniter\Log\Logger))
 3 SYSTEMPATH\CodeIgniter.php(498): CodeIgniter\CodeIgniter->createController()
 4 SYSTEMPATH\CodeIgniter.php(354): CodeIgniter\CodeIgniter->handleRequest(null, Object(Config\Cache), false)
 5 SYSTEMPATH\Boot.php(363): CodeIgniter\CodeIgniter->run()
 6 SYSTEMPATH\Boot.php(68): CodeIgniter\Boot::runCodeIgniter(Object(CodeIgniter\CodeIgniter))
 7 FCPATH\index.php(59): CodeIgniter\Boot::bootWeb(Object(Config\Paths))
DEBUG - 2025-11-30 17:18:54 --> Session: Class initialized using 'CodeIgniter\Session\Handlers\FileHandler' driver.
DEBUG - 2025-11-30 17:18:54 --> Session: Class initialized using 'CodeIgniter\Session\Handlers\FileHandler' driver.
WARNING - 2025-11-30 17:18:54 --> [DEPRECATED] Creation of dynamic property App\Controllers\Notifications::$data is deprecated in APPPATH\Controllers\BaseController.php on line 76.
 1 APPPATH\Controllers\BaseController.php(59): App\Controllers\BaseController->loadNotificationData()
 2 SYSTEMPATH\CodeIgniter.php(904): App\Controllers\BaseController->initController(Object(CodeIgniter\HTTP\IncomingRequest), Object(CodeIgniter\HTTP\Response), Object(CodeIgniter\Log\Logger))
 3 SYSTEMPATH\CodeIgniter.php(498): CodeIgniter\CodeIgniter->createController()
 4 SYSTEMPATH\CodeIgniter.php(354): CodeIgniter\CodeIgniter->handleRequest(null, Object(Config\Cache), false)
 5 SYSTEMPATH\Boot.php(363): CodeIgniter\CodeIgniter->run()
 6 SYSTEMPATH\Boot.php(68): CodeIgniter\Boot::runCodeIgniter(Object(CodeIgniter\CodeIgniter))
 7 FCPATH\index.php(59): CodeIgniter\Boot::bootWeb(Object(Config\Paths))
WARNING - 2025-11-30 17:18:54 --> [DEPRECATED] Creation of dynamic property App\Controllers\Notifications::$data is deprecated in APPPATH\Controllers\BaseController.php on line 74.
 1 APPPATH\Controllers\BaseController.php(59): App\Controllers\BaseController->loadNotificationData()
 2 SYSTEMPATH\CodeIgniter.php(904): App\Controllers\BaseController->initController(Object(CodeIgniter\HTTP\IncomingRequest), Object(CodeIgniter\HTTP\Response), Object(CodeIgniter\Log\Logger))
 3 SYSTEMPATH\CodeIgniter.php(498): CodeIgniter\CodeIgniter->createController()
 4 SYSTEMPATH\CodeIgniter.php(354): CodeIgniter\CodeIgniter->handleRequest(null, Object(Config\Cache), false)
 5 SYSTEMPATH\Boot.php(363): CodeIgniter\CodeIgniter->run()
 6 SYSTEMPATH\Boot.php(68): CodeIgniter\Boot::runCodeIgniter(Object(CodeIgniter\CodeIgniter))
 7 FCPATH\index.php(59): CodeIgniter\Boot::bootWeb(Object(Config\Paths))
DEBUG - 2025-11-30 17:19:54 --> Session: Class initialized using 'CodeIgniter\Session\Handlers\FileHandler' driver.
DEBUG - 2025-11-30 17:19:54 --> Session: Class initialized using 'CodeIgniter\Session\Handlers\FileHandler' driver.
WARNING - 2025-11-30 17:19:54 --> [DEPRECATED] Creation of dynamic property App\Controllers\Notifications::$data is deprecated in APPPATH\Controllers\BaseController.php on line 76.
 1 APPPATH\Controllers\BaseController.php(59): App\Controllers\BaseController->loadNotificationData()
 2 SYSTEMPATH\CodeIgniter.php(904): App\Controllers\BaseController->initController(Object(CodeIgniter\HTTP\IncomingRequest), Object(CodeIgniter\HTTP\Response), Object(CodeIgniter\Log\Logger))
 3 SYSTEMPATH\CodeIgniter.php(498): CodeIgniter\CodeIgniter->createController()
 4 SYSTEMPATH\CodeIgniter.php(354): CodeIgniter\CodeIgniter->handleRequest(null, Object(Config\Cache), false)
 5 SYSTEMPATH\Boot.php(363): CodeIgniter\CodeIgniter->run()
 6 SYSTEMPATH\Boot.php(68): CodeIgniter\Boot::runCodeIgniter(Object(CodeIgniter\CodeIgniter))
 7 FCPATH\index.php(59): CodeIgniter\Boot::bootWeb(Object(Config\Paths))
WARNING - 2025-11-30 17:19:54 --> [DEPRECATED] Creation of dynamic property App\Controllers\Notifications::$data is deprecated in APPPATH\Controllers\BaseController.php on line 74.
 1 APPPATH\Controllers\BaseController.php(59): App\Controllers\BaseController->loadNotificationData()
 2 SYSTEMPATH\CodeIgniter.php(904): App\Controllers\BaseController->initController(Object(CodeIgniter\HTTP\IncomingRequest), Object(CodeIgniter\HTTP\Response), Object(CodeIgniter\Log\Logger))
 3 SYSTEMPATH\CodeIgniter.php(498): CodeIgniter\CodeIgniter->createController()
 4 SYSTEMPATH\CodeIgniter.php(354): CodeIgniter\CodeIgniter->handleRequest(null, Object(Config\Cache), false)
 5 SYSTEMPATH\Boot.php(363): CodeIgniter\CodeIgniter->run()
 6 SYSTEMPATH\Boot.php(68): CodeIgniter\Boot::runCodeIgniter(Object(CodeIgniter\CodeIgniter))
 7 FCPATH\index.php(59): CodeIgniter\Boot::bootWeb(Object(Config\Paths))
DEBUG - 2025-11-30 17:20:42 --> Session: Class initialized using 'CodeIgniter\Session\Handlers\FileHandler' driver.
WARNING - 2025-11-30 17:20:42 --> [DEPRECATED] Creation of dynamic property App\Controllers\Teacher::$data is deprecated in APPPATH\Controllers\BaseController.php on line 74.
 1 APPPATH\Controllers\BaseController.php(59): App\Controllers\BaseController->loadNotificationData()
 2 SYSTEMPATH\CodeIgniter.php(904): App\Controllers\BaseController->initController(Object(CodeIgniter\HTTP\IncomingRequest), Object(CodeIgniter\HTTP\Response), Object(CodeIgniter\Log\Logger))
 3 SYSTEMPATH\CodeIgniter.php(498): CodeIgniter\CodeIgniter->createController()
 4 SYSTEMPATH\CodeIgniter.php(354): CodeIgniter\CodeIgniter->handleRequest(null, Object(Config\Cache), false)
 5 SYSTEMPATH\Boot.php(363): CodeIgniter\CodeIgniter->run()
 6 SYSTEMPATH\Boot.php(68): CodeIgniter\Boot::runCodeIgniter(Object(CodeIgniter\CodeIgniter))
 7 FCPATH\index.php(59): CodeIgniter\Boot::bootWeb(Object(Config\Paths))
ERROR - 2025-11-30 17:20:42 --> mysqli_sql_exception: Duplicate column name 'course_id' in C:\xampp\htdocs\ITE311-VISAYAS\system\Database\MySQLi\Connection.php:327
Stack trace:
#0 C:\xampp\htdocs\ITE311-VISAYAS\system\Database\MySQLi\Connection.php(327): mysqli->query('SELECT COUNT(*)...', 0)
#1 C:\xampp\htdocs\ITE311-VISAYAS\system\Database\BaseConnection.php(729): CodeIgniter\Database\MySQLi\Connection->execute('SELECT COUNT(*)...')
#2 C:\xampp\htdocs\ITE311-VISAYAS\system\Database\BaseConnection.php(646): CodeIgniter\Database\BaseConnection->simpleQuery('SELECT COUNT(*)...')
#3 C:\xampp\htdocs\ITE311-VISAYAS\system\Database\BaseBuilder.php(1733): CodeIgniter\Database\BaseConnection->query('SELECT COUNT(*)...', Array, false)
#4 C:\xampp\htdocs\ITE311-VISAYAS\app\Models\CourseModel.php(132): CodeIgniter\Database\BaseBuilder->countAllResults()
#5 C:\xampp\htdocs\ITE311-VISAYAS\app\Controllers\Teacher.php(56): App\Models\CourseModel->getTeacherStatistics('21')
#6 C:\xampp\htdocs\ITE311-VISAYAS\system\CodeIgniter.php(933): App\Controllers\Teacher->manageCourses()
#7 C:\xampp\htdocs\ITE311-VISAYAS\system\CodeIgniter.php(507): CodeIgniter\CodeIgniter->runController(Object(App\Controllers\Teacher))
#8 C:\xampp\htdocs\ITE311-VISAYAS\system\CodeIgniter.php(354): CodeIgniter\CodeIgniter->handleRequest(NULL, Object(Config\Cache), false)
#9 C:\xampp\htdocs\ITE311-VISAYAS\system\Boot.php(363): CodeIgniter\CodeIgniter->run()
#10 C:\xampp\htdocs\ITE311-VISAYAS\system\Boot.php(68): CodeIgniter\Boot::runCodeIgniter(Object(CodeIgniter\CodeIgniter))
#11 C:\xampp\htdocs\ITE311-VISAYAS\index.php(59): CodeIgniter\Boot::bootWeb(Object(Config\Paths))
#12 {main}
CRITICAL - 2025-11-30 17:20:42 --> CodeIgniter\Database\Exceptions\DatabaseException: Duplicate column name 'course_id'
[Method: GET, Route: teacher/manage-courses]
in SYSTEMPATH\Database\BaseConnection.php on line 684.
 1 SYSTEMPATH\Database\BaseBuilder.php(1733): CodeIgniter\Database\BaseConnection->query('SELECT COUNT(*) AS `numrows`
FROM (
SELECT DISTINCT *
FROM `courses` `c`
JOIN `enrollments` `e` ON `c`.`course_id` = `e`.`course_id`
WHERE `c`.`teacher_id` = :c.teacher_id:
AND `e`.`status` IN :e.status:
) CI_count_all_results', [...], false)
 2 APPPATH\Models\CourseModel.php(132): CodeIgniter\Database\BaseBuilder->countAllResults()
 3 APPPATH\Controllers\Teacher.php(56): App\Models\CourseModel->getTeacherStatistics('21')
 4 SYSTEMPATH\CodeIgniter.php(933): App\Controllers\Teacher->manageCourses()
 5 SYSTEMPATH\CodeIgniter.php(507): CodeIgniter\CodeIgniter->runController(Object(App\Controllers\Teacher))
 6 SYSTEMPATH\CodeIgniter.php(354): CodeIgniter\CodeIgniter->handleRequest(null, Object(Config\Cache), false)
 7 SYSTEMPATH\Boot.php(363): CodeIgniter\CodeIgniter->run()
 8 SYSTEMPATH\Boot.php(68): CodeIgniter\Boot::runCodeIgniter(Object(CodeIgniter\CodeIgniter))
 9 FCPATH\index.php(59): CodeIgniter\Boot::bootWeb(Object(Config\Paths))
CRITICAL - 2025-11-30 17:20:42 --> [Caused by] CodeIgniter\Database\Exceptions\DatabaseException: Duplicate column name 'course_id'
in SYSTEMPATH\Database\MySQLi\Connection.php on line 332.
 1 SYSTEMPATH\Database\BaseConnection.php(729): CodeIgniter\Database\MySQLi\Connection->execute('SELECT COUNT(*) AS `numrows`
FROM (
SELECT DISTINCT *
FROM `courses` `c`
JOIN `enrollments` `e` ON `c`.`course_id` = `e`.`course_id`
WHERE `c`.`teacher_id` = \'21\'
AND `e`.`status` IN (\'enrolled\',\'active\')
) CI_count_all_results')
 2 SYSTEMPATH\Database\BaseConnection.php(646): CodeIgniter\Database\BaseConnection->simpleQuery('SELECT COUNT(*) AS `numrows`
FROM (
SELECT DISTINCT *
FROM `courses` `c`
JOIN `enrollments` `e` ON `c`.`course_id` = `e`.`course_id`
WHERE `c`.`teacher_id` = \'21\'
AND `e`.`status` IN (\'enrolled\',\'active\')
) CI_count_all_results')
 3 SYSTEMPATH\Database\BaseBuilder.php(1733): CodeIgniter\Database\BaseConnection->query('SELECT COUNT(*) AS `numrows`
FROM (
SELECT DISTINCT *
FROM `courses` `c`
JOIN `enrollments` `e` ON `c`.`course_id` = `e`.`course_id`
WHERE `c`.`teacher_id` = :c.teacher_id:
AND `e`.`status` IN :e.status:
) CI_count_all_results', [...], false)
 4 APPPATH\Models\CourseModel.php(132): CodeIgniter\Database\BaseBuilder->countAllResults()
 5 APPPATH\Controllers\Teacher.php(56): App\Models\CourseModel->getTeacherStatistics('21')
 6 SYSTEMPATH\CodeIgniter.php(933): App\Controllers\Teacher->manageCourses()
 7 SYSTEMPATH\CodeIgniter.php(507): CodeIgniter\CodeIgniter->runController(Object(App\Controllers\Teacher))
 8 SYSTEMPATH\CodeIgniter.php(354): CodeIgniter\CodeIgniter->handleRequest(null, Object(Config\Cache), false)
 9 SYSTEMPATH\Boot.php(363): CodeIgniter\CodeIgniter->run()
10 SYSTEMPATH\Boot.php(68): CodeIgniter\Boot::runCodeIgniter(Object(CodeIgniter\CodeIgniter))
11 FCPATH\index.php(59): CodeIgniter\Boot::bootWeb(Object(Config\Paths))
CRITICAL - 2025-11-30 17:20:42 --> [Caused by] mysqli_sql_exception: Duplicate column name 'course_id'
in SYSTEMPATH\Database\MySQLi\Connection.php on line 327.
 1 SYSTEMPATH\Database\MySQLi\Connection.php(327): mysqli->query('SELECT COUNT(*) AS `numrows`
FROM (
SELECT DISTINCT *
FROM `courses` `c`
JOIN `enrollments` `e` ON `c`.`course_id` = `e`.`course_id`
WHERE `c`.`teacher_id` = \'21\'
AND `e`.`status` IN (\'enrolled\',\'active\')
) CI_count_all_results', 0)
 2 SYSTEMPATH\Database\BaseConnection.php(729): CodeIgniter\Database\MySQLi\Connection->execute('SELECT COUNT(*) AS `numrows`
FROM (
SELECT DISTINCT *
FROM `courses` `c`
JOIN `enrollments` `e` ON `c`.`course_id` = `e`.`course_id`
WHERE `c`.`teacher_id` = \'21\'
AND `e`.`status` IN (\'enrolled\',\'active\')
) CI_count_all_results')
 3 SYSTEMPATH\Database\BaseConnection.php(646): CodeIgniter\Database\BaseConnection->simpleQuery('SELECT COUNT(*) AS `numrows`
FROM (
SELECT DISTINCT *
FROM `courses` `c`
JOIN `enrollments` `e` ON `c`.`course_id` = `e`.`course_id`
WHERE `c`.`teacher_id` = \'21\'
AND `e`.`status` IN (\'enrolled\',\'active\')
) CI_count_all_results')
 4 SYSTEMPATH\Database\BaseBuilder.php(1733): CodeIgniter\Database\BaseConnection->query('SELECT COUNT(*) AS `numrows`
FROM (
SELECT DISTINCT *
FROM `courses` `c`
JOIN `enrollments` `e` ON `c`.`course_id` = `e`.`course_id`
WHERE `c`.`teacher_id` = :c.teacher_id:
AND `e`.`status` IN :e.status:
) CI_count_all_results', [...], false)
 5 APPPATH\Models\CourseModel.php(132): CodeIgniter\Database\BaseBuilder->countAllResults()
 6 APPPATH\Controllers\Teacher.php(56): App\Models\CourseModel->getTeacherStatistics('21')
 7 SYSTEMPATH\CodeIgniter.php(933): App\Controllers\Teacher->manageCourses()
 8 SYSTEMPATH\CodeIgniter.php(507): CodeIgniter\CodeIgniter->runController(Object(App\Controllers\Teacher))
 9 SYSTEMPATH\CodeIgniter.php(354): CodeIgniter\CodeIgniter->handleRequest(null, Object(Config\Cache), false)
10 SYSTEMPATH\Boot.php(363): CodeIgniter\CodeIgniter->run()
11 SYSTEMPATH\Boot.php(68): CodeIgniter\Boot::runCodeIgniter(Object(CodeIgniter\CodeIgniter))
12 FCPATH\index.php(59): CodeIgniter\Boot::bootWeb(Object(Config\Paths))
DEBUG - 2025-11-30 17:20:54 --> Session: Class initialized using 'CodeIgniter\Session\Handlers\FileHandler' driver.
WARNING - 2025-11-30 17:20:54 --> [DEPRECATED] Creation of dynamic property App\Controllers\Notifications::$data is deprecated in APPPATH\Controllers\BaseController.php on line 76.
 1 APPPATH\Controllers\BaseController.php(59): App\Controllers\BaseController->loadNotificationData()
 2 SYSTEMPATH\CodeIgniter.php(904): App\Controllers\BaseController->initController(Object(CodeIgniter\HTTP\IncomingRequest), Object(CodeIgniter\HTTP\Response), Object(CodeIgniter\Log\Logger))
 3 SYSTEMPATH\CodeIgniter.php(498): CodeIgniter\CodeIgniter->createController()
 4 SYSTEMPATH\CodeIgniter.php(354): CodeIgniter\CodeIgniter->handleRequest(null, Object(Config\Cache), false)
 5 SYSTEMPATH\Boot.php(363): CodeIgniter\CodeIgniter->run()
 6 SYSTEMPATH\Boot.php(68): CodeIgniter\Boot::runCodeIgniter(Object(CodeIgniter\CodeIgniter))
 7 FCPATH\index.php(59): CodeIgniter\Boot::bootWeb(Object(Config\Paths))
DEBUG - 2025-11-30 17:20:54 --> Session: Class initialized using 'CodeIgniter\Session\Handlers\FileHandler' driver.
WARNING - 2025-11-30 17:20:54 --> [DEPRECATED] Creation of dynamic property App\Controllers\Notifications::$data is deprecated in APPPATH\Controllers\BaseController.php on line 74.
 1 APPPATH\Controllers\BaseController.php(59): App\Controllers\BaseController->loadNotificationData()
 2 SYSTEMPATH\CodeIgniter.php(904): App\Controllers\BaseController->initController(Object(CodeIgniter\HTTP\IncomingRequest), Object(CodeIgniter\HTTP\Response), Object(CodeIgniter\Log\Logger))
 3 SYSTEMPATH\CodeIgniter.php(498): CodeIgniter\CodeIgniter->createController()
 4 SYSTEMPATH\CodeIgniter.php(354): CodeIgniter\CodeIgniter->handleRequest(null, Object(Config\Cache), false)
 5 SYSTEMPATH\Boot.php(363): CodeIgniter\CodeIgniter->run()
 6 SYSTEMPATH\Boot.php(68): CodeIgniter\Boot::runCodeIgniter(Object(CodeIgniter\CodeIgniter))
 7 FCPATH\index.php(59): CodeIgniter\Boot::bootWeb(Object(Config\Paths))
DEBUG - 2025-11-30 17:21:54 --> Session: Class initialized using 'CodeIgniter\Session\Handlers\FileHandler' driver.
DEBUG - 2025-11-30 17:21:54 --> Session: Class initialized using 'CodeIgniter\Session\Handlers\FileHandler' driver.
WARNING - 2025-11-30 17:21:54 --> [DEPRECATED] Creation of dynamic property App\Controllers\Notifications::$data is deprecated in APPPATH\Controllers\BaseController.php on line 74.
 1 APPPATH\Controllers\BaseController.php(59): App\Controllers\BaseController->loadNotificationData()
 2 SYSTEMPATH\CodeIgniter.php(904): App\Controllers\BaseController->initController(Object(CodeIgniter\HTTP\IncomingRequest), Object(CodeIgniter\HTTP\Response), Object(CodeIgniter\Log\Logger))
 3 SYSTEMPATH\CodeIgniter.php(498): CodeIgniter\CodeIgniter->createController()
 4 SYSTEMPATH\CodeIgniter.php(354): CodeIgniter\CodeIgniter->handleRequest(null, Object(Config\Cache), false)
 5 SYSTEMPATH\Boot.php(363): CodeIgniter\CodeIgniter->run()
 6 SYSTEMPATH\Boot.php(68): CodeIgniter\Boot::runCodeIgniter(Object(CodeIgniter\CodeIgniter))
 7 FCPATH\index.php(59): CodeIgniter\Boot::bootWeb(Object(Config\Paths))
WARNING - 2025-11-30 17:21:54 --> [DEPRECATED] Creation of dynamic property App\Controllers\Notifications::$data is deprecated in APPPATH\Controllers\BaseController.php on line 76.
 1 APPPATH\Controllers\BaseController.php(59): App\Controllers\BaseController->loadNotificationData()
 2 SYSTEMPATH\CodeIgniter.php(904): App\Controllers\BaseController->initController(Object(CodeIgniter\HTTP\IncomingRequest), Object(CodeIgniter\HTTP\Response), Object(CodeIgniter\Log\Logger))
 3 SYSTEMPATH\CodeIgniter.php(498): CodeIgniter\CodeIgniter->createController()
 4 SYSTEMPATH\CodeIgniter.php(354): CodeIgniter\CodeIgniter->handleRequest(null, Object(Config\Cache), false)
 5 SYSTEMPATH\Boot.php(363): CodeIgniter\CodeIgniter->run()
 6 SYSTEMPATH\Boot.php(68): CodeIgniter\Boot::runCodeIgniter(Object(CodeIgniter\CodeIgniter))
 7 FCPATH\index.php(59): CodeIgniter\Boot::bootWeb(Object(Config\Paths))
DEBUG - 2025-11-30 17:22:54 --> Session: Class initialized using 'CodeIgniter\Session\Handlers\FileHandler' driver.
WARNING - 2025-11-30 17:22:54 --> [DEPRECATED] Creation of dynamic property App\Controllers\Notifications::$data is deprecated in APPPATH\Controllers\BaseController.php on line 76.
 1 APPPATH\Controllers\BaseController.php(59): App\Controllers\BaseController->loadNotificationData()
 2 SYSTEMPATH\CodeIgniter.php(904): App\Controllers\BaseController->initController(Object(CodeIgniter\HTTP\IncomingRequest), Object(CodeIgniter\HTTP\Response), Object(CodeIgniter\Log\Logger))
 3 SYSTEMPATH\CodeIgniter.php(498): CodeIgniter\CodeIgniter->createController()
 4 SYSTEMPATH\CodeIgniter.php(354): CodeIgniter\CodeIgniter->handleRequest(null, Object(Config\Cache), false)
 5 SYSTEMPATH\Boot.php(363): CodeIgniter\CodeIgniter->run()
 6 SYSTEMPATH\Boot.php(68): CodeIgniter\Boot::runCodeIgniter(Object(CodeIgniter\CodeIgniter))
 7 FCPATH\index.php(59): CodeIgniter\Boot::bootWeb(Object(Config\Paths))
DEBUG - 2025-11-30 17:22:54 --> Session: Class initialized using 'CodeIgniter\Session\Handlers\FileHandler' driver.
WARNING - 2025-11-30 17:22:54 --> [DEPRECATED] Creation of dynamic property App\Controllers\Notifications::$data is deprecated in APPPATH\Controllers\BaseController.php on line 74.
 1 APPPATH\Controllers\BaseController.php(59): App\Controllers\BaseController->loadNotificationData()
 2 SYSTEMPATH\CodeIgniter.php(904): App\Controllers\BaseController->initController(Object(CodeIgniter\HTTP\IncomingRequest), Object(CodeIgniter\HTTP\Response), Object(CodeIgniter\Log\Logger))
 3 SYSTEMPATH\CodeIgniter.php(498): CodeIgniter\CodeIgniter->createController()
 4 SYSTEMPATH\CodeIgniter.php(354): CodeIgniter\CodeIgniter->handleRequest(null, Object(Config\Cache), false)
 5 SYSTEMPATH\Boot.php(363): CodeIgniter\CodeIgniter->run()
 6 SYSTEMPATH\Boot.php(68): CodeIgniter\Boot::runCodeIgniter(Object(CodeIgniter\CodeIgniter))
 7 FCPATH\index.php(59): CodeIgniter\Boot::bootWeb(Object(Config\Paths))
DEBUG - 2025-11-30 17:23:54 --> Session: Class initialized using 'CodeIgniter\Session\Handlers\FileHandler' driver.
DEBUG - 2025-11-30 17:23:54 --> Session: Class initialized using 'CodeIgniter\Session\Handlers\FileHandler' driver.
WARNING - 2025-11-30 17:23:54 --> [DEPRECATED] Creation of dynamic property App\Controllers\Notifications::$data is deprecated in APPPATH\Controllers\BaseController.php on line 76.
 1 APPPATH\Controllers\BaseController.php(59): App\Controllers\BaseController->loadNotificationData()
 2 SYSTEMPATH\CodeIgniter.php(904): App\Controllers\BaseController->initController(Object(CodeIgniter\HTTP\IncomingRequest), Object(CodeIgniter\HTTP\Response), Object(CodeIgniter\Log\Logger))
 3 SYSTEMPATH\CodeIgniter.php(498): CodeIgniter\CodeIgniter->createController()
 4 SYSTEMPATH\CodeIgniter.php(354): CodeIgniter\CodeIgniter->handleRequest(null, Object(Config\Cache), false)
 5 SYSTEMPATH\Boot.php(363): CodeIgniter\CodeIgniter->run()
 6 SYSTEMPATH\Boot.php(68): CodeIgniter\Boot::runCodeIgniter(Object(CodeIgniter\CodeIgniter))
 7 FCPATH\index.php(59): CodeIgniter\Boot::bootWeb(Object(Config\Paths))
WARNING - 2025-11-30 17:23:54 --> [DEPRECATED] Creation of dynamic property App\Controllers\Notifications::$data is deprecated in APPPATH\Controllers\BaseController.php on line 74.
 1 APPPATH\Controllers\BaseController.php(59): App\Controllers\BaseController->loadNotificationData()
 2 SYSTEMPATH\CodeIgniter.php(904): App\Controllers\BaseController->initController(Object(CodeIgniter\HTTP\IncomingRequest), Object(CodeIgniter\HTTP\Response), Object(CodeIgniter\Log\Logger))
 3 SYSTEMPATH\CodeIgniter.php(498): CodeIgniter\CodeIgniter->createController()
 4 SYSTEMPATH\CodeIgniter.php(354): CodeIgniter\CodeIgniter->handleRequest(null, Object(Config\Cache), false)
 5 SYSTEMPATH\Boot.php(363): CodeIgniter\CodeIgniter->run()
 6 SYSTEMPATH\Boot.php(68): CodeIgniter\Boot::runCodeIgniter(Object(CodeIgniter\CodeIgniter))
 7 FCPATH\index.php(59): CodeIgniter\Boot::bootWeb(Object(Config\Paths))
DEBUG - 2025-11-30 17:24:54 --> Session: Class initialized using 'CodeIgniter\Session\Handlers\FileHandler' driver.
DEBUG - 2025-11-30 17:24:54 --> Session: Class initialized using 'CodeIgniter\Session\Handlers\FileHandler' driver.
WARNING - 2025-11-30 17:24:55 --> [DEPRECATED] Creation of dynamic property App\Controllers\Notifications::$data is deprecated in APPPATH\Controllers\BaseController.php on line 76.
 1 APPPATH\Controllers\BaseController.php(59): App\Controllers\BaseController->loadNotificationData()
 2 SYSTEMPATH\CodeIgniter.php(904): App\Controllers\BaseController->initController(Object(CodeIgniter\HTTP\IncomingRequest), Object(CodeIgniter\HTTP\Response), Object(CodeIgniter\Log\Logger))
 3 SYSTEMPATH\CodeIgniter.php(498): CodeIgniter\CodeIgniter->createController()
 4 SYSTEMPATH\CodeIgniter.php(354): CodeIgniter\CodeIgniter->handleRequest(null, Object(Config\Cache), false)
 5 SYSTEMPATH\Boot.php(363): CodeIgniter\CodeIgniter->run()
 6 SYSTEMPATH\Boot.php(68): CodeIgniter\Boot::runCodeIgniter(Object(CodeIgniter\CodeIgniter))
 7 FCPATH\index.php(59): CodeIgniter\Boot::bootWeb(Object(Config\Paths))
WARNING - 2025-11-30 17:24:55 --> [DEPRECATED] Creation of dynamic property App\Controllers\Notifications::$data is deprecated in APPPATH\Controllers\BaseController.php on line 74.
 1 APPPATH\Controllers\BaseController.php(59): App\Controllers\BaseController->loadNotificationData()
 2 SYSTEMPATH\CodeIgniter.php(904): App\Controllers\BaseController->initController(Object(CodeIgniter\HTTP\IncomingRequest), Object(CodeIgniter\HTTP\Response), Object(CodeIgniter\Log\Logger))
 3 SYSTEMPATH\CodeIgniter.php(498): CodeIgniter\CodeIgniter->createController()
 4 SYSTEMPATH\CodeIgniter.php(354): CodeIgniter\CodeIgniter->handleRequest(null, Object(Config\Cache), false)
 5 SYSTEMPATH\Boot.php(363): CodeIgniter\CodeIgniter->run()
 6 SYSTEMPATH\Boot.php(68): CodeIgniter\Boot::runCodeIgniter(Object(CodeIgniter\CodeIgniter))
 7 FCPATH\index.php(59): CodeIgniter\Boot::bootWeb(Object(Config\Paths))
DEBUG - 2025-11-30 17:25:54 --> Session: Class initialized using 'CodeIgniter\Session\Handlers\FileHandler' driver.
DEBUG - 2025-11-30 17:25:54 --> Session: Class initialized using 'CodeIgniter\Session\Handlers\FileHandler' driver.
WARNING - 2025-11-30 17:25:54 --> [DEPRECATED] Creation of dynamic property App\Controllers\Notifications::$data is deprecated in APPPATH\Controllers\BaseController.php on line 76.
 1 APPPATH\Controllers\BaseController.php(59): App\Controllers\BaseController->loadNotificationData()
 2 SYSTEMPATH\CodeIgniter.php(904): App\Controllers\BaseController->initController(Object(CodeIgniter\HTTP\IncomingRequest), Object(CodeIgniter\HTTP\Response), Object(CodeIgniter\Log\Logger))
 3 SYSTEMPATH\CodeIgniter.php(498): CodeIgniter\CodeIgniter->createController()
 4 SYSTEMPATH\CodeIgniter.php(354): CodeIgniter\CodeIgniter->handleRequest(null, Object(Config\Cache), false)
 5 SYSTEMPATH\Boot.php(363): CodeIgniter\CodeIgniter->run()
 6 SYSTEMPATH\Boot.php(68): CodeIgniter\Boot::runCodeIgniter(Object(CodeIgniter\CodeIgniter))
 7 FCPATH\index.php(59): CodeIgniter\Boot::bootWeb(Object(Config\Paths))
WARNING - 2025-11-30 17:25:54 --> [DEPRECATED] Creation of dynamic property App\Controllers\Notifications::$data is deprecated in APPPATH\Controllers\BaseController.php on line 74.
 1 APPPATH\Controllers\BaseController.php(59): App\Controllers\BaseController->loadNotificationData()
 2 SYSTEMPATH\CodeIgniter.php(904): App\Controllers\BaseController->initController(Object(CodeIgniter\HTTP\IncomingRequest), Object(CodeIgniter\HTTP\Response), Object(CodeIgniter\Log\Logger))
 3 SYSTEMPATH\CodeIgniter.php(498): CodeIgniter\CodeIgniter->createController()
 4 SYSTEMPATH\CodeIgniter.php(354): CodeIgniter\CodeIgniter->handleRequest(null, Object(Config\Cache), false)
 5 SYSTEMPATH\Boot.php(363): CodeIgniter\CodeIgniter->run()
 6 SYSTEMPATH\Boot.php(68): CodeIgniter\Boot::runCodeIgniter(Object(CodeIgniter\CodeIgniter))
 7 FCPATH\index.php(59): CodeIgniter\Boot::bootWeb(Object(Config\Paths))
DEBUG - 2025-11-30 17:26:54 --> Session: Class initialized using 'CodeIgniter\Session\Handlers\FileHandler' driver.
DEBUG - 2025-11-30 17:26:54 --> Session: Class initialized using 'CodeIgniter\Session\Handlers\FileHandler' driver.
WARNING - 2025-11-30 17:26:54 --> [DEPRECATED] Creation of dynamic property App\Controllers\Notifications::$data is deprecated in APPPATH\Controllers\BaseController.php on line 76.
 1 APPPATH\Controllers\BaseController.php(59): App\Controllers\BaseController->loadNotificationData()
 2 SYSTEMPATH\CodeIgniter.php(904): App\Controllers\BaseController->initController(Object(CodeIgniter\HTTP\IncomingRequest), Object(CodeIgniter\HTTP\Response), Object(CodeIgniter\Log\Logger))
 3 SYSTEMPATH\CodeIgniter.php(498): CodeIgniter\CodeIgniter->createController()
 4 SYSTEMPATH\CodeIgniter.php(354): CodeIgniter\CodeIgniter->handleRequest(null, Object(Config\Cache), false)
 5 SYSTEMPATH\Boot.php(363): CodeIgniter\CodeIgniter->run()
 6 SYSTEMPATH\Boot.php(68): CodeIgniter\Boot::runCodeIgniter(Object(CodeIgniter\CodeIgniter))
 7 FCPATH\index.php(59): CodeIgniter\Boot::bootWeb(Object(Config\Paths))
WARNING - 2025-11-30 17:26:54 --> [DEPRECATED] Creation of dynamic property App\Controllers\Notifications::$data is deprecated in APPPATH\Controllers\BaseController.php on line 74.
 1 APPPATH\Controllers\BaseController.php(59): App\Controllers\BaseController->loadNotificationData()
 2 SYSTEMPATH\CodeIgniter.php(904): App\Controllers\BaseController->initController(Object(CodeIgniter\HTTP\IncomingRequest), Object(CodeIgniter\HTTP\Response), Object(CodeIgniter\Log\Logger))
 3 SYSTEMPATH\CodeIgniter.php(498): CodeIgniter\CodeIgniter->createController()
 4 SYSTEMPATH\CodeIgniter.php(354): CodeIgniter\CodeIgniter->handleRequest(null, Object(Config\Cache), false)
 5 SYSTEMPATH\Boot.php(363): CodeIgniter\CodeIgniter->run()
 6 SYSTEMPATH\Boot.php(68): CodeIgniter\Boot::runCodeIgniter(Object(CodeIgniter\CodeIgniter))
 7 FCPATH\index.php(59): CodeIgniter\Boot::bootWeb(Object(Config\Paths))
DEBUG - 2025-11-30 17:27:54 --> Session: Class initialized using 'CodeIgniter\Session\Handlers\FileHandler' driver.
DEBUG - 2025-11-30 17:27:54 --> Session: Class initialized using 'CodeIgniter\Session\Handlers\FileHandler' driver.
WARNING - 2025-11-30 17:27:54 --> [DEPRECATED] Creation of dynamic property App\Controllers\Notifications::$data is deprecated in APPPATH\Controllers\BaseController.php on line 76.
 1 APPPATH\Controllers\BaseController.php(59): App\Controllers\BaseController->loadNotificationData()
 2 SYSTEMPATH\CodeIgniter.php(904): App\Controllers\BaseController->initController(Object(CodeIgniter\HTTP\IncomingRequest), Object(CodeIgniter\HTTP\Response), Object(CodeIgniter\Log\Logger))
 3 SYSTEMPATH\CodeIgniter.php(498): CodeIgniter\CodeIgniter->createController()
 4 SYSTEMPATH\CodeIgniter.php(354): CodeIgniter\CodeIgniter->handleRequest(null, Object(Config\Cache), false)
 5 SYSTEMPATH\Boot.php(363): CodeIgniter\CodeIgniter->run()
 6 SYSTEMPATH\Boot.php(68): CodeIgniter\Boot::runCodeIgniter(Object(CodeIgniter\CodeIgniter))
 7 FCPATH\index.php(59): CodeIgniter\Boot::bootWeb(Object(Config\Paths))
WARNING - 2025-11-30 17:27:54 --> [DEPRECATED] Creation of dynamic property App\Controllers\Notifications::$data is deprecated in APPPATH\Controllers\BaseController.php on line 74.
 1 APPPATH\Controllers\BaseController.php(59): App\Controllers\BaseController->loadNotificationData()
 2 SYSTEMPATH\CodeIgniter.php(904): App\Controllers\BaseController->initController(Object(CodeIgniter\HTTP\IncomingRequest), Object(CodeIgniter\HTTP\Response), Object(CodeIgniter\Log\Logger))
 3 SYSTEMPATH\CodeIgniter.php(498): CodeIgniter\CodeIgniter->createController()
 4 SYSTEMPATH\CodeIgniter.php(354): CodeIgniter\CodeIgniter->handleRequest(null, Object(Config\Cache), false)
 5 SYSTEMPATH\Boot.php(363): CodeIgniter\CodeIgniter->run()
 6 SYSTEMPATH\Boot.php(68): CodeIgniter\Boot::runCodeIgniter(Object(CodeIgniter\CodeIgniter))
 7 FCPATH\index.php(59): CodeIgniter\Boot::bootWeb(Object(Config\Paths))
DEBUG - 2025-11-30 17:28:53 --> Session: Class initialized using 'CodeIgniter\Session\Handlers\FileHandler' driver.
WARNING - 2025-11-30 17:28:54 --> [DEPRECATED] Creation of dynamic property App\Controllers\Teacher::$data is deprecated in APPPATH\Controllers\BaseController.php on line 74.
 1 APPPATH\Controllers\BaseController.php(59): App\Controllers\BaseController->loadNotificationData()
 2 SYSTEMPATH\CodeIgniter.php(904): App\Controllers\BaseController->initController(Object(CodeIgniter\HTTP\IncomingRequest), Object(CodeIgniter\HTTP\Response), Object(CodeIgniter\Log\Logger))
 3 SYSTEMPATH\CodeIgniter.php(498): CodeIgniter\CodeIgniter->createController()
 4 SYSTEMPATH\CodeIgniter.php(354): CodeIgniter\CodeIgniter->handleRequest(null, Object(Config\Cache), false)
 5 SYSTEMPATH\Boot.php(363): CodeIgniter\CodeIgniter->run()
 6 SYSTEMPATH\Boot.php(68): CodeIgniter\Boot::runCodeIgniter(Object(CodeIgniter\CodeIgniter))
 7 FCPATH\index.php(59): CodeIgniter\Boot::bootWeb(Object(Config\Paths))
ERROR - 2025-11-30 17:28:54 --> mysqli_sql_exception: Duplicate column name 'course_id' in C:\xampp\htdocs\ITE311-VISAYAS\system\Database\MySQLi\Connection.php:327
Stack trace:
#0 C:\xampp\htdocs\ITE311-VISAYAS\system\Database\MySQLi\Connection.php(327): mysqli->query('SELECT COUNT(*)...', 0)
#1 C:\xampp\htdocs\ITE311-VISAYAS\system\Database\BaseConnection.php(729): CodeIgniter\Database\MySQLi\Connection->execute('SELECT COUNT(*)...')
#2 C:\xampp\htdocs\ITE311-VISAYAS\system\Database\BaseConnection.php(646): CodeIgniter\Database\BaseConnection->simpleQuery('SELECT COUNT(*)...')
#3 C:\xampp\htdocs\ITE311-VISAYAS\system\Database\BaseBuilder.php(1733): CodeIgniter\Database\BaseConnection->query('SELECT COUNT(*)...', Array, false)
#4 C:\xampp\htdocs\ITE311-VISAYAS\app\Models\CourseModel.php(132): CodeIgniter\Database\BaseBuilder->countAllResults()
#5 C:\xampp\htdocs\ITE311-VISAYAS\app\Controllers\Teacher.php(56): App\Models\CourseModel->getTeacherStatistics('21')
#6 C:\xampp\htdocs\ITE311-VISAYAS\system\CodeIgniter.php(933): App\Controllers\Teacher->manageCourses()
#7 C:\xampp\htdocs\ITE311-VISAYAS\system\CodeIgniter.php(507): CodeIgniter\CodeIgniter->runController(Object(App\Controllers\Teacher))
#8 C:\xampp\htdocs\ITE311-VISAYAS\system\CodeIgniter.php(354): CodeIgniter\CodeIgniter->handleRequest(NULL, Object(Config\Cache), false)
#9 C:\xampp\htdocs\ITE311-VISAYAS\system\Boot.php(363): CodeIgniter\CodeIgniter->run()
#10 C:\xampp\htdocs\ITE311-VISAYAS\system\Boot.php(68): CodeIgniter\Boot::runCodeIgniter(Object(CodeIgniter\CodeIgniter))
#11 C:\xampp\htdocs\ITE311-VISAYAS\index.php(59): CodeIgniter\Boot::bootWeb(Object(Config\Paths))
#12 {main}
CRITICAL - 2025-11-30 17:28:54 --> CodeIgniter\Database\Exceptions\DatabaseException: Duplicate column name 'course_id'
[Method: GET, Route: teacher/manage-courses]
in SYSTEMPATH\Database\BaseConnection.php on line 684.
 1 SYSTEMPATH\Database\BaseBuilder.php(1733): CodeIgniter\Database\BaseConnection->query('SELECT COUNT(*) AS `numrows`
FROM (
SELECT DISTINCT *
FROM `courses` `c`
JOIN `enrollments` `e` ON `c`.`course_id` = `e`.`course_id`
WHERE `c`.`teacher_id` = :c.teacher_id:
AND `e`.`status` IN :e.status:
) CI_count_all_results', [...], false)
 2 APPPATH\Models\CourseModel.php(132): CodeIgniter\Database\BaseBuilder->countAllResults()
 3 APPPATH\Controllers\Teacher.php(56): App\Models\CourseModel->getTeacherStatistics('21')
 4 SYSTEMPATH\CodeIgniter.php(933): App\Controllers\Teacher->manageCourses()
 5 SYSTEMPATH\CodeIgniter.php(507): CodeIgniter\CodeIgniter->runController(Object(App\Controllers\Teacher))
 6 SYSTEMPATH\CodeIgniter.php(354): CodeIgniter\CodeIgniter->handleRequest(null, Object(Config\Cache), false)
 7 SYSTEMPATH\Boot.php(363): CodeIgniter\CodeIgniter->run()
 8 SYSTEMPATH\Boot.php(68): CodeIgniter\Boot::runCodeIgniter(Object(CodeIgniter\CodeIgniter))
 9 FCPATH\index.php(59): CodeIgniter\Boot::bootWeb(Object(Config\Paths))
CRITICAL - 2025-11-30 17:28:54 --> [Caused by] CodeIgniter\Database\Exceptions\DatabaseException: Duplicate column name 'course_id'
in SYSTEMPATH\Database\MySQLi\Connection.php on line 332.
 1 SYSTEMPATH\Database\BaseConnection.php(729): CodeIgniter\Database\MySQLi\Connection->execute('SELECT COUNT(*) AS `numrows`
FROM (
SELECT DISTINCT *
FROM `courses` `c`
JOIN `enrollments` `e` ON `c`.`course_id` = `e`.`course_id`
WHERE `c`.`teacher_id` = \'21\'
AND `e`.`status` IN (\'enrolled\',\'active\')
) CI_count_all_results')
 2 SYSTEMPATH\Database\BaseConnection.php(646): CodeIgniter\Database\BaseConnection->simpleQuery('SELECT COUNT(*) AS `numrows`
FROM (
SELECT DISTINCT *
FROM `courses` `c`
JOIN `enrollments` `e` ON `c`.`course_id` = `e`.`course_id`
WHERE `c`.`teacher_id` = \'21\'
AND `e`.`status` IN (\'enrolled\',\'active\')
) CI_count_all_results')
 3 SYSTEMPATH\Database\BaseBuilder.php(1733): CodeIgniter\Database\BaseConnection->query('SELECT COUNT(*) AS `numrows`
FROM (
SELECT DISTINCT *
FROM `courses` `c`
JOIN `enrollments` `e` ON `c`.`course_id` = `e`.`course_id`
WHERE `c`.`teacher_id` = :c.teacher_id:
AND `e`.`status` IN :e.status:
) CI_count_all_results', [...], false)
 4 APPPATH\Models\CourseModel.php(132): CodeIgniter\Database\BaseBuilder->countAllResults()
 5 APPPATH\Controllers\Teacher.php(56): App\Models\CourseModel->getTeacherStatistics('21')
 6 SYSTEMPATH\CodeIgniter.php(933): App\Controllers\Teacher->manageCourses()
 7 SYSTEMPATH\CodeIgniter.php(507): CodeIgniter\CodeIgniter->runController(Object(App\Controllers\Teacher))
 8 SYSTEMPATH\CodeIgniter.php(354): CodeIgniter\CodeIgniter->handleRequest(null, Object(Config\Cache), false)
 9 SYSTEMPATH\Boot.php(363): CodeIgniter\CodeIgniter->run()
10 SYSTEMPATH\Boot.php(68): CodeIgniter\Boot::runCodeIgniter(Object(CodeIgniter\CodeIgniter))
11 FCPATH\index.php(59): CodeIgniter\Boot::bootWeb(Object(Config\Paths))
CRITICAL - 2025-11-30 17:28:54 --> [Caused by] mysqli_sql_exception: Duplicate column name 'course_id'
in SYSTEMPATH\Database\MySQLi\Connection.php on line 327.
 1 SYSTEMPATH\Database\MySQLi\Connection.php(327): mysqli->query('SELECT COUNT(*) AS `numrows`
FROM (
SELECT DISTINCT *
FROM `courses` `c`
JOIN `enrollments` `e` ON `c`.`course_id` = `e`.`course_id`
WHERE `c`.`teacher_id` = \'21\'
AND `e`.`status` IN (\'enrolled\',\'active\')
) CI_count_all_results', 0)
 2 SYSTEMPATH\Database\BaseConnection.php(729): CodeIgniter\Database\MySQLi\Connection->execute('SELECT COUNT(*) AS `numrows`
FROM (
SELECT DISTINCT *
FROM `courses` `c`
JOIN `enrollments` `e` ON `c`.`course_id` = `e`.`course_id`
WHERE `c`.`teacher_id` = \'21\'
AND `e`.`status` IN (\'enrolled\',\'active\')
) CI_count_all_results')
 3 SYSTEMPATH\Database\BaseConnection.php(646): CodeIgniter\Database\BaseConnection->simpleQuery('SELECT COUNT(*) AS `numrows`
FROM (
SELECT DISTINCT *
FROM `courses` `c`
JOIN `enrollments` `e` ON `c`.`course_id` = `e`.`course_id`
WHERE `c`.`teacher_id` = \'21\'
AND `e`.`status` IN (\'enrolled\',\'active\')
) CI_count_all_results')
 4 SYSTEMPATH\Database\BaseBuilder.php(1733): CodeIgniter\Database\BaseConnection->query('SELECT COUNT(*) AS `numrows`
FROM (
SELECT DISTINCT *
FROM `courses` `c`
JOIN `enrollments` `e` ON `c`.`course_id` = `e`.`course_id`
WHERE `c`.`teacher_id` = :c.teacher_id:
AND `e`.`status` IN :e.status:
) CI_count_all_results', [...], false)
 5 APPPATH\Models\CourseModel.php(132): CodeIgniter\Database\BaseBuilder->countAllResults()
 6 APPPATH\Controllers\Teacher.php(56): App\Models\CourseModel->getTeacherStatistics('21')
 7 SYSTEMPATH\CodeIgniter.php(933): App\Controllers\Teacher->manageCourses()
 8 SYSTEMPATH\CodeIgniter.php(507): CodeIgniter\CodeIgniter->runController(Object(App\Controllers\Teacher))
 9 SYSTEMPATH\CodeIgniter.php(354): CodeIgniter\CodeIgniter->handleRequest(null, Object(Config\Cache), false)
10 SYSTEMPATH\Boot.php(363): CodeIgniter\CodeIgniter->run()
11 SYSTEMPATH\Boot.php(68): CodeIgniter\Boot::runCodeIgniter(Object(CodeIgniter\CodeIgniter))
12 FCPATH\index.php(59): CodeIgniter\Boot::bootWeb(Object(Config\Paths))
DEBUG - 2025-11-30 17:28:54 --> Session: Class initialized using 'CodeIgniter\Session\Handlers\FileHandler' driver.
DEBUG - 2025-11-30 17:28:54 --> Session: Class initialized using 'CodeIgniter\Session\Handlers\FileHandler' driver.
WARNING - 2025-11-30 17:28:54 --> [DEPRECATED] Creation of dynamic property App\Controllers\Notifications::$data is deprecated in APPPATH\Controllers\BaseController.php on line 76.
 1 APPPATH\Controllers\BaseController.php(59): App\Controllers\BaseController->loadNotificationData()
 2 SYSTEMPATH\CodeIgniter.php(904): App\Controllers\BaseController->initController(Object(CodeIgniter\HTTP\IncomingRequest), Object(CodeIgniter\HTTP\Response), Object(CodeIgniter\Log\Logger))
 3 SYSTEMPATH\CodeIgniter.php(498): CodeIgniter\CodeIgniter->createController()
 4 SYSTEMPATH\CodeIgniter.php(354): CodeIgniter\CodeIgniter->handleRequest(null, Object(Config\Cache), false)
 5 SYSTEMPATH\Boot.php(363): CodeIgniter\CodeIgniter->run()
 6 SYSTEMPATH\Boot.php(68): CodeIgniter\Boot::runCodeIgniter(Object(CodeIgniter\CodeIgniter))
 7 FCPATH\index.php(59): CodeIgniter\Boot::bootWeb(Object(Config\Paths))
WARNING - 2025-11-30 17:28:54 --> [DEPRECATED] Creation of dynamic property App\Controllers\Notifications::$data is deprecated in APPPATH\Controllers\BaseController.php on line 74.
 1 APPPATH\Controllers\BaseController.php(59): App\Controllers\BaseController->loadNotificationData()
 2 SYSTEMPATH\CodeIgniter.php(904): App\Controllers\BaseController->initController(Object(CodeIgniter\HTTP\IncomingRequest), Object(CodeIgniter\HTTP\Response), Object(CodeIgniter\Log\Logger))
 3 SYSTEMPATH\CodeIgniter.php(498): CodeIgniter\CodeIgniter->createController()
 4 SYSTEMPATH\CodeIgniter.php(354): CodeIgniter\CodeIgniter->handleRequest(null, Object(Config\Cache), false)
 5 SYSTEMPATH\Boot.php(363): CodeIgniter\CodeIgniter->run()
 6 SYSTEMPATH\Boot.php(68): CodeIgniter\Boot::runCodeIgniter(Object(CodeIgniter\CodeIgniter))
 7 FCPATH\index.php(59): CodeIgniter\Boot::bootWeb(Object(Config\Paths))
DEBUG - 2025-11-30 17:29:54 --> Session: Class initialized using 'CodeIgniter\Session\Handlers\FileHandler' driver.
DEBUG - 2025-11-30 17:29:54 --> Session: Class initialized using 'CodeIgniter\Session\Handlers\FileHandler' driver.
WARNING - 2025-11-30 17:29:54 --> [DEPRECATED] Creation of dynamic property App\Controllers\Notifications::$data is deprecated in APPPATH\Controllers\BaseController.php on line 76.
 1 APPPATH\Controllers\BaseController.php(59): App\Controllers\BaseController->loadNotificationData()
 2 SYSTEMPATH\CodeIgniter.php(904): App\Controllers\BaseController->initController(Object(CodeIgniter\HTTP\IncomingRequest), Object(CodeIgniter\HTTP\Response), Object(CodeIgniter\Log\Logger))
 3 SYSTEMPATH\CodeIgniter.php(498): CodeIgniter\CodeIgniter->createController()
 4 SYSTEMPATH\CodeIgniter.php(354): CodeIgniter\CodeIgniter->handleRequest(null, Object(Config\Cache), false)
 5 SYSTEMPATH\Boot.php(363): CodeIgniter\CodeIgniter->run()
 6 SYSTEMPATH\Boot.php(68): CodeIgniter\Boot::runCodeIgniter(Object(CodeIgniter\CodeIgniter))
 7 FCPATH\index.php(59): CodeIgniter\Boot::bootWeb(Object(Config\Paths))
WARNING - 2025-11-30 17:29:54 --> [DEPRECATED] Creation of dynamic property App\Controllers\Notifications::$data is deprecated in APPPATH\Controllers\BaseController.php on line 74.
 1 APPPATH\Controllers\BaseController.php(59): App\Controllers\BaseController->loadNotificationData()
 2 SYSTEMPATH\CodeIgniter.php(904): App\Controllers\BaseController->initController(Object(CodeIgniter\HTTP\IncomingRequest), Object(CodeIgniter\HTTP\Response), Object(CodeIgniter\Log\Logger))
 3 SYSTEMPATH\CodeIgniter.php(498): CodeIgniter\CodeIgniter->createController()
 4 SYSTEMPATH\CodeIgniter.php(354): CodeIgniter\CodeIgniter->handleRequest(null, Object(Config\Cache), false)
 5 SYSTEMPATH\Boot.php(363): CodeIgniter\CodeIgniter->run()
 6 SYSTEMPATH\Boot.php(68): CodeIgniter\Boot::runCodeIgniter(Object(CodeIgniter\CodeIgniter))
 7 FCPATH\index.php(59): CodeIgniter\Boot::bootWeb(Object(Config\Paths))
DEBUG - 2025-11-30 17:30:55 --> Session: Class initialized using 'CodeIgniter\Session\Handlers\FileHandler' driver.
DEBUG - 2025-11-30 17:30:55 --> Session: Class initialized using 'CodeIgniter\Session\Handlers\FileHandler' driver.
WARNING - 2025-11-30 17:30:55 --> [DEPRECATED] Creation of dynamic property App\Controllers\Notifications::$data is deprecated in APPPATH\Controllers\BaseController.php on line 76.
 1 APPPATH\Controllers\BaseController.php(59): App\Controllers\BaseController->loadNotificationData()
 2 SYSTEMPATH\CodeIgniter.php(904): App\Controllers\BaseController->initController(Object(CodeIgniter\HTTP\IncomingRequest), Object(CodeIgniter\HTTP\Response), Object(CodeIgniter\Log\Logger))
 3 SYSTEMPATH\CodeIgniter.php(498): CodeIgniter\CodeIgniter->createController()
 4 SYSTEMPATH\CodeIgniter.php(354): CodeIgniter\CodeIgniter->handleRequest(null, Object(Config\Cache), false)
 5 SYSTEMPATH\Boot.php(363): CodeIgniter\CodeIgniter->run()
 6 SYSTEMPATH\Boot.php(68): CodeIgniter\Boot::runCodeIgniter(Object(CodeIgniter\CodeIgniter))
 7 FCPATH\index.php(59): CodeIgniter\Boot::bootWeb(Object(Config\Paths))
WARNING - 2025-11-30 17:30:55 --> [DEPRECATED] Creation of dynamic property App\Controllers\Notifications::$data is deprecated in APPPATH\Controllers\BaseController.php on line 74.
 1 APPPATH\Controllers\BaseController.php(59): App\Controllers\BaseController->loadNotificationData()
 2 SYSTEMPATH\CodeIgniter.php(904): App\Controllers\BaseController->initController(Object(CodeIgniter\HTTP\IncomingRequest), Object(CodeIgniter\HTTP\Response), Object(CodeIgniter\Log\Logger))
 3 SYSTEMPATH\CodeIgniter.php(498): CodeIgniter\CodeIgniter->createController()
 4 SYSTEMPATH\CodeIgniter.php(354): CodeIgniter\CodeIgniter->handleRequest(null, Object(Config\Cache), false)
 5 SYSTEMPATH\Boot.php(363): CodeIgniter\CodeIgniter->run()
 6 SYSTEMPATH\Boot.php(68): CodeIgniter\Boot::runCodeIgniter(Object(CodeIgniter\CodeIgniter))
 7 FCPATH\index.php(59): CodeIgniter\Boot::bootWeb(Object(Config\Paths))
DEBUG - 2025-11-30 17:31:54 --> Session: Class initialized using 'CodeIgniter\Session\Handlers\FileHandler' driver.
DEBUG - 2025-11-30 17:31:54 --> Session: Class initialized using 'CodeIgniter\Session\Handlers\FileHandler' driver.
WARNING - 2025-11-30 17:31:54 --> [DEPRECATED] Creation of dynamic property App\Controllers\Notifications::$data is deprecated in APPPATH\Controllers\BaseController.php on line 76.
 1 APPPATH\Controllers\BaseController.php(59): App\Controllers\BaseController->loadNotificationData()
 2 SYSTEMPATH\CodeIgniter.php(904): App\Controllers\BaseController->initController(Object(CodeIgniter\HTTP\IncomingRequest), Object(CodeIgniter\HTTP\Response), Object(CodeIgniter\Log\Logger))
 3 SYSTEMPATH\CodeIgniter.php(498): CodeIgniter\CodeIgniter->createController()
 4 SYSTEMPATH\CodeIgniter.php(354): CodeIgniter\CodeIgniter->handleRequest(null, Object(Config\Cache), false)
 5 SYSTEMPATH\Boot.php(363): CodeIgniter\CodeIgniter->run()
 6 SYSTEMPATH\Boot.php(68): CodeIgniter\Boot::runCodeIgniter(Object(CodeIgniter\CodeIgniter))
 7 FCPATH\index.php(59): CodeIgniter\Boot::bootWeb(Object(Config\Paths))
WARNING - 2025-11-30 17:31:54 --> [DEPRECATED] Creation of dynamic property App\Controllers\Notifications::$data is deprecated in APPPATH\Controllers\BaseController.php on line 74.
 1 APPPATH\Controllers\BaseController.php(59): App\Controllers\BaseController->loadNotificationData()
 2 SYSTEMPATH\CodeIgniter.php(904): App\Controllers\BaseController->initController(Object(CodeIgniter\HTTP\IncomingRequest), Object(CodeIgniter\HTTP\Response), Object(CodeIgniter\Log\Logger))
 3 SYSTEMPATH\CodeIgniter.php(498): CodeIgniter\CodeIgniter->createController()
 4 SYSTEMPATH\CodeIgniter.php(354): CodeIgniter\CodeIgniter->handleRequest(null, Object(Config\Cache), false)
 5 SYSTEMPATH\Boot.php(363): CodeIgniter\CodeIgniter->run()
 6 SYSTEMPATH\Boot.php(68): CodeIgniter\Boot::runCodeIgniter(Object(CodeIgniter\CodeIgniter))
 7 FCPATH\index.php(59): CodeIgniter\Boot::bootWeb(Object(Config\Paths))
DEBUG - 2025-11-30 17:32:22 --> Session: Class initialized using 'CodeIgniter\Session\Handlers\FileHandler' driver.
WARNING - 2025-11-30 17:32:22 --> [DEPRECATED] Creation of dynamic property App\Controllers\Teacher::$data is deprecated in APPPATH\Controllers\BaseController.php on line 74.
 1 APPPATH\Controllers\BaseController.php(59): App\Controllers\BaseController->loadNotificationData()
 2 SYSTEMPATH\CodeIgniter.php(904): App\Controllers\BaseController->initController(Object(CodeIgniter\HTTP\IncomingRequest), Object(CodeIgniter\HTTP\Response), Object(CodeIgniter\Log\Logger))
 3 SYSTEMPATH\CodeIgniter.php(498): CodeIgniter\CodeIgniter->createController()
 4 SYSTEMPATH\CodeIgniter.php(354): CodeIgniter\CodeIgniter->handleRequest(null, Object(Config\Cache), false)
 5 SYSTEMPATH\Boot.php(363): CodeIgniter\CodeIgniter->run()
 6 SYSTEMPATH\Boot.php(68): CodeIgniter\Boot::runCodeIgniter(Object(CodeIgniter\CodeIgniter))
 7 FCPATH\index.php(59): CodeIgniter\Boot::bootWeb(Object(Config\Paths))
ERROR - 2025-11-30 17:32:22 --> mysqli_sql_exception: Duplicate column name 'course_id' in C:\xampp\htdocs\ITE311-VISAYAS\system\Database\MySQLi\Connection.php:327
Stack trace:
#0 C:\xampp\htdocs\ITE311-VISAYAS\system\Database\MySQLi\Connection.php(327): mysqli->query('SELECT COUNT(*)...', 0)
#1 C:\xampp\htdocs\ITE311-VISAYAS\system\Database\BaseConnection.php(729): CodeIgniter\Database\MySQLi\Connection->execute('SELECT COUNT(*)...')
#2 C:\xampp\htdocs\ITE311-VISAYAS\system\Database\BaseConnection.php(646): CodeIgniter\Database\BaseConnection->simpleQuery('SELECT COUNT(*)...')
#3 C:\xampp\htdocs\ITE311-VISAYAS\system\Database\BaseBuilder.php(1733): CodeIgniter\Database\BaseConnection->query('SELECT COUNT(*)...', Array, false)
#4 C:\xampp\htdocs\ITE311-VISAYAS\app\Models\CourseModel.php(132): CodeIgniter\Database\BaseBuilder->countAllResults()
#5 C:\xampp\htdocs\ITE311-VISAYAS\app\Controllers\Teacher.php(56): App\Models\CourseModel->getTeacherStatistics('21')
#6 C:\xampp\htdocs\ITE311-VISAYAS\system\CodeIgniter.php(933): App\Controllers\Teacher->manageCourses()
#7 C:\xampp\htdocs\ITE311-VISAYAS\system\CodeIgniter.php(507): CodeIgniter\CodeIgniter->runController(Object(App\Controllers\Teacher))
#8 C:\xampp\htdocs\ITE311-VISAYAS\system\CodeIgniter.php(354): CodeIgniter\CodeIgniter->handleRequest(NULL, Object(Config\Cache), false)
#9 C:\xampp\htdocs\ITE311-VISAYAS\system\Boot.php(363): CodeIgniter\CodeIgniter->run()
#10 C:\xampp\htdocs\ITE311-VISAYAS\system\Boot.php(68): CodeIgniter\Boot::runCodeIgniter(Object(CodeIgniter\CodeIgniter))
#11 C:\xampp\htdocs\ITE311-VISAYAS\index.php(59): CodeIgniter\Boot::bootWeb(Object(Config\Paths))
#12 {main}
CRITICAL - 2025-11-30 17:32:22 --> CodeIgniter\Database\Exceptions\DatabaseException: Duplicate column name 'course_id'
[Method: GET, Route: teacher/manage-courses]
in SYSTEMPATH\Database\BaseConnection.php on line 684.
 1 SYSTEMPATH\Database\BaseBuilder.php(1733): CodeIgniter\Database\BaseConnection->query('SELECT COUNT(*) AS `numrows`
FROM (
SELECT DISTINCT *
FROM `courses` `c`
JOIN `enrollments` `e` ON `c`.`course_id` = `e`.`course_id`
WHERE `c`.`teacher_id` = :c.teacher_id:
AND `e`.`status` IN :e.status:
) CI_count_all_results', [...], false)
 2 APPPATH\Models\CourseModel.php(132): CodeIgniter\Database\BaseBuilder->countAllResults()
 3 APPPATH\Controllers\Teacher.php(56): App\Models\CourseModel->getTeacherStatistics('21')
 4 SYSTEMPATH\CodeIgniter.php(933): App\Controllers\Teacher->manageCourses()
 5 SYSTEMPATH\CodeIgniter.php(507): CodeIgniter\CodeIgniter->runController(Object(App\Controllers\Teacher))
 6 SYSTEMPATH\CodeIgniter.php(354): CodeIgniter\CodeIgniter->handleRequest(null, Object(Config\Cache), false)
 7 SYSTEMPATH\Boot.php(363): CodeIgniter\CodeIgniter->run()
 8 SYSTEMPATH\Boot.php(68): CodeIgniter\Boot::runCodeIgniter(Object(CodeIgniter\CodeIgniter))
 9 FCPATH\index.php(59): CodeIgniter\Boot::bootWeb(Object(Config\Paths))
CRITICAL - 2025-11-30 17:32:22 --> [Caused by] CodeIgniter\Database\Exceptions\DatabaseException: Duplicate column name 'course_id'
in SYSTEMPATH\Database\MySQLi\Connection.php on line 332.
 1 SYSTEMPATH\Database\BaseConnection.php(729): CodeIgniter\Database\MySQLi\Connection->execute('SELECT COUNT(*) AS `numrows`
FROM (
SELECT DISTINCT *
FROM `courses` `c`
JOIN `enrollments` `e` ON `c`.`course_id` = `e`.`course_id`
WHERE `c`.`teacher_id` = \'21\'
AND `e`.`status` IN (\'enrolled\',\'active\')
) CI_count_all_results')
 2 SYSTEMPATH\Database\BaseConnection.php(646): CodeIgniter\Database\BaseConnection->simpleQuery('SELECT COUNT(*) AS `numrows`
FROM (
SELECT DISTINCT *
FROM `courses` `c`
JOIN `enrollments` `e` ON `c`.`course_id` = `e`.`course_id`
WHERE `c`.`teacher_id` = \'21\'
AND `e`.`status` IN (\'enrolled\',\'active\')
) CI_count_all_results')
 3 SYSTEMPATH\Database\BaseBuilder.php(1733): CodeIgniter\Database\BaseConnection->query('SELECT COUNT(*) AS `numrows`
FROM (
SELECT DISTINCT *
FROM `courses` `c`
JOIN `enrollments` `e` ON `c`.`course_id` = `e`.`course_id`
WHERE `c`.`teacher_id` = :c.teacher_id:
AND `e`.`status` IN :e.status:
) CI_count_all_results', [...], false)
 4 APPPATH\Models\CourseModel.php(132): CodeIgniter\Database\BaseBuilder->countAllResults()
 5 APPPATH\Controllers\Teacher.php(56): App\Models\CourseModel->getTeacherStatistics('21')
 6 SYSTEMPATH\CodeIgniter.php(933): App\Controllers\Teacher->manageCourses()
 7 SYSTEMPATH\CodeIgniter.php(507): CodeIgniter\CodeIgniter->runController(Object(App\Controllers\Teacher))
 8 SYSTEMPATH\CodeIgniter.php(354): CodeIgniter\CodeIgniter->handleRequest(null, Object(Config\Cache), false)
 9 SYSTEMPATH\Boot.php(363): CodeIgniter\CodeIgniter->run()
10 SYSTEMPATH\Boot.php(68): CodeIgniter\Boot::runCodeIgniter(Object(CodeIgniter\CodeIgniter))
11 FCPATH\index.php(59): CodeIgniter\Boot::bootWeb(Object(Config\Paths))
CRITICAL - 2025-11-30 17:32:22 --> [Caused by] mysqli_sql_exception: Duplicate column name 'course_id'
in SYSTEMPATH\Database\MySQLi\Connection.php on line 327.
 1 SYSTEMPATH\Database\MySQLi\Connection.php(327): mysqli->query('SELECT COUNT(*) AS `numrows`
FROM (
SELECT DISTINCT *
FROM `courses` `c`
JOIN `enrollments` `e` ON `c`.`course_id` = `e`.`course_id`
WHERE `c`.`teacher_id` = \'21\'
AND `e`.`status` IN (\'enrolled\',\'active\')
) CI_count_all_results', 0)
 2 SYSTEMPATH\Database\BaseConnection.php(729): CodeIgniter\Database\MySQLi\Connection->execute('SELECT COUNT(*) AS `numrows`
FROM (
SELECT DISTINCT *
FROM `courses` `c`
JOIN `enrollments` `e` ON `c`.`course_id` = `e`.`course_id`
WHERE `c`.`teacher_id` = \'21\'
AND `e`.`status` IN (\'enrolled\',\'active\')
) CI_count_all_results')
 3 SYSTEMPATH\Database\BaseConnection.php(646): CodeIgniter\Database\BaseConnection->simpleQuery('SELECT COUNT(*) AS `numrows`
FROM (
SELECT DISTINCT *
FROM `courses` `c`
JOIN `enrollments` `e` ON `c`.`course_id` = `e`.`course_id`
WHERE `c`.`teacher_id` = \'21\'
AND `e`.`status` IN (\'enrolled\',\'active\')
) CI_count_all_results')
 4 SYSTEMPATH\Database\BaseBuilder.php(1733): CodeIgniter\Database\BaseConnection->query('SELECT COUNT(*) AS `numrows`
FROM (
SELECT DISTINCT *
FROM `courses` `c`
JOIN `enrollments` `e` ON `c`.`course_id` = `e`.`course_id`
WHERE `c`.`teacher_id` = :c.teacher_id:
AND `e`.`status` IN :e.status:
) CI_count_all_results', [...], false)
 5 APPPATH\Models\CourseModel.php(132): CodeIgniter\Database\BaseBuilder->countAllResults()
 6 APPPATH\Controllers\Teacher.php(56): App\Models\CourseModel->getTeacherStatistics('21')
 7 SYSTEMPATH\CodeIgniter.php(933): App\Controllers\Teacher->manageCourses()
 8 SYSTEMPATH\CodeIgniter.php(507): CodeIgniter\CodeIgniter->runController(Object(App\Controllers\Teacher))
 9 SYSTEMPATH\CodeIgniter.php(354): CodeIgniter\CodeIgniter->handleRequest(null, Object(Config\Cache), false)
10 SYSTEMPATH\Boot.php(363): CodeIgniter\CodeIgniter->run()
11 SYSTEMPATH\Boot.php(68): CodeIgniter\Boot::runCodeIgniter(Object(CodeIgniter\CodeIgniter))
12 FCPATH\index.php(59): CodeIgniter\Boot::bootWeb(Object(Config\Paths))
DEBUG - 2025-11-30 17:32:54 --> Session: Class initialized using 'CodeIgniter\Session\Handlers\FileHandler' driver.
DEBUG - 2025-11-30 17:32:54 --> Session: Class initialized using 'CodeIgniter\Session\Handlers\FileHandler' driver.
WARNING - 2025-11-30 17:32:54 --> [DEPRECATED] Creation of dynamic property App\Controllers\Notifications::$data is deprecated in APPPATH\Controllers\BaseController.php on line 76.
 1 APPPATH\Controllers\BaseController.php(59): App\Controllers\BaseController->loadNotificationData()
 2 SYSTEMPATH\CodeIgniter.php(904): App\Controllers\BaseController->initController(Object(CodeIgniter\HTTP\IncomingRequest), Object(CodeIgniter\HTTP\Response), Object(CodeIgniter\Log\Logger))
 3 SYSTEMPATH\CodeIgniter.php(498): CodeIgniter\CodeIgniter->createController()
 4 SYSTEMPATH\CodeIgniter.php(354): CodeIgniter\CodeIgniter->handleRequest(null, Object(Config\Cache), false)
 5 SYSTEMPATH\Boot.php(363): CodeIgniter\CodeIgniter->run()
 6 SYSTEMPATH\Boot.php(68): CodeIgniter\Boot::runCodeIgniter(Object(CodeIgniter\CodeIgniter))
 7 FCPATH\index.php(59): CodeIgniter\Boot::bootWeb(Object(Config\Paths))
WARNING - 2025-11-30 17:32:54 --> [DEPRECATED] Creation of dynamic property App\Controllers\Notifications::$data is deprecated in APPPATH\Controllers\BaseController.php on line 74.
 1 APPPATH\Controllers\BaseController.php(59): App\Controllers\BaseController->loadNotificationData()
 2 SYSTEMPATH\CodeIgniter.php(904): App\Controllers\BaseController->initController(Object(CodeIgniter\HTTP\IncomingRequest), Object(CodeIgniter\HTTP\Response), Object(CodeIgniter\Log\Logger))
 3 SYSTEMPATH\CodeIgniter.php(498): CodeIgniter\CodeIgniter->createController()
 4 SYSTEMPATH\CodeIgniter.php(354): CodeIgniter\CodeIgniter->handleRequest(null, Object(Config\Cache), false)
 5 SYSTEMPATH\Boot.php(363): CodeIgniter\CodeIgniter->run()
 6 SYSTEMPATH\Boot.php(68): CodeIgniter\Boot::runCodeIgniter(Object(CodeIgniter\CodeIgniter))
 7 FCPATH\index.php(59): CodeIgniter\Boot::bootWeb(Object(Config\Paths))
DEBUG - 2025-11-30 17:33:54 --> Session: Class initialized using 'CodeIgniter\Session\Handlers\FileHandler' driver.
DEBUG - 2025-11-30 17:33:54 --> Session: Class initialized using 'CodeIgniter\Session\Handlers\FileHandler' driver.
WARNING - 2025-11-30 17:33:54 --> [DEPRECATED] Creation of dynamic property App\Controllers\Notifications::$data is deprecated in APPPATH\Controllers\BaseController.php on line 76.
 1 APPPATH\Controllers\BaseController.php(59): App\Controllers\BaseController->loadNotificationData()
 2 SYSTEMPATH\CodeIgniter.php(904): App\Controllers\BaseController->initController(Object(CodeIgniter\HTTP\IncomingRequest), Object(CodeIgniter\HTTP\Response), Object(CodeIgniter\Log\Logger))
 3 SYSTEMPATH\CodeIgniter.php(498): CodeIgniter\CodeIgniter->createController()
 4 SYSTEMPATH\CodeIgniter.php(354): CodeIgniter\CodeIgniter->handleRequest(null, Object(Config\Cache), false)
 5 SYSTEMPATH\Boot.php(363): CodeIgniter\CodeIgniter->run()
 6 SYSTEMPATH\Boot.php(68): CodeIgniter\Boot::runCodeIgniter(Object(CodeIgniter\CodeIgniter))
 7 FCPATH\index.php(59): CodeIgniter\Boot::bootWeb(Object(Config\Paths))
WARNING - 2025-11-30 17:33:54 --> [DEPRECATED] Creation of dynamic property App\Controllers\Notifications::$data is deprecated in APPPATH\Controllers\BaseController.php on line 74.
 1 APPPATH\Controllers\BaseController.php(59): App\Controllers\BaseController->loadNotificationData()
 2 SYSTEMPATH\CodeIgniter.php(904): App\Controllers\BaseController->initController(Object(CodeIgniter\HTTP\IncomingRequest), Object(CodeIgniter\HTTP\Response), Object(CodeIgniter\Log\Logger))
 3 SYSTEMPATH\CodeIgniter.php(498): CodeIgniter\CodeIgniter->createController()
 4 SYSTEMPATH\CodeIgniter.php(354): CodeIgniter\CodeIgniter->handleRequest(null, Object(Config\Cache), false)
 5 SYSTEMPATH\Boot.php(363): CodeIgniter\CodeIgniter->run()
 6 SYSTEMPATH\Boot.php(68): CodeIgniter\Boot::runCodeIgniter(Object(CodeIgniter\CodeIgniter))
 7 FCPATH\index.php(59): CodeIgniter\Boot::bootWeb(Object(Config\Paths))
DEBUG - 2025-11-30 17:34:54 --> Session: Class initialized using 'CodeIgniter\Session\Handlers\FileHandler' driver.
DEBUG - 2025-11-30 17:34:54 --> Session: Class initialized using 'CodeIgniter\Session\Handlers\FileHandler' driver.
WARNING - 2025-11-30 17:34:54 --> [DEPRECATED] Creation of dynamic property App\Controllers\Notifications::$data is deprecated in APPPATH\Controllers\BaseController.php on line 76.
 1 APPPATH\Controllers\BaseController.php(59): App\Controllers\BaseController->loadNotificationData()
 2 SYSTEMPATH\CodeIgniter.php(904): App\Controllers\BaseController->initController(Object(CodeIgniter\HTTP\IncomingRequest), Object(CodeIgniter\HTTP\Response), Object(CodeIgniter\Log\Logger))
 3 SYSTEMPATH\CodeIgniter.php(498): CodeIgniter\CodeIgniter->createController()
 4 SYSTEMPATH\CodeIgniter.php(354): CodeIgniter\CodeIgniter->handleRequest(null, Object(Config\Cache), false)
 5 SYSTEMPATH\Boot.php(363): CodeIgniter\CodeIgniter->run()
 6 SYSTEMPATH\Boot.php(68): CodeIgniter\Boot::runCodeIgniter(Object(CodeIgniter\CodeIgniter))
 7 FCPATH\index.php(59): CodeIgniter\Boot::bootWeb(Object(Config\Paths))
WARNING - 2025-11-30 17:34:54 --> [DEPRECATED] Creation of dynamic property App\Controllers\Notifications::$data is deprecated in APPPATH\Controllers\BaseController.php on line 74.
 1 APPPATH\Controllers\BaseController.php(59): App\Controllers\BaseController->loadNotificationData()
 2 SYSTEMPATH\CodeIgniter.php(904): App\Controllers\BaseController->initController(Object(CodeIgniter\HTTP\IncomingRequest), Object(CodeIgniter\HTTP\Response), Object(CodeIgniter\Log\Logger))
 3 SYSTEMPATH\CodeIgniter.php(498): CodeIgniter\CodeIgniter->createController()
 4 SYSTEMPATH\CodeIgniter.php(354): CodeIgniter\CodeIgniter->handleRequest(null, Object(Config\Cache), false)
 5 SYSTEMPATH\Boot.php(363): CodeIgniter\CodeIgniter->run()
 6 SYSTEMPATH\Boot.php(68): CodeIgniter\Boot::runCodeIgniter(Object(CodeIgniter\CodeIgniter))
 7 FCPATH\index.php(59): CodeIgniter\Boot::bootWeb(Object(Config\Paths))
DEBUG - 2025-11-30 17:35:54 --> Session: Class initialized using 'CodeIgniter\Session\Handlers\FileHandler' driver.
DEBUG - 2025-11-30 17:35:54 --> Session: Class initialized using 'CodeIgniter\Session\Handlers\FileHandler' driver.
WARNING - 2025-11-30 17:35:54 --> [DEPRECATED] Creation of dynamic property App\Controllers\Notifications::$data is deprecated in APPPATH\Controllers\BaseController.php on line 76.
 1 APPPATH\Controllers\BaseController.php(59): App\Controllers\BaseController->loadNotificationData()
 2 SYSTEMPATH\CodeIgniter.php(904): App\Controllers\BaseController->initController(Object(CodeIgniter\HTTP\IncomingRequest), Object(CodeIgniter\HTTP\Response), Object(CodeIgniter\Log\Logger))
 3 SYSTEMPATH\CodeIgniter.php(498): CodeIgniter\CodeIgniter->createController()
 4 SYSTEMPATH\CodeIgniter.php(354): CodeIgniter\CodeIgniter->handleRequest(null, Object(Config\Cache), false)
 5 SYSTEMPATH\Boot.php(363): CodeIgniter\CodeIgniter->run()
 6 SYSTEMPATH\Boot.php(68): CodeIgniter\Boot::runCodeIgniter(Object(CodeIgniter\CodeIgniter))
 7 FCPATH\index.php(59): CodeIgniter\Boot::bootWeb(Object(Config\Paths))
WARNING - 2025-11-30 17:35:54 --> [DEPRECATED] Creation of dynamic property App\Controllers\Notifications::$data is deprecated in APPPATH\Controllers\BaseController.php on line 74.
 1 APPPATH\Controllers\BaseController.php(59): App\Controllers\BaseController->loadNotificationData()
 2 SYSTEMPATH\CodeIgniter.php(904): App\Controllers\BaseController->initController(Object(CodeIgniter\HTTP\IncomingRequest), Object(CodeIgniter\HTTP\Response), Object(CodeIgniter\Log\Logger))
 3 SYSTEMPATH\CodeIgniter.php(498): CodeIgniter\CodeIgniter->createController()
 4 SYSTEMPATH\CodeIgniter.php(354): CodeIgniter\CodeIgniter->handleRequest(null, Object(Config\Cache), false)
 5 SYSTEMPATH\Boot.php(363): CodeIgniter\CodeIgniter->run()
 6 SYSTEMPATH\Boot.php(68): CodeIgniter\Boot::runCodeIgniter(Object(CodeIgniter\CodeIgniter))
 7 FCPATH\index.php(59): CodeIgniter\Boot::bootWeb(Object(Config\Paths))
DEBUG - 2025-11-30 17:36:54 --> Session: Class initialized using 'CodeIgniter\Session\Handlers\FileHandler' driver.
WARNING - 2025-11-30 17:36:54 --> [DEPRECATED] Creation of dynamic property App\Controllers\Notifications::$data is deprecated in APPPATH\Controllers\BaseController.php on line 76.
 1 APPPATH\Controllers\BaseController.php(59): App\Controllers\BaseController->loadNotificationData()
 2 SYSTEMPATH\CodeIgniter.php(904): App\Controllers\BaseController->initController(Object(CodeIgniter\HTTP\IncomingRequest), Object(CodeIgniter\HTTP\Response), Object(CodeIgniter\Log\Logger))
 3 SYSTEMPATH\CodeIgniter.php(498): CodeIgniter\CodeIgniter->createController()
 4 SYSTEMPATH\CodeIgniter.php(354): CodeIgniter\CodeIgniter->handleRequest(null, Object(Config\Cache), false)
 5 SYSTEMPATH\Boot.php(363): CodeIgniter\CodeIgniter->run()
 6 SYSTEMPATH\Boot.php(68): CodeIgniter\Boot::runCodeIgniter(Object(CodeIgniter\CodeIgniter))
 7 FCPATH\index.php(59): CodeIgniter\Boot::bootWeb(Object(Config\Paths))
DEBUG - 2025-11-30 17:36:54 --> Session: Class initialized using 'CodeIgniter\Session\Handlers\FileHandler' driver.
WARNING - 2025-11-30 17:36:54 --> [DEPRECATED] Creation of dynamic property App\Controllers\Notifications::$data is deprecated in APPPATH\Controllers\BaseController.php on line 74.
 1 APPPATH\Controllers\BaseController.php(59): App\Controllers\BaseController->loadNotificationData()
 2 SYSTEMPATH\CodeIgniter.php(904): App\Controllers\BaseController->initController(Object(CodeIgniter\HTTP\IncomingRequest), Object(CodeIgniter\HTTP\Response), Object(CodeIgniter\Log\Logger))
 3 SYSTEMPATH\CodeIgniter.php(498): CodeIgniter\CodeIgniter->createController()
 4 SYSTEMPATH\CodeIgniter.php(354): CodeIgniter\CodeIgniter->handleRequest(null, Object(Config\Cache), false)
 5 SYSTEMPATH\Boot.php(363): CodeIgniter\CodeIgniter->run()
 6 SYSTEMPATH\Boot.php(68): CodeIgniter\Boot::runCodeIgniter(Object(CodeIgniter\CodeIgniter))
 7 FCPATH\index.php(59): CodeIgniter\Boot::bootWeb(Object(Config\Paths))
DEBUG - 2025-11-30 17:37:54 --> Session: Class initialized using 'CodeIgniter\Session\Handlers\FileHandler' driver.
WARNING - 2025-11-30 17:37:54 --> [DEPRECATED] Creation of dynamic property App\Controllers\Notifications::$data is deprecated in APPPATH\Controllers\BaseController.php on line 74.
 1 APPPATH\Controllers\BaseController.php(59): App\Controllers\BaseController->loadNotificationData()
 2 SYSTEMPATH\CodeIgniter.php(904): App\Controllers\BaseController->initController(Object(CodeIgniter\HTTP\IncomingRequest), Object(CodeIgniter\HTTP\Response), Object(CodeIgniter\Log\Logger))
 3 SYSTEMPATH\CodeIgniter.php(498): CodeIgniter\CodeIgniter->createController()
 4 SYSTEMPATH\CodeIgniter.php(354): CodeIgniter\CodeIgniter->handleRequest(null, Object(Config\Cache), false)
 5 SYSTEMPATH\Boot.php(363): CodeIgniter\CodeIgniter->run()
 6 SYSTEMPATH\Boot.php(68): CodeIgniter\Boot::runCodeIgniter(Object(CodeIgniter\CodeIgniter))
 7 FCPATH\index.php(59): CodeIgniter\Boot::bootWeb(Object(Config\Paths))
DEBUG - 2025-11-30 17:37:54 --> Session: Class initialized using 'CodeIgniter\Session\Handlers\FileHandler' driver.
WARNING - 2025-11-30 17:37:54 --> [DEPRECATED] Creation of dynamic property App\Controllers\Notifications::$data is deprecated in APPPATH\Controllers\BaseController.php on line 76.
 1 APPPATH\Controllers\BaseController.php(59): App\Controllers\BaseController->loadNotificationData()
 2 SYSTEMPATH\CodeIgniter.php(904): App\Controllers\BaseController->initController(Object(CodeIgniter\HTTP\IncomingRequest), Object(CodeIgniter\HTTP\Response), Object(CodeIgniter\Log\Logger))
 3 SYSTEMPATH\CodeIgniter.php(498): CodeIgniter\CodeIgniter->createController()
 4 SYSTEMPATH\CodeIgniter.php(354): CodeIgniter\CodeIgniter->handleRequest(null, Object(Config\Cache), false)
 5 SYSTEMPATH\Boot.php(363): CodeIgniter\CodeIgniter->run()
 6 SYSTEMPATH\Boot.php(68): CodeIgniter\Boot::runCodeIgniter(Object(CodeIgniter\CodeIgniter))
 7 FCPATH\index.php(59): CodeIgniter\Boot::bootWeb(Object(Config\Paths))
DEBUG - 2025-11-30 17:38:54 --> Session: Class initialized using 'CodeIgniter\Session\Handlers\FileHandler' driver.
DEBUG - 2025-11-30 17:38:54 --> Session: Class initialized using 'CodeIgniter\Session\Handlers\FileHandler' driver.
WARNING - 2025-11-30 17:38:54 --> [DEPRECATED] Creation of dynamic property App\Controllers\Notifications::$data is deprecated in APPPATH\Controllers\BaseController.php on line 76.
 1 APPPATH\Controllers\BaseController.php(59): App\Controllers\BaseController->loadNotificationData()
 2 SYSTEMPATH\CodeIgniter.php(904): App\Controllers\BaseController->initController(Object(CodeIgniter\HTTP\IncomingRequest), Object(CodeIgniter\HTTP\Response), Object(CodeIgniter\Log\Logger))
 3 SYSTEMPATH\CodeIgniter.php(498): CodeIgniter\CodeIgniter->createController()
 4 SYSTEMPATH\CodeIgniter.php(354): CodeIgniter\CodeIgniter->handleRequest(null, Object(Config\Cache), false)
 5 SYSTEMPATH\Boot.php(363): CodeIgniter\CodeIgniter->run()
 6 SYSTEMPATH\Boot.php(68): CodeIgniter\Boot::runCodeIgniter(Object(CodeIgniter\CodeIgniter))
 7 FCPATH\index.php(59): CodeIgniter\Boot::bootWeb(Object(Config\Paths))
WARNING - 2025-11-30 17:38:54 --> [DEPRECATED] Creation of dynamic property App\Controllers\Notifications::$data is deprecated in APPPATH\Controllers\BaseController.php on line 74.
 1 APPPATH\Controllers\BaseController.php(59): App\Controllers\BaseController->loadNotificationData()
 2 SYSTEMPATH\CodeIgniter.php(904): App\Controllers\BaseController->initController(Object(CodeIgniter\HTTP\IncomingRequest), Object(CodeIgniter\HTTP\Response), Object(CodeIgniter\Log\Logger))
 3 SYSTEMPATH\CodeIgniter.php(498): CodeIgniter\CodeIgniter->createController()
 4 SYSTEMPATH\CodeIgniter.php(354): CodeIgniter\CodeIgniter->handleRequest(null, Object(Config\Cache), false)
 5 SYSTEMPATH\Boot.php(363): CodeIgniter\CodeIgniter->run()
 6 SYSTEMPATH\Boot.php(68): CodeIgniter\Boot::runCodeIgniter(Object(CodeIgniter\CodeIgniter))
 7 FCPATH\index.php(59): CodeIgniter\Boot::bootWeb(Object(Config\Paths))
DEBUG - 2025-11-30 17:39:54 --> Session: Class initialized using 'CodeIgniter\Session\Handlers\FileHandler' driver.
DEBUG - 2025-11-30 17:39:54 --> Session: Class initialized using 'CodeIgniter\Session\Handlers\FileHandler' driver.
WARNING - 2025-11-30 17:39:54 --> [DEPRECATED] Creation of dynamic property App\Controllers\Notifications::$data is deprecated in APPPATH\Controllers\BaseController.php on line 76.
 1 APPPATH\Controllers\BaseController.php(59): App\Controllers\BaseController->loadNotificationData()
 2 SYSTEMPATH\CodeIgniter.php(904): App\Controllers\BaseController->initController(Object(CodeIgniter\HTTP\IncomingRequest), Object(CodeIgniter\HTTP\Response), Object(CodeIgniter\Log\Logger))
 3 SYSTEMPATH\CodeIgniter.php(498): CodeIgniter\CodeIgniter->createController()
 4 SYSTEMPATH\CodeIgniter.php(354): CodeIgniter\CodeIgniter->handleRequest(null, Object(Config\Cache), false)
 5 SYSTEMPATH\Boot.php(363): CodeIgniter\CodeIgniter->run()
 6 SYSTEMPATH\Boot.php(68): CodeIgniter\Boot::runCodeIgniter(Object(CodeIgniter\CodeIgniter))
 7 FCPATH\index.php(59): CodeIgniter\Boot::bootWeb(Object(Config\Paths))
WARNING - 2025-11-30 17:39:54 --> [DEPRECATED] Creation of dynamic property App\Controllers\Notifications::$data is deprecated in APPPATH\Controllers\BaseController.php on line 74.
 1 APPPATH\Controllers\BaseController.php(59): App\Controllers\BaseController->loadNotificationData()
 2 SYSTEMPATH\CodeIgniter.php(904): App\Controllers\BaseController->initController(Object(CodeIgniter\HTTP\IncomingRequest), Object(CodeIgniter\HTTP\Response), Object(CodeIgniter\Log\Logger))
 3 SYSTEMPATH\CodeIgniter.php(498): CodeIgniter\CodeIgniter->createController()
 4 SYSTEMPATH\CodeIgniter.php(354): CodeIgniter\CodeIgniter->handleRequest(null, Object(Config\Cache), false)
 5 SYSTEMPATH\Boot.php(363): CodeIgniter\CodeIgniter->run()
 6 SYSTEMPATH\Boot.php(68): CodeIgniter\Boot::runCodeIgniter(Object(CodeIgniter\CodeIgniter))
 7 FCPATH\index.php(59): CodeIgniter\Boot::bootWeb(Object(Config\Paths))
DEBUG - 2025-11-30 17:40:54 --> Session: Class initialized using 'CodeIgniter\Session\Handlers\FileHandler' driver.
DEBUG - 2025-11-30 17:40:54 --> Session: Class initialized using 'CodeIgniter\Session\Handlers\FileHandler' driver.
WARNING - 2025-11-30 17:40:54 --> [DEPRECATED] Creation of dynamic property App\Controllers\Notifications::$data is deprecated in APPPATH\Controllers\BaseController.php on line 76.
 1 APPPATH\Controllers\BaseController.php(59): App\Controllers\BaseController->loadNotificationData()
 2 SYSTEMPATH\CodeIgniter.php(904): App\Controllers\BaseController->initController(Object(CodeIgniter\HTTP\IncomingRequest), Object(CodeIgniter\HTTP\Response), Object(CodeIgniter\Log\Logger))
 3 SYSTEMPATH\CodeIgniter.php(498): CodeIgniter\CodeIgniter->createController()
 4 SYSTEMPATH\CodeIgniter.php(354): CodeIgniter\CodeIgniter->handleRequest(null, Object(Config\Cache), false)
 5 SYSTEMPATH\Boot.php(363): CodeIgniter\CodeIgniter->run()
 6 SYSTEMPATH\Boot.php(68): CodeIgniter\Boot::runCodeIgniter(Object(CodeIgniter\CodeIgniter))
 7 FCPATH\index.php(59): CodeIgniter\Boot::bootWeb(Object(Config\Paths))
WARNING - 2025-11-30 17:40:54 --> [DEPRECATED] Creation of dynamic property App\Controllers\Notifications::$data is deprecated in APPPATH\Controllers\BaseController.php on line 74.
 1 APPPATH\Controllers\BaseController.php(59): App\Controllers\BaseController->loadNotificationData()
 2 SYSTEMPATH\CodeIgniter.php(904): App\Controllers\BaseController->initController(Object(CodeIgniter\HTTP\IncomingRequest), Object(CodeIgniter\HTTP\Response), Object(CodeIgniter\Log\Logger))
 3 SYSTEMPATH\CodeIgniter.php(498): CodeIgniter\CodeIgniter->createController()
 4 SYSTEMPATH\CodeIgniter.php(354): CodeIgniter\CodeIgniter->handleRequest(null, Object(Config\Cache), false)
 5 SYSTEMPATH\Boot.php(363): CodeIgniter\CodeIgniter->run()
 6 SYSTEMPATH\Boot.php(68): CodeIgniter\Boot::runCodeIgniter(Object(CodeIgniter\CodeIgniter))
 7 FCPATH\index.php(59): CodeIgniter\Boot::bootWeb(Object(Config\Paths))
DEBUG - 2025-11-30 17:40:55 --> Session: Class initialized using 'CodeIgniter\Session\Handlers\FileHandler' driver.
WARNING - 2025-11-30 17:40:55 --> [DEPRECATED] Creation of dynamic property App\Controllers\Teacher::$data is deprecated in APPPATH\Controllers\BaseController.php on line 74.
 1 APPPATH\Controllers\BaseController.php(59): App\Controllers\BaseController->loadNotificationData()
 2 SYSTEMPATH\CodeIgniter.php(904): App\Controllers\BaseController->initController(Object(CodeIgniter\HTTP\IncomingRequest), Object(CodeIgniter\HTTP\Response), Object(CodeIgniter\Log\Logger))
 3 SYSTEMPATH\CodeIgniter.php(498): CodeIgniter\CodeIgniter->createController()
 4 SYSTEMPATH\CodeIgniter.php(354): CodeIgniter\CodeIgniter->handleRequest(null, Object(Config\Cache), false)
 5 SYSTEMPATH\Boot.php(363): CodeIgniter\CodeIgniter->run()
 6 SYSTEMPATH\Boot.php(68): CodeIgniter\Boot::runCodeIgniter(Object(CodeIgniter\CodeIgniter))
 7 FCPATH\index.php(59): CodeIgniter\Boot::bootWeb(Object(Config\Paths))
ERROR - 2025-11-30 17:40:55 --> mysqli_sql_exception: Duplicate column name 'course_id' in C:\xampp\htdocs\ITE311-VISAYAS\system\Database\MySQLi\Connection.php:327
Stack trace:
#0 C:\xampp\htdocs\ITE311-VISAYAS\system\Database\MySQLi\Connection.php(327): mysqli->query('SELECT COUNT(*)...', 0)
#1 C:\xampp\htdocs\ITE311-VISAYAS\system\Database\BaseConnection.php(729): CodeIgniter\Database\MySQLi\Connection->execute('SELECT COUNT(*)...')
#2 C:\xampp\htdocs\ITE311-VISAYAS\system\Database\BaseConnection.php(646): CodeIgniter\Database\BaseConnection->simpleQuery('SELECT COUNT(*)...')
#3 C:\xampp\htdocs\ITE311-VISAYAS\system\Database\BaseBuilder.php(1733): CodeIgniter\Database\BaseConnection->query('SELECT COUNT(*)...', Array, false)
#4 C:\xampp\htdocs\ITE311-VISAYAS\app\Models\CourseModel.php(132): CodeIgniter\Database\BaseBuilder->countAllResults()
#5 C:\xampp\htdocs\ITE311-VISAYAS\app\Controllers\Teacher.php(56): App\Models\CourseModel->getTeacherStatistics('21')
#6 C:\xampp\htdocs\ITE311-VISAYAS\system\CodeIgniter.php(933): App\Controllers\Teacher->manageCourses()
#7 C:\xampp\htdocs\ITE311-VISAYAS\system\CodeIgniter.php(507): CodeIgniter\CodeIgniter->runController(Object(App\Controllers\Teacher))
#8 C:\xampp\htdocs\ITE311-VISAYAS\system\CodeIgniter.php(354): CodeIgniter\CodeIgniter->handleRequest(NULL, Object(Config\Cache), false)
#9 C:\xampp\htdocs\ITE311-VISAYAS\system\Boot.php(363): CodeIgniter\CodeIgniter->run()
#10 C:\xampp\htdocs\ITE311-VISAYAS\system\Boot.php(68): CodeIgniter\Boot::runCodeIgniter(Object(CodeIgniter\CodeIgniter))
#11 C:\xampp\htdocs\ITE311-VISAYAS\index.php(59): CodeIgniter\Boot::bootWeb(Object(Config\Paths))
#12 {main}
CRITICAL - 2025-11-30 17:40:55 --> CodeIgniter\Database\Exceptions\DatabaseException: Duplicate column name 'course_id'
[Method: GET, Route: teacher/manage-courses]
in SYSTEMPATH\Database\BaseConnection.php on line 684.
 1 SYSTEMPATH\Database\BaseBuilder.php(1733): CodeIgniter\Database\BaseConnection->query('SELECT COUNT(*) AS `numrows`
FROM (
SELECT DISTINCT *
FROM `courses` `c`
JOIN `enrollments` `e` ON `c`.`course_id` = `e`.`course_id`
WHERE `c`.`teacher_id` = :c.teacher_id:
AND `e`.`status` IN :e.status:
) CI_count_all_results', [...], false)
 2 APPPATH\Models\CourseModel.php(132): CodeIgniter\Database\BaseBuilder->countAllResults()
 3 APPPATH\Controllers\Teacher.php(56): App\Models\CourseModel->getTeacherStatistics('21')
 4 SYSTEMPATH\CodeIgniter.php(933): App\Controllers\Teacher->manageCourses()
 5 SYSTEMPATH\CodeIgniter.php(507): CodeIgniter\CodeIgniter->runController(Object(App\Controllers\Teacher))
 6 SYSTEMPATH\CodeIgniter.php(354): CodeIgniter\CodeIgniter->handleRequest(null, Object(Config\Cache), false)
 7 SYSTEMPATH\Boot.php(363): CodeIgniter\CodeIgniter->run()
 8 SYSTEMPATH\Boot.php(68): CodeIgniter\Boot::runCodeIgniter(Object(CodeIgniter\CodeIgniter))
 9 FCPATH\index.php(59): CodeIgniter\Boot::bootWeb(Object(Config\Paths))
CRITICAL - 2025-11-30 17:40:55 --> [Caused by] CodeIgniter\Database\Exceptions\DatabaseException: Duplicate column name 'course_id'
in SYSTEMPATH\Database\MySQLi\Connection.php on line 332.
 1 SYSTEMPATH\Database\BaseConnection.php(729): CodeIgniter\Database\MySQLi\Connection->execute('SELECT COUNT(*) AS `numrows`
FROM (
SELECT DISTINCT *
FROM `courses` `c`
JOIN `enrollments` `e` ON `c`.`course_id` = `e`.`course_id`
WHERE `c`.`teacher_id` = \'21\'
AND `e`.`status` IN (\'enrolled\',\'active\')
) CI_count_all_results')
 2 SYSTEMPATH\Database\BaseConnection.php(646): CodeIgniter\Database\BaseConnection->simpleQuery('SELECT COUNT(*) AS `numrows`
FROM (
SELECT DISTINCT *
FROM `courses` `c`
JOIN `enrollments` `e` ON `c`.`course_id` = `e`.`course_id`
WHERE `c`.`teacher_id` = \'21\'
AND `e`.`status` IN (\'enrolled\',\'active\')
) CI_count_all_results')
 3 SYSTEMPATH\Database\BaseBuilder.php(1733): CodeIgniter\Database\BaseConnection->query('SELECT COUNT(*) AS `numrows`
FROM (
SELECT DISTINCT *
FROM `courses` `c`
JOIN `enrollments` `e` ON `c`.`course_id` = `e`.`course_id`
WHERE `c`.`teacher_id` = :c.teacher_id:
AND `e`.`status` IN :e.status:
) CI_count_all_results', [...], false)
 4 APPPATH\Models\CourseModel.php(132): CodeIgniter\Database\BaseBuilder->countAllResults()
 5 APPPATH\Controllers\Teacher.php(56): App\Models\CourseModel->getTeacherStatistics('21')
 6 SYSTEMPATH\CodeIgniter.php(933): App\Controllers\Teacher->manageCourses()
 7 SYSTEMPATH\CodeIgniter.php(507): CodeIgniter\CodeIgniter->runController(Object(App\Controllers\Teacher))
 8 SYSTEMPATH\CodeIgniter.php(354): CodeIgniter\CodeIgniter->handleRequest(null, Object(Config\Cache), false)
 9 SYSTEMPATH\Boot.php(363): CodeIgniter\CodeIgniter->run()
10 SYSTEMPATH\Boot.php(68): CodeIgniter\Boot::runCodeIgniter(Object(CodeIgniter\CodeIgniter))
11 FCPATH\index.php(59): CodeIgniter\Boot::bootWeb(Object(Config\Paths))
CRITICAL - 2025-11-30 17:40:55 --> [Caused by] mysqli_sql_exception: Duplicate column name 'course_id'
in SYSTEMPATH\Database\MySQLi\Connection.php on line 327.
 1 SYSTEMPATH\Database\MySQLi\Connection.php(327): mysqli->query('SELECT COUNT(*) AS `numrows`
FROM (
SELECT DISTINCT *
FROM `courses` `c`
JOIN `enrollments` `e` ON `c`.`course_id` = `e`.`course_id`
WHERE `c`.`teacher_id` = \'21\'
AND `e`.`status` IN (\'enrolled\',\'active\')
) CI_count_all_results', 0)
 2 SYSTEMPATH\Database\BaseConnection.php(729): CodeIgniter\Database\MySQLi\Connection->execute('SELECT COUNT(*) AS `numrows`
FROM (
SELECT DISTINCT *
FROM `courses` `c`
JOIN `enrollments` `e` ON `c`.`course_id` = `e`.`course_id`
WHERE `c`.`teacher_id` = \'21\'
AND `e`.`status` IN (\'enrolled\',\'active\')
) CI_count_all_results')
 3 SYSTEMPATH\Database\BaseConnection.php(646): CodeIgniter\Database\BaseConnection->simpleQuery('SELECT COUNT(*) AS `numrows`
FROM (
SELECT DISTINCT *
FROM `courses` `c`
JOIN `enrollments` `e` ON `c`.`course_id` = `e`.`course_id`
WHERE `c`.`teacher_id` = \'21\'
AND `e`.`status` IN (\'enrolled\',\'active\')
) CI_count_all_results')
 4 SYSTEMPATH\Database\BaseBuilder.php(1733): CodeIgniter\Database\BaseConnection->query('SELECT COUNT(*) AS `numrows`
FROM (
SELECT DISTINCT *
FROM `courses` `c`
JOIN `enrollments` `e` ON `c`.`course_id` = `e`.`course_id`
WHERE `c`.`teacher_id` = :c.teacher_id:
AND `e`.`status` IN :e.status:
) CI_count_all_results', [...], false)
 5 APPPATH\Models\CourseModel.php(132): CodeIgniter\Database\BaseBuilder->countAllResults()
 6 APPPATH\Controllers\Teacher.php(56): App\Models\CourseModel->getTeacherStatistics('21')
 7 SYSTEMPATH\CodeIgniter.php(933): App\Controllers\Teacher->manageCourses()
 8 SYSTEMPATH\CodeIgniter.php(507): CodeIgniter\CodeIgniter->runController(Object(App\Controllers\Teacher))
 9 SYSTEMPATH\CodeIgniter.php(354): CodeIgniter\CodeIgniter->handleRequest(null, Object(Config\Cache), false)
10 SYSTEMPATH\Boot.php(363): CodeIgniter\CodeIgniter->run()
11 SYSTEMPATH\Boot.php(68): CodeIgniter\Boot::runCodeIgniter(Object(CodeIgniter\CodeIgniter))
12 FCPATH\index.php(59): CodeIgniter\Boot::bootWeb(Object(Config\Paths))
DEBUG - 2025-11-30 17:41:54 --> Session: Class initialized using 'CodeIgniter\Session\Handlers\FileHandler' driver.
DEBUG - 2025-11-30 17:41:54 --> Session: Class initialized using 'CodeIgniter\Session\Handlers\FileHandler' driver.
WARNING - 2025-11-30 17:41:54 --> [DEPRECATED] Creation of dynamic property App\Controllers\Notifications::$data is deprecated in APPPATH\Controllers\BaseController.php on line 76.
 1 APPPATH\Controllers\BaseController.php(59): App\Controllers\BaseController->loadNotificationData()
 2 SYSTEMPATH\CodeIgniter.php(904): App\Controllers\BaseController->initController(Object(CodeIgniter\HTTP\IncomingRequest), Object(CodeIgniter\HTTP\Response), Object(CodeIgniter\Log\Logger))
 3 SYSTEMPATH\CodeIgniter.php(498): CodeIgniter\CodeIgniter->createController()
 4 SYSTEMPATH\CodeIgniter.php(354): CodeIgniter\CodeIgniter->handleRequest(null, Object(Config\Cache), false)
 5 SYSTEMPATH\Boot.php(363): CodeIgniter\CodeIgniter->run()
 6 SYSTEMPATH\Boot.php(68): CodeIgniter\Boot::runCodeIgniter(Object(CodeIgniter\CodeIgniter))
 7 FCPATH\index.php(59): CodeIgniter\Boot::bootWeb(Object(Config\Paths))
WARNING - 2025-11-30 17:41:54 --> [DEPRECATED] Creation of dynamic property App\Controllers\Notifications::$data is deprecated in APPPATH\Controllers\BaseController.php on line 74.
 1 APPPATH\Controllers\BaseController.php(59): App\Controllers\BaseController->loadNotificationData()
 2 SYSTEMPATH\CodeIgniter.php(904): App\Controllers\BaseController->initController(Object(CodeIgniter\HTTP\IncomingRequest), Object(CodeIgniter\HTTP\Response), Object(CodeIgniter\Log\Logger))
 3 SYSTEMPATH\CodeIgniter.php(498): CodeIgniter\CodeIgniter->createController()
 4 SYSTEMPATH\CodeIgniter.php(354): CodeIgniter\CodeIgniter->handleRequest(null, Object(Config\Cache), false)
 5 SYSTEMPATH\Boot.php(363): CodeIgniter\CodeIgniter->run()
 6 SYSTEMPATH\Boot.php(68): CodeIgniter\Boot::runCodeIgniter(Object(CodeIgniter\CodeIgniter))
 7 FCPATH\index.php(59): CodeIgniter\Boot::bootWeb(Object(Config\Paths))
DEBUG - 2025-11-30 17:42:12 --> Session: Class initialized using 'CodeIgniter\Session\Handlers\FileHandler' driver.
WARNING - 2025-11-30 17:42:12 --> [DEPRECATED] Creation of dynamic property App\Controllers\Teacher::$data is deprecated in APPPATH\Controllers\BaseController.php on line 74.
 1 APPPATH\Controllers\BaseController.php(59): App\Controllers\BaseController->loadNotificationData()
 2 SYSTEMPATH\CodeIgniter.php(904): App\Controllers\BaseController->initController(Object(CodeIgniter\HTTP\IncomingRequest), Object(CodeIgniter\HTTP\Response), Object(CodeIgniter\Log\Logger))
 3 SYSTEMPATH\CodeIgniter.php(498): CodeIgniter\CodeIgniter->createController()
 4 SYSTEMPATH\CodeIgniter.php(354): CodeIgniter\CodeIgniter->handleRequest(null, Object(Config\Cache), false)
 5 SYSTEMPATH\Boot.php(363): CodeIgniter\CodeIgniter->run()
 6 SYSTEMPATH\Boot.php(68): CodeIgniter\Boot::runCodeIgniter(Object(CodeIgniter\CodeIgniter))
 7 FCPATH\index.php(59): CodeIgniter\Boot::bootWeb(Object(Config\Paths))
ERROR - 2025-11-30 17:42:12 --> mysqli_sql_exception: Duplicate column name 'course_id' in C:\xampp\htdocs\ITE311-VISAYAS\system\Database\MySQLi\Connection.php:327
Stack trace:
#0 C:\xampp\htdocs\ITE311-VISAYAS\system\Database\MySQLi\Connection.php(327): mysqli->query('SELECT COUNT(*)...', 0)
#1 C:\xampp\htdocs\ITE311-VISAYAS\system\Database\BaseConnection.php(729): CodeIgniter\Database\MySQLi\Connection->execute('SELECT COUNT(*)...')
#2 C:\xampp\htdocs\ITE311-VISAYAS\system\Database\BaseConnection.php(646): CodeIgniter\Database\BaseConnection->simpleQuery('SELECT COUNT(*)...')
#3 C:\xampp\htdocs\ITE311-VISAYAS\system\Database\BaseBuilder.php(1733): CodeIgniter\Database\BaseConnection->query('SELECT COUNT(*)...', Array, false)
#4 C:\xampp\htdocs\ITE311-VISAYAS\app\Models\CourseModel.php(132): CodeIgniter\Database\BaseBuilder->countAllResults()
#5 C:\xampp\htdocs\ITE311-VISAYAS\app\Controllers\Teacher.php(56): App\Models\CourseModel->getTeacherStatistics('21')
#6 C:\xampp\htdocs\ITE311-VISAYAS\system\CodeIgniter.php(933): App\Controllers\Teacher->manageCourses()
#7 C:\xampp\htdocs\ITE311-VISAYAS\system\CodeIgniter.php(507): CodeIgniter\CodeIgniter->runController(Object(App\Controllers\Teacher))
#8 C:\xampp\htdocs\ITE311-VISAYAS\system\CodeIgniter.php(354): CodeIgniter\CodeIgniter->handleRequest(NULL, Object(Config\Cache), false)
#9 C:\xampp\htdocs\ITE311-VISAYAS\system\Boot.php(363): CodeIgniter\CodeIgniter->run()
#10 C:\xampp\htdocs\ITE311-VISAYAS\system\Boot.php(68): CodeIgniter\Boot::runCodeIgniter(Object(CodeIgniter\CodeIgniter))
#11 C:\xampp\htdocs\ITE311-VISAYAS\index.php(59): CodeIgniter\Boot::bootWeb(Object(Config\Paths))
#12 {main}
CRITICAL - 2025-11-30 17:42:12 --> CodeIgniter\Database\Exceptions\DatabaseException: Duplicate column name 'course_id'
[Method: GET, Route: teacher/manage-courses]
in SYSTEMPATH\Database\BaseConnection.php on line 684.
 1 SYSTEMPATH\Database\BaseBuilder.php(1733): CodeIgniter\Database\BaseConnection->query('SELECT COUNT(*) AS `numrows`
FROM (
SELECT DISTINCT *
FROM `courses` `c`
JOIN `enrollments` `e` ON `c`.`course_id` = `e`.`course_id`
WHERE `c`.`teacher_id` = :c.teacher_id:
AND `e`.`status` IN :e.status:
) CI_count_all_results', [...], false)
 2 APPPATH\Models\CourseModel.php(132): CodeIgniter\Database\BaseBuilder->countAllResults()
 3 APPPATH\Controllers\Teacher.php(56): App\Models\CourseModel->getTeacherStatistics('21')
 4 SYSTEMPATH\CodeIgniter.php(933): App\Controllers\Teacher->manageCourses()
 5 SYSTEMPATH\CodeIgniter.php(507): CodeIgniter\CodeIgniter->runController(Object(App\Controllers\Teacher))
 6 SYSTEMPATH\CodeIgniter.php(354): CodeIgniter\CodeIgniter->handleRequest(null, Object(Config\Cache), false)
 7 SYSTEMPATH\Boot.php(363): CodeIgniter\CodeIgniter->run()
 8 SYSTEMPATH\Boot.php(68): CodeIgniter\Boot::runCodeIgniter(Object(CodeIgniter\CodeIgniter))
 9 FCPATH\index.php(59): CodeIgniter\Boot::bootWeb(Object(Config\Paths))
CRITICAL - 2025-11-30 17:42:12 --> [Caused by] CodeIgniter\Database\Exceptions\DatabaseException: Duplicate column name 'course_id'
in SYSTEMPATH\Database\MySQLi\Connection.php on line 332.
 1 SYSTEMPATH\Database\BaseConnection.php(729): CodeIgniter\Database\MySQLi\Connection->execute('SELECT COUNT(*) AS `numrows`
FROM (
SELECT DISTINCT *
FROM `courses` `c`
JOIN `enrollments` `e` ON `c`.`course_id` = `e`.`course_id`
WHERE `c`.`teacher_id` = \'21\'
AND `e`.`status` IN (\'enrolled\',\'active\')
) CI_count_all_results')
 2 SYSTEMPATH\Database\BaseConnection.php(646): CodeIgniter\Database\BaseConnection->simpleQuery('SELECT COUNT(*) AS `numrows`
FROM (
SELECT DISTINCT *
FROM `courses` `c`
JOIN `enrollments` `e` ON `c`.`course_id` = `e`.`course_id`
WHERE `c`.`teacher_id` = \'21\'
AND `e`.`status` IN (\'enrolled\',\'active\')
) CI_count_all_results')
 3 SYSTEMPATH\Database\BaseBuilder.php(1733): CodeIgniter\Database\BaseConnection->query('SELECT COUNT(*) AS `numrows`
FROM (
SELECT DISTINCT *
FROM `courses` `c`
JOIN `enrollments` `e` ON `c`.`course_id` = `e`.`course_id`
WHERE `c`.`teacher_id` = :c.teacher_id:
AND `e`.`status` IN :e.status:
) CI_count_all_results', [...], false)
 4 APPPATH\Models\CourseModel.php(132): CodeIgniter\Database\BaseBuilder->countAllResults()
 5 APPPATH\Controllers\Teacher.php(56): App\Models\CourseModel->getTeacherStatistics('21')
 6 SYSTEMPATH\CodeIgniter.php(933): App\Controllers\Teacher->manageCourses()
 7 SYSTEMPATH\CodeIgniter.php(507): CodeIgniter\CodeIgniter->runController(Object(App\Controllers\Teacher))
 8 SYSTEMPATH\CodeIgniter.php(354): CodeIgniter\CodeIgniter->handleRequest(null, Object(Config\Cache), false)
 9 SYSTEMPATH\Boot.php(363): CodeIgniter\CodeIgniter->run()
10 SYSTEMPATH\Boot.php(68): CodeIgniter\Boot::runCodeIgniter(Object(CodeIgniter\CodeIgniter))
11 FCPATH\index.php(59): CodeIgniter\Boot::bootWeb(Object(Config\Paths))
CRITICAL - 2025-11-30 17:42:12 --> [Caused by] mysqli_sql_exception: Duplicate column name 'course_id'
in SYSTEMPATH\Database\MySQLi\Connection.php on line 327.
 1 SYSTEMPATH\Database\MySQLi\Connection.php(327): mysqli->query('SELECT COUNT(*) AS `numrows`
FROM (
SELECT DISTINCT *
FROM `courses` `c`
JOIN `enrollments` `e` ON `c`.`course_id` = `e`.`course_id`
WHERE `c`.`teacher_id` = \'21\'
AND `e`.`status` IN (\'enrolled\',\'active\')
) CI_count_all_results', 0)
 2 SYSTEMPATH\Database\BaseConnection.php(729): CodeIgniter\Database\MySQLi\Connection->execute('SELECT COUNT(*) AS `numrows`
FROM (
SELECT DISTINCT *
FROM `courses` `c`
JOIN `enrollments` `e` ON `c`.`course_id` = `e`.`course_id`
WHERE `c`.`teacher_id` = \'21\'
AND `e`.`status` IN (\'enrolled\',\'active\')
) CI_count_all_results')
 3 SYSTEMPATH\Database\BaseConnection.php(646): CodeIgniter\Database\BaseConnection->simpleQuery('SELECT COUNT(*) AS `numrows`
FROM (
SELECT DISTINCT *
FROM `courses` `c`
JOIN `enrollments` `e` ON `c`.`course_id` = `e`.`course_id`
WHERE `c`.`teacher_id` = \'21\'
AND `e`.`status` IN (\'enrolled\',\'active\')
) CI_count_all_results')
 4 SYSTEMPATH\Database\BaseBuilder.php(1733): CodeIgniter\Database\BaseConnection->query('SELECT COUNT(*) AS `numrows`
FROM (
SELECT DISTINCT *
FROM `courses` `c`
JOIN `enrollments` `e` ON `c`.`course_id` = `e`.`course_id`
WHERE `c`.`teacher_id` = :c.teacher_id:
AND `e`.`status` IN :e.status:
) CI_count_all_results', [...], false)
 5 APPPATH\Models\CourseModel.php(132): CodeIgniter\Database\BaseBuilder->countAllResults()
 6 APPPATH\Controllers\Teacher.php(56): App\Models\CourseModel->getTeacherStatistics('21')
 7 SYSTEMPATH\CodeIgniter.php(933): App\Controllers\Teacher->manageCourses()
 8 SYSTEMPATH\CodeIgniter.php(507): CodeIgniter\CodeIgniter->runController(Object(App\Controllers\Teacher))
 9 SYSTEMPATH\CodeIgniter.php(354): CodeIgniter\CodeIgniter->handleRequest(null, Object(Config\Cache), false)
10 SYSTEMPATH\Boot.php(363): CodeIgniter\CodeIgniter->run()
11 SYSTEMPATH\Boot.php(68): CodeIgniter\Boot::runCodeIgniter(Object(CodeIgniter\CodeIgniter))
12 FCPATH\index.php(59): CodeIgniter\Boot::bootWeb(Object(Config\Paths))
DEBUG - 2025-11-30 17:42:14 --> Session: Class initialized using 'CodeIgniter\Session\Handlers\FileHandler' driver.
WARNING - 2025-11-30 17:42:14 --> [DEPRECATED] Creation of dynamic property App\Controllers\Teacher::$data is deprecated in APPPATH\Controllers\BaseController.php on line 74.
 1 APPPATH\Controllers\BaseController.php(59): App\Controllers\BaseController->loadNotificationData()
 2 SYSTEMPATH\CodeIgniter.php(904): App\Controllers\BaseController->initController(Object(CodeIgniter\HTTP\IncomingRequest), Object(CodeIgniter\HTTP\Response), Object(CodeIgniter\Log\Logger))
 3 SYSTEMPATH\CodeIgniter.php(498): CodeIgniter\CodeIgniter->createController()
 4 SYSTEMPATH\CodeIgniter.php(354): CodeIgniter\CodeIgniter->handleRequest(null, Object(Config\Cache), false)
 5 SYSTEMPATH\Boot.php(363): CodeIgniter\CodeIgniter->run()
 6 SYSTEMPATH\Boot.php(68): CodeIgniter\Boot::runCodeIgniter(Object(CodeIgniter\CodeIgniter))
 7 FCPATH\index.php(59): CodeIgniter\Boot::bootWeb(Object(Config\Paths))
ERROR - 2025-11-30 17:42:14 --> mysqli_sql_exception: Duplicate column name 'course_id' in C:\xampp\htdocs\ITE311-VISAYAS\system\Database\MySQLi\Connection.php:327
Stack trace:
#0 C:\xampp\htdocs\ITE311-VISAYAS\system\Database\MySQLi\Connection.php(327): mysqli->query('SELECT COUNT(*)...', 0)
#1 C:\xampp\htdocs\ITE311-VISAYAS\system\Database\BaseConnection.php(729): CodeIgniter\Database\MySQLi\Connection->execute('SELECT COUNT(*)...')
#2 C:\xampp\htdocs\ITE311-VISAYAS\system\Database\BaseConnection.php(646): CodeIgniter\Database\BaseConnection->simpleQuery('SELECT COUNT(*)...')
#3 C:\xampp\htdocs\ITE311-VISAYAS\system\Database\BaseBuilder.php(1733): CodeIgniter\Database\BaseConnection->query('SELECT COUNT(*)...', Array, false)
#4 C:\xampp\htdocs\ITE311-VISAYAS\app\Models\CourseModel.php(132): CodeIgniter\Database\BaseBuilder->countAllResults()
#5 C:\xampp\htdocs\ITE311-VISAYAS\app\Controllers\Teacher.php(56): App\Models\CourseModel->getTeacherStatistics('21')
#6 C:\xampp\htdocs\ITE311-VISAYAS\system\CodeIgniter.php(933): App\Controllers\Teacher->manageCourses()
#7 C:\xampp\htdocs\ITE311-VISAYAS\system\CodeIgniter.php(507): CodeIgniter\CodeIgniter->runController(Object(App\Controllers\Teacher))
#8 C:\xampp\htdocs\ITE311-VISAYAS\system\CodeIgniter.php(354): CodeIgniter\CodeIgniter->handleRequest(NULL, Object(Config\Cache), false)
#9 C:\xampp\htdocs\ITE311-VISAYAS\system\Boot.php(363): CodeIgniter\CodeIgniter->run()
#10 C:\xampp\htdocs\ITE311-VISAYAS\system\Boot.php(68): CodeIgniter\Boot::runCodeIgniter(Object(CodeIgniter\CodeIgniter))
#11 C:\xampp\htdocs\ITE311-VISAYAS\index.php(59): CodeIgniter\Boot::bootWeb(Object(Config\Paths))
#12 {main}
CRITICAL - 2025-11-30 17:42:14 --> CodeIgniter\Database\Exceptions\DatabaseException: Duplicate column name 'course_id'
[Method: GET, Route: teacher/manage-courses]
in SYSTEMPATH\Database\BaseConnection.php on line 684.
 1 SYSTEMPATH\Database\BaseBuilder.php(1733): CodeIgniter\Database\BaseConnection->query('SELECT COUNT(*) AS `numrows`
FROM (
SELECT DISTINCT *
FROM `courses` `c`
JOIN `enrollments` `e` ON `c`.`course_id` = `e`.`course_id`
WHERE `c`.`teacher_id` = :c.teacher_id:
AND `e`.`status` IN :e.status:
) CI_count_all_results', [...], false)
 2 APPPATH\Models\CourseModel.php(132): CodeIgniter\Database\BaseBuilder->countAllResults()
 3 APPPATH\Controllers\Teacher.php(56): App\Models\CourseModel->getTeacherStatistics('21')
 4 SYSTEMPATH\CodeIgniter.php(933): App\Controllers\Teacher->manageCourses()
 5 SYSTEMPATH\CodeIgniter.php(507): CodeIgniter\CodeIgniter->runController(Object(App\Controllers\Teacher))
 6 SYSTEMPATH\CodeIgniter.php(354): CodeIgniter\CodeIgniter->handleRequest(null, Object(Config\Cache), false)
 7 SYSTEMPATH\Boot.php(363): CodeIgniter\CodeIgniter->run()
 8 SYSTEMPATH\Boot.php(68): CodeIgniter\Boot::runCodeIgniter(Object(CodeIgniter\CodeIgniter))
 9 FCPATH\index.php(59): CodeIgniter\Boot::bootWeb(Object(Config\Paths))
CRITICAL - 2025-11-30 17:42:14 --> [Caused by] CodeIgniter\Database\Exceptions\DatabaseException: Duplicate column name 'course_id'
in SYSTEMPATH\Database\MySQLi\Connection.php on line 332.
 1 SYSTEMPATH\Database\BaseConnection.php(729): CodeIgniter\Database\MySQLi\Connection->execute('SELECT COUNT(*) AS `numrows`
FROM (
SELECT DISTINCT *
FROM `courses` `c`
JOIN `enrollments` `e` ON `c`.`course_id` = `e`.`course_id`
WHERE `c`.`teacher_id` = \'21\'
AND `e`.`status` IN (\'enrolled\',\'active\')
) CI_count_all_results')
 2 SYSTEMPATH\Database\BaseConnection.php(646): CodeIgniter\Database\BaseConnection->simpleQuery('SELECT COUNT(*) AS `numrows`
FROM (
SELECT DISTINCT *
FROM `courses` `c`
JOIN `enrollments` `e` ON `c`.`course_id` = `e`.`course_id`
WHERE `c`.`teacher_id` = \'21\'
AND `e`.`status` IN (\'enrolled\',\'active\')
) CI_count_all_results')
 3 SYSTEMPATH\Database\BaseBuilder.php(1733): CodeIgniter\Database\BaseConnection->query('SELECT COUNT(*) AS `numrows`
FROM (
SELECT DISTINCT *
FROM `courses` `c`
JOIN `enrollments` `e` ON `c`.`course_id` = `e`.`course_id`
WHERE `c`.`teacher_id` = :c.teacher_id:
AND `e`.`status` IN :e.status:
) CI_count_all_results', [...], false)
 4 APPPATH\Models\CourseModel.php(132): CodeIgniter\Database\BaseBuilder->countAllResults()
 5 APPPATH\Controllers\Teacher.php(56): App\Models\CourseModel->getTeacherStatistics('21')
 6 SYSTEMPATH\CodeIgniter.php(933): App\Controllers\Teacher->manageCourses()
 7 SYSTEMPATH\CodeIgniter.php(507): CodeIgniter\CodeIgniter->runController(Object(App\Controllers\Teacher))
 8 SYSTEMPATH\CodeIgniter.php(354): CodeIgniter\CodeIgniter->handleRequest(null, Object(Config\Cache), false)
 9 SYSTEMPATH\Boot.php(363): CodeIgniter\CodeIgniter->run()
10 SYSTEMPATH\Boot.php(68): CodeIgniter\Boot::runCodeIgniter(Object(CodeIgniter\CodeIgniter))
11 FCPATH\index.php(59): CodeIgniter\Boot::bootWeb(Object(Config\Paths))
CRITICAL - 2025-11-30 17:42:14 --> [Caused by] mysqli_sql_exception: Duplicate column name 'course_id'
in SYSTEMPATH\Database\MySQLi\Connection.php on line 327.
 1 SYSTEMPATH\Database\MySQLi\Connection.php(327): mysqli->query('SELECT COUNT(*) AS `numrows`
FROM (
SELECT DISTINCT *
FROM `courses` `c`
JOIN `enrollments` `e` ON `c`.`course_id` = `e`.`course_id`
WHERE `c`.`teacher_id` = \'21\'
AND `e`.`status` IN (\'enrolled\',\'active\')
) CI_count_all_results', 0)
 2 SYSTEMPATH\Database\BaseConnection.php(729): CodeIgniter\Database\MySQLi\Connection->execute('SELECT COUNT(*) AS `numrows`
FROM (
SELECT DISTINCT *
FROM `courses` `c`
JOIN `enrollments` `e` ON `c`.`course_id` = `e`.`course_id`
WHERE `c`.`teacher_id` = \'21\'
AND `e`.`status` IN (\'enrolled\',\'active\')
) CI_count_all_results')
 3 SYSTEMPATH\Database\BaseConnection.php(646): CodeIgniter\Database\BaseConnection->simpleQuery('SELECT COUNT(*) AS `numrows`
FROM (
SELECT DISTINCT *
FROM `courses` `c`
JOIN `enrollments` `e` ON `c`.`course_id` = `e`.`course_id`
WHERE `c`.`teacher_id` = \'21\'
AND `e`.`status` IN (\'enrolled\',\'active\')
) CI_count_all_results')
 4 SYSTEMPATH\Database\BaseBuilder.php(1733): CodeIgniter\Database\BaseConnection->query('SELECT COUNT(*) AS `numrows`
FROM (
SELECT DISTINCT *
FROM `courses` `c`
JOIN `enrollments` `e` ON `c`.`course_id` = `e`.`course_id`
WHERE `c`.`teacher_id` = :c.teacher_id:
AND `e`.`status` IN :e.status:
) CI_count_all_results', [...], false)
 5 APPPATH\Models\CourseModel.php(132): CodeIgniter\Database\BaseBuilder->countAllResults()
 6 APPPATH\Controllers\Teacher.php(56): App\Models\CourseModel->getTeacherStatistics('21')
 7 SYSTEMPATH\CodeIgniter.php(933): App\Controllers\Teacher->manageCourses()
 8 SYSTEMPATH\CodeIgniter.php(507): CodeIgniter\CodeIgniter->runController(Object(App\Controllers\Teacher))
 9 SYSTEMPATH\CodeIgniter.php(354): CodeIgniter\CodeIgniter->handleRequest(null, Object(Config\Cache), false)
10 SYSTEMPATH\Boot.php(363): CodeIgniter\CodeIgniter->run()
11 SYSTEMPATH\Boot.php(68): CodeIgniter\Boot::runCodeIgniter(Object(CodeIgniter\CodeIgniter))
12 FCPATH\index.php(59): CodeIgniter\Boot::bootWeb(Object(Config\Paths))
DEBUG - 2025-11-30 17:42:54 --> Session: Class initialized using 'CodeIgniter\Session\Handlers\FileHandler' driver.
WARNING - 2025-11-30 17:42:54 --> [DEPRECATED] Creation of dynamic property App\Controllers\Notifications::$data is deprecated in APPPATH\Controllers\BaseController.php on line 76.
 1 APPPATH\Controllers\BaseController.php(59): App\Controllers\BaseController->loadNotificationData()
 2 SYSTEMPATH\CodeIgniter.php(904): App\Controllers\BaseController->initController(Object(CodeIgniter\HTTP\IncomingRequest), Object(CodeIgniter\HTTP\Response), Object(CodeIgniter\Log\Logger))
 3 SYSTEMPATH\CodeIgniter.php(498): CodeIgniter\CodeIgniter->createController()
 4 SYSTEMPATH\CodeIgniter.php(354): CodeIgniter\CodeIgniter->handleRequest(null, Object(Config\Cache), false)
 5 SYSTEMPATH\Boot.php(363): CodeIgniter\CodeIgniter->run()
 6 SYSTEMPATH\Boot.php(68): CodeIgniter\Boot::runCodeIgniter(Object(CodeIgniter\CodeIgniter))
 7 FCPATH\index.php(59): CodeIgniter\Boot::bootWeb(Object(Config\Paths))
DEBUG - 2025-11-30 17:42:54 --> Session: Class initialized using 'CodeIgniter\Session\Handlers\FileHandler' driver.
WARNING - 2025-11-30 17:42:54 --> [DEPRECATED] Creation of dynamic property App\Controllers\Notifications::$data is deprecated in APPPATH\Controllers\BaseController.php on line 74.
 1 APPPATH\Controllers\BaseController.php(59): App\Controllers\BaseController->loadNotificationData()
 2 SYSTEMPATH\CodeIgniter.php(904): App\Controllers\BaseController->initController(Object(CodeIgniter\HTTP\IncomingRequest), Object(CodeIgniter\HTTP\Response), Object(CodeIgniter\Log\Logger))
 3 SYSTEMPATH\CodeIgniter.php(498): CodeIgniter\CodeIgniter->createController()
 4 SYSTEMPATH\CodeIgniter.php(354): CodeIgniter\CodeIgniter->handleRequest(null, Object(Config\Cache), false)
 5 SYSTEMPATH\Boot.php(363): CodeIgniter\CodeIgniter->run()
 6 SYSTEMPATH\Boot.php(68): CodeIgniter\Boot::runCodeIgniter(Object(CodeIgniter\CodeIgniter))
 7 FCPATH\index.php(59): CodeIgniter\Boot::bootWeb(Object(Config\Paths))
DEBUG - 2025-11-30 17:43:19 --> Session: Class initialized using 'CodeIgniter\Session\Handlers\FileHandler' driver.
WARNING - 2025-11-30 17:43:19 --> [DEPRECATED] Creation of dynamic property App\Controllers\Teacher::$data is deprecated in APPPATH\Controllers\BaseController.php on line 74.
 1 APPPATH\Controllers\BaseController.php(59): App\Controllers\BaseController->loadNotificationData()
 2 SYSTEMPATH\CodeIgniter.php(904): App\Controllers\BaseController->initController(Object(CodeIgniter\HTTP\IncomingRequest), Object(CodeIgniter\HTTP\Response), Object(CodeIgniter\Log\Logger))
 3 SYSTEMPATH\CodeIgniter.php(498): CodeIgniter\CodeIgniter->createController()
 4 SYSTEMPATH\CodeIgniter.php(354): CodeIgniter\CodeIgniter->handleRequest(null, Object(Config\Cache), false)
 5 SYSTEMPATH\Boot.php(363): CodeIgniter\CodeIgniter->run()
 6 SYSTEMPATH\Boot.php(68): CodeIgniter\Boot::runCodeIgniter(Object(CodeIgniter\CodeIgniter))
 7 FCPATH\index.php(59): CodeIgniter\Boot::bootWeb(Object(Config\Paths))
DEBUG - 2025-11-30 17:43:20 --> Session: Class initialized using 'CodeIgniter\Session\Handlers\FileHandler' driver.
WARNING - 2025-11-30 17:43:20 --> [DEPRECATED] Creation of dynamic property App\Controllers\Notifications::$data is deprecated in APPPATH\Controllers\BaseController.php on line 74.
 1 APPPATH\Controllers\BaseController.php(59): App\Controllers\BaseController->loadNotificationData()
 2 SYSTEMPATH\CodeIgniter.php(904): App\Controllers\BaseController->initController(Object(CodeIgniter\HTTP\IncomingRequest), Object(CodeIgniter\HTTP\Response), Object(CodeIgniter\Log\Logger))
 3 SYSTEMPATH\CodeIgniter.php(498): CodeIgniter\CodeIgniter->createController()
 4 SYSTEMPATH\CodeIgniter.php(354): CodeIgniter\CodeIgniter->handleRequest(null, Object(Config\Cache), false)
 5 SYSTEMPATH\Boot.php(363): CodeIgniter\CodeIgniter->run()
 6 SYSTEMPATH\Boot.php(68): CodeIgniter\Boot::runCodeIgniter(Object(CodeIgniter\CodeIgniter))
 7 FCPATH\index.php(59): CodeIgniter\Boot::bootWeb(Object(Config\Paths))
DEBUG - 2025-11-30 17:43:27 --> Session: Class initialized using 'CodeIgniter\Session\Handlers\FileHandler' driver.
WARNING - 2025-11-30 17:43:28 --> [DEPRECATED] Creation of dynamic property App\Controllers\Auth::$data is deprecated in APPPATH\Controllers\BaseController.php on line 74.
 1 APPPATH\Controllers\BaseController.php(59): App\Controllers\BaseController->loadNotificationData()
 2 SYSTEMPATH\CodeIgniter.php(904): App\Controllers\BaseController->initController(Object(CodeIgniter\HTTP\IncomingRequest), Object(CodeIgniter\HTTP\Response), Object(CodeIgniter\Log\Logger))
 3 SYSTEMPATH\CodeIgniter.php(498): CodeIgniter\CodeIgniter->createController()
 4 SYSTEMPATH\CodeIgniter.php(354): CodeIgniter\CodeIgniter->handleRequest(null, Object(Config\Cache), false)
 5 SYSTEMPATH\Boot.php(363): CodeIgniter\CodeIgniter->run()
 6 SYSTEMPATH\Boot.php(68): CodeIgniter\Boot::runCodeIgniter(Object(CodeIgniter\CodeIgniter))
 7 FCPATH\index.php(59): CodeIgniter\Boot::bootWeb(Object(Config\Paths))
DEBUG - 2025-11-30 17:43:28 --> Session: Class initialized using 'CodeIgniter\Session\Handlers\FileHandler' driver.
WARNING - 2025-11-30 17:43:28 --> [DEPRECATED] Creation of dynamic property App\Controllers\Notifications::$data is deprecated in APPPATH\Controllers\BaseController.php on line 74.
 1 APPPATH\Controllers\BaseController.php(59): App\Controllers\BaseController->loadNotificationData()
 2 SYSTEMPATH\CodeIgniter.php(904): App\Controllers\BaseController->initController(Object(CodeIgniter\HTTP\IncomingRequest), Object(CodeIgniter\HTTP\Response), Object(CodeIgniter\Log\Logger))
 3 SYSTEMPATH\CodeIgniter.php(498): CodeIgniter\CodeIgniter->createController()
 4 SYSTEMPATH\CodeIgniter.php(354): CodeIgniter\CodeIgniter->handleRequest(null, Object(Config\Cache), false)
 5 SYSTEMPATH\Boot.php(363): CodeIgniter\CodeIgniter->run()
 6 SYSTEMPATH\Boot.php(68): CodeIgniter\Boot::runCodeIgniter(Object(CodeIgniter\CodeIgniter))
 7 FCPATH\index.php(59): CodeIgniter\Boot::bootWeb(Object(Config\Paths))
DEBUG - 2025-11-30 17:43:29 --> Session: Class initialized using 'CodeIgniter\Session\Handlers\FileHandler' driver.
WARNING - 2025-11-30 17:43:30 --> [DEPRECATED] Creation of dynamic property App\Controllers\Teacher::$data is deprecated in APPPATH\Controllers\BaseController.php on line 74.
 1 APPPATH\Controllers\BaseController.php(59): App\Controllers\BaseController->loadNotificationData()
 2 SYSTEMPATH\CodeIgniter.php(904): App\Controllers\BaseController->initController(Object(CodeIgniter\HTTP\IncomingRequest), Object(CodeIgniter\HTTP\Response), Object(CodeIgniter\Log\Logger))
 3 SYSTEMPATH\CodeIgniter.php(498): CodeIgniter\CodeIgniter->createController()
 4 SYSTEMPATH\CodeIgniter.php(354): CodeIgniter\CodeIgniter->handleRequest(null, Object(Config\Cache), false)
 5 SYSTEMPATH\Boot.php(363): CodeIgniter\CodeIgniter->run()
 6 SYSTEMPATH\Boot.php(68): CodeIgniter\Boot::runCodeIgniter(Object(CodeIgniter\CodeIgniter))
 7 FCPATH\index.php(59): CodeIgniter\Boot::bootWeb(Object(Config\Paths))
DEBUG - 2025-11-30 17:43:30 --> Session: Class initialized using 'CodeIgniter\Session\Handlers\FileHandler' driver.
WARNING - 2025-11-30 17:43:30 --> [DEPRECATED] Creation of dynamic property App\Controllers\Notifications::$data is deprecated in APPPATH\Controllers\BaseController.php on line 74.
 1 APPPATH\Controllers\BaseController.php(59): App\Controllers\BaseController->loadNotificationData()
 2 SYSTEMPATH\CodeIgniter.php(904): App\Controllers\BaseController->initController(Object(CodeIgniter\HTTP\IncomingRequest), Object(CodeIgniter\HTTP\Response), Object(CodeIgniter\Log\Logger))
 3 SYSTEMPATH\CodeIgniter.php(498): CodeIgniter\CodeIgniter->createController()
 4 SYSTEMPATH\CodeIgniter.php(354): CodeIgniter\CodeIgniter->handleRequest(null, Object(Config\Cache), false)
 5 SYSTEMPATH\Boot.php(363): CodeIgniter\CodeIgniter->run()
 6 SYSTEMPATH\Boot.php(68): CodeIgniter\Boot::runCodeIgniter(Object(CodeIgniter\CodeIgniter))
 7 FCPATH\index.php(59): CodeIgniter\Boot::bootWeb(Object(Config\Paths))
DEBUG - 2025-11-30 17:43:32 --> Session: Class initialized using 'CodeIgniter\Session\Handlers\FileHandler' driver.
WARNING - 2025-11-30 17:43:32 --> [DEPRECATED] Creation of dynamic property App\Controllers\Teacher::$data is deprecated in APPPATH\Controllers\BaseController.php on line 74.
 1 APPPATH\Controllers\BaseController.php(59): App\Controllers\BaseController->loadNotificationData()
 2 SYSTEMPATH\CodeIgniter.php(904): App\Controllers\BaseController->initController(Object(CodeIgniter\HTTP\IncomingRequest), Object(CodeIgniter\HTTP\Response), Object(CodeIgniter\Log\Logger))
 3 SYSTEMPATH\CodeIgniter.php(498): CodeIgniter\CodeIgniter->createController()
 4 SYSTEMPATH\CodeIgniter.php(354): CodeIgniter\CodeIgniter->handleRequest(null, Object(Config\Cache), false)
 5 SYSTEMPATH\Boot.php(363): CodeIgniter\CodeIgniter->run()
 6 SYSTEMPATH\Boot.php(68): CodeIgniter\Boot::runCodeIgniter(Object(CodeIgniter\CodeIgniter))
 7 FCPATH\index.php(59): CodeIgniter\Boot::bootWeb(Object(Config\Paths))
DEBUG - 2025-11-30 17:43:32 --> Session: Class initialized using 'CodeIgniter\Session\Handlers\FileHandler' driver.
WARNING - 2025-11-30 17:43:32 --> [DEPRECATED] Creation of dynamic property App\Controllers\Notifications::$data is deprecated in APPPATH\Controllers\BaseController.php on line 74.
 1 APPPATH\Controllers\BaseController.php(59): App\Controllers\BaseController->loadNotificationData()
 2 SYSTEMPATH\CodeIgniter.php(904): App\Controllers\BaseController->initController(Object(CodeIgniter\HTTP\IncomingRequest), Object(CodeIgniter\HTTP\Response), Object(CodeIgniter\Log\Logger))
 3 SYSTEMPATH\CodeIgniter.php(498): CodeIgniter\CodeIgniter->createController()
 4 SYSTEMPATH\CodeIgniter.php(354): CodeIgniter\CodeIgniter->handleRequest(null, Object(Config\Cache), false)
 5 SYSTEMPATH\Boot.php(363): CodeIgniter\CodeIgniter->run()
 6 SYSTEMPATH\Boot.php(68): CodeIgniter\Boot::runCodeIgniter(Object(CodeIgniter\CodeIgniter))
 7 FCPATH\index.php(59): CodeIgniter\Boot::bootWeb(Object(Config\Paths))
DEBUG - 2025-11-30 17:43:54 --> Session: Class initialized using 'CodeIgniter\Session\Handlers\FileHandler' driver.
WARNING - 2025-11-30 17:43:54 --> [DEPRECATED] Creation of dynamic property App\Controllers\Notifications::$data is deprecated in APPPATH\Controllers\BaseController.php on line 74.
 1 APPPATH\Controllers\BaseController.php(59): App\Controllers\BaseController->loadNotificationData()
 2 SYSTEMPATH\CodeIgniter.php(904): App\Controllers\BaseController->initController(Object(CodeIgniter\HTTP\IncomingRequest), Object(CodeIgniter\HTTP\Response), Object(CodeIgniter\Log\Logger))
 3 SYSTEMPATH\CodeIgniter.php(498): CodeIgniter\CodeIgniter->createController()
 4 SYSTEMPATH\CodeIgniter.php(354): CodeIgniter\CodeIgniter->handleRequest(null, Object(Config\Cache), false)
 5 SYSTEMPATH\Boot.php(363): CodeIgniter\CodeIgniter->run()
 6 SYSTEMPATH\Boot.php(68): CodeIgniter\Boot::runCodeIgniter(Object(CodeIgniter\CodeIgniter))
 7 FCPATH\index.php(59): CodeIgniter\Boot::bootWeb(Object(Config\Paths))
DEBUG - 2025-11-30 17:43:54 --> Session: Class initialized using 'CodeIgniter\Session\Handlers\FileHandler' driver.
WARNING - 2025-11-30 17:43:54 --> [DEPRECATED] Creation of dynamic property App\Controllers\Notifications::$data is deprecated in APPPATH\Controllers\BaseController.php on line 76.
 1 APPPATH\Controllers\BaseController.php(59): App\Controllers\BaseController->loadNotificationData()
 2 SYSTEMPATH\CodeIgniter.php(904): App\Controllers\BaseController->initController(Object(CodeIgniter\HTTP\IncomingRequest), Object(CodeIgniter\HTTP\Response), Object(CodeIgniter\Log\Logger))
 3 SYSTEMPATH\CodeIgniter.php(498): CodeIgniter\CodeIgniter->createController()
 4 SYSTEMPATH\CodeIgniter.php(354): CodeIgniter\CodeIgniter->handleRequest(null, Object(Config\Cache), false)
 5 SYSTEMPATH\Boot.php(363): CodeIgniter\CodeIgniter->run()
 6 SYSTEMPATH\Boot.php(68): CodeIgniter\Boot::runCodeIgniter(Object(CodeIgniter\CodeIgniter))
 7 FCPATH\index.php(59): CodeIgniter\Boot::bootWeb(Object(Config\Paths))
DEBUG - 2025-11-30 17:44:14 --> Session: Class initialized using 'CodeIgniter\Session\Handlers\FileHandler' driver.
WARNING - 2025-11-30 17:44:14 --> [DEPRECATED] Creation of dynamic property App\Controllers\Auth::$data is deprecated in APPPATH\Controllers\BaseController.php on line 74.
 1 APPPATH\Controllers\BaseController.php(59): App\Controllers\BaseController->loadNotificationData()
 2 SYSTEMPATH\CodeIgniter.php(904): App\Controllers\BaseController->initController(Object(CodeIgniter\HTTP\IncomingRequest), Object(CodeIgniter\HTTP\Response), Object(CodeIgniter\Log\Logger))
 3 SYSTEMPATH\CodeIgniter.php(498): CodeIgniter\CodeIgniter->createController()
 4 SYSTEMPATH\CodeIgniter.php(354): CodeIgniter\CodeIgniter->handleRequest(null, Object(Config\Cache), false)
 5 SYSTEMPATH\Boot.php(363): CodeIgniter\CodeIgniter->run()
 6 SYSTEMPATH\Boot.php(68): CodeIgniter\Boot::runCodeIgniter(Object(CodeIgniter\CodeIgniter))
 7 FCPATH\index.php(59): CodeIgniter\Boot::bootWeb(Object(Config\Paths))
INFO - 2025-11-30 17:44:14 --> Dashboard - Student ID: 22
INFO - 2025-11-30 17:44:14 --> Dashboard - Available courses count: 3
INFO - 2025-11-30 17:44:14 --> Dashboard - Available courses: [{"course_id":"66","course_code":"CS301","course_name":"Database Management","description":"Learn database design, SQL, and database administration.","units":"3","teacher_id":"27","created_at":"2025-11-29 20:45:58","updated_at":"2025-11-29 20:45:58","teacher_name":"John Teacher"},{"course_id":"59","course_code":"ENG101","course_name":"English Composition","description":"Fundamentals of writing and communication.","units":"3","teacher_id":"21","created_at":"2025-11-16 18:15:18","updated_at":"2025-11-16 18:15:18","teacher_name":"Teacher User"},{"course_id":"60","course_code":"PHYS101","course_name":"General Physics","description":"Basic principles of mechanics, thermodynamics, and waves.","units":"4","teacher_id":"21","created_at":"2025-11-16 18:15:18","updated_at":"2025-11-16 18:15:18","teacher_name":"Teacher User"}]
DEBUG - 2025-11-30 17:44:15 --> Session: Class initialized using 'CodeIgniter\Session\Handlers\FileHandler' driver.
WARNING - 2025-11-30 17:44:15 --> [DEPRECATED] Creation of dynamic property App\Controllers\Notifications::$data is deprecated in APPPATH\Controllers\BaseController.php on line 74.
 1 APPPATH\Controllers\BaseController.php(59): App\Controllers\BaseController->loadNotificationData()
 2 SYSTEMPATH\CodeIgniter.php(904): App\Controllers\BaseController->initController(Object(CodeIgniter\HTTP\IncomingRequest), Object(CodeIgniter\HTTP\Response), Object(CodeIgniter\Log\Logger))
 3 SYSTEMPATH\CodeIgniter.php(498): CodeIgniter\CodeIgniter->createController()
 4 SYSTEMPATH\CodeIgniter.php(354): CodeIgniter\CodeIgniter->handleRequest(null, Object(Config\Cache), false)
 5 SYSTEMPATH\Boot.php(363): CodeIgniter\CodeIgniter->run()
 6 SYSTEMPATH\Boot.php(68): CodeIgniter\Boot::runCodeIgniter(Object(CodeIgniter\CodeIgniter))
 7 FCPATH\index.php(59): CodeIgniter\Boot::bootWeb(Object(Config\Paths))
DEBUG - 2025-11-30 17:44:32 --> Session: Class initialized using 'CodeIgniter\Session\Handlers\FileHandler' driver.
WARNING - 2025-11-30 17:44:32 --> [DEPRECATED] Creation of dynamic property App\Controllers\Notifications::$data is deprecated in APPPATH\Controllers\BaseController.php on line 74.
 1 APPPATH\Controllers\BaseController.php(59): App\Controllers\BaseController->loadNotificationData()
 2 SYSTEMPATH\CodeIgniter.php(904): App\Controllers\BaseController->initController(Object(CodeIgniter\HTTP\IncomingRequest), Object(CodeIgniter\HTTP\Response), Object(CodeIgniter\Log\Logger))
 3 SYSTEMPATH\CodeIgniter.php(498): CodeIgniter\CodeIgniter->createController()
 4 SYSTEMPATH\CodeIgniter.php(354): CodeIgniter\CodeIgniter->handleRequest(null, Object(Config\Cache), false)
 5 SYSTEMPATH\Boot.php(363): CodeIgniter\CodeIgniter->run()
 6 SYSTEMPATH\Boot.php(68): CodeIgniter\Boot::runCodeIgniter(Object(CodeIgniter\CodeIgniter))
 7 FCPATH\index.php(59): CodeIgniter\Boot::bootWeb(Object(Config\Paths))
DEBUG - 2025-11-30 17:44:51 --> Session: Class initialized using 'CodeIgniter\Session\Handlers\FileHandler' driver.
WARNING - 2025-11-30 17:44:51 --> [DEPRECATED] Creation of dynamic property App\Controllers\Course::$data is deprecated in APPPATH\Controllers\BaseController.php on line 74.
 1 APPPATH\Controllers\BaseController.php(59): App\Controllers\BaseController->loadNotificationData()
 2 SYSTEMPATH\CodeIgniter.php(904): App\Controllers\BaseController->initController(Object(CodeIgniter\HTTP\IncomingRequest), Object(CodeIgniter\HTTP\Response), Object(CodeIgniter\Log\Logger))
 3 SYSTEMPATH\CodeIgniter.php(498): CodeIgniter\CodeIgniter->createController()
 4 SYSTEMPATH\CodeIgniter.php(354): CodeIgniter\CodeIgniter->handleRequest(null, Object(Config\Cache), false)
 5 SYSTEMPATH\Boot.php(363): CodeIgniter\CodeIgniter->run()
 6 SYSTEMPATH\Boot.php(68): CodeIgniter\Boot::runCodeIgniter(Object(CodeIgniter\CodeIgniter))
 7 FCPATH\index.php(59): CodeIgniter\Boot::bootWeb(Object(Config\Paths))
INFO - 2025-11-30 17:44:51 --> Course creation attempt - Code: intrep1, Name: intrep, Units: 3
INFO - 2025-11-30 17:44:51 --> Inserting course data: {"course_code":"intrep1","course_name":"intrep","description":"intrep","units":3,"teacher_id":"21","created_at":"2025-11-30 17:44:51","updated_at":"2025-11-30 17:44:51"}
INFO - 2025-11-30 17:44:51 --> Course created successfully with ID: 72
DEBUG - 2025-11-30 17:44:52 --> Session: Class initialized using 'CodeIgniter\Session\Handlers\FileHandler' driver.
WARNING - 2025-11-30 17:44:52 --> [DEPRECATED] Creation of dynamic property App\Controllers\Teacher::$data is deprecated in APPPATH\Controllers\BaseController.php on line 74.
 1 APPPATH\Controllers\BaseController.php(59): App\Controllers\BaseController->loadNotificationData()
 2 SYSTEMPATH\CodeIgniter.php(904): App\Controllers\BaseController->initController(Object(CodeIgniter\HTTP\IncomingRequest), Object(CodeIgniter\HTTP\Response), Object(CodeIgniter\Log\Logger))
 3 SYSTEMPATH\CodeIgniter.php(498): CodeIgniter\CodeIgniter->createController()
 4 SYSTEMPATH\CodeIgniter.php(354): CodeIgniter\CodeIgniter->handleRequest(null, Object(Config\Cache), false)
 5 SYSTEMPATH\Boot.php(363): CodeIgniter\CodeIgniter->run()
 6 SYSTEMPATH\Boot.php(68): CodeIgniter\Boot::runCodeIgniter(Object(CodeIgniter\CodeIgniter))
 7 FCPATH\index.php(59): CodeIgniter\Boot::bootWeb(Object(Config\Paths))
DEBUG - 2025-11-30 17:44:52 --> Session: Class initialized using 'CodeIgniter\Session\Handlers\FileHandler' driver.
WARNING - 2025-11-30 17:44:52 --> [DEPRECATED] Creation of dynamic property App\Controllers\Notifications::$data is deprecated in APPPATH\Controllers\BaseController.php on line 74.
 1 APPPATH\Controllers\BaseController.php(59): App\Controllers\BaseController->loadNotificationData()
 2 SYSTEMPATH\CodeIgniter.php(904): App\Controllers\BaseController->initController(Object(CodeIgniter\HTTP\IncomingRequest), Object(CodeIgniter\HTTP\Response), Object(CodeIgniter\Log\Logger))
 3 SYSTEMPATH\CodeIgniter.php(498): CodeIgniter\CodeIgniter->createController()
 4 SYSTEMPATH\CodeIgniter.php(354): CodeIgniter\CodeIgniter->handleRequest(null, Object(Config\Cache), false)
 5 SYSTEMPATH\Boot.php(363): CodeIgniter\CodeIgniter->run()
 6 SYSTEMPATH\Boot.php(68): CodeIgniter\Boot::runCodeIgniter(Object(CodeIgniter\CodeIgniter))
 7 FCPATH\index.php(59): CodeIgniter\Boot::bootWeb(Object(Config\Paths))
DEBUG - 2025-11-30 17:44:54 --> Session: Class initialized using 'CodeIgniter\Session\Handlers\FileHandler' driver.
WARNING - 2025-11-30 17:44:54 --> [DEPRECATED] Creation of dynamic property App\Controllers\Notifications::$data is deprecated in APPPATH\Controllers\BaseController.php on line 76.
 1 APPPATH\Controllers\BaseController.php(59): App\Controllers\BaseController->loadNotificationData()
 2 SYSTEMPATH\CodeIgniter.php(904): App\Controllers\BaseController->initController(Object(CodeIgniter\HTTP\IncomingRequest), Object(CodeIgniter\HTTP\Response), Object(CodeIgniter\Log\Logger))
 3 SYSTEMPATH\CodeIgniter.php(498): CodeIgniter\CodeIgniter->createController()
 4 SYSTEMPATH\CodeIgniter.php(354): CodeIgniter\CodeIgniter->handleRequest(null, Object(Config\Cache), false)
 5 SYSTEMPATH\Boot.php(363): CodeIgniter\CodeIgniter->run()
 6 SYSTEMPATH\Boot.php(68): CodeIgniter\Boot::runCodeIgniter(Object(CodeIgniter\CodeIgniter))
 7 FCPATH\index.php(59): CodeIgniter\Boot::bootWeb(Object(Config\Paths))
DEBUG - 2025-11-30 17:44:57 --> Session: Class initialized using 'CodeIgniter\Session\Handlers\FileHandler' driver.
WARNING - 2025-11-30 17:44:57 --> [DEPRECATED] Creation of dynamic property App\Controllers\Auth::$data is deprecated in APPPATH\Controllers\BaseController.php on line 74.
 1 APPPATH\Controllers\BaseController.php(59): App\Controllers\BaseController->loadNotificationData()
 2 SYSTEMPATH\CodeIgniter.php(904): App\Controllers\BaseController->initController(Object(CodeIgniter\HTTP\IncomingRequest), Object(CodeIgniter\HTTP\Response), Object(CodeIgniter\Log\Logger))
 3 SYSTEMPATH\CodeIgniter.php(498): CodeIgniter\CodeIgniter->createController()
 4 SYSTEMPATH\CodeIgniter.php(354): CodeIgniter\CodeIgniter->handleRequest(null, Object(Config\Cache), false)
 5 SYSTEMPATH\Boot.php(363): CodeIgniter\CodeIgniter->run()
 6 SYSTEMPATH\Boot.php(68): CodeIgniter\Boot::runCodeIgniter(Object(CodeIgniter\CodeIgniter))
 7 FCPATH\index.php(59): CodeIgniter\Boot::bootWeb(Object(Config\Paths))
INFO - 2025-11-30 17:44:57 --> Dashboard - Student ID: 22
INFO - 2025-11-30 17:44:57 --> Dashboard - Available courses count: 4
INFO - 2025-11-30 17:44:57 --> Dashboard - Available courses: [{"course_id":"72","course_code":"intrep1","course_name":"intrep","description":"intrep","units":"3","teacher_id":"21","created_at":"2025-11-30 17:44:51","updated_at":"2025-11-30 17:44:51","teacher_name":"Teacher User"},{"course_id":"66","course_code":"CS301","course_name":"Database Management","description":"Learn database design, SQL, and database administration.","units":"3","teacher_id":"27","created_at":"2025-11-29 20:45:58","updated_at":"2025-11-29 20:45:58","teacher_name":"John Teacher"},{"course_id":"59","course_code":"ENG101","course_name":"English Composition","description":"Fundamentals of writing and communication.","units":"3","teacher_id":"21","created_at":"2025-11-16 18:15:18","updated_at":"2025-11-16 18:15:18","teacher_name":"Teacher User"},{"course_id":"60","course_code":"PHYS101","course_name":"General Physics","description":"Basic principles of mechanics, thermodynamics, and waves.","units":"4","teacher_id":"21","created_at":"2025-11-16 18:15:18","updated_at":"2025-11-16 18:15:18","teacher_name":"Teacher User"}]
DEBUG - 2025-11-30 17:44:57 --> Session: Class initialized using 'CodeIgniter\Session\Handlers\FileHandler' driver.
WARNING - 2025-11-30 17:44:57 --> [DEPRECATED] Creation of dynamic property App\Controllers\Notifications::$data is deprecated in APPPATH\Controllers\BaseController.php on line 74.
 1 APPPATH\Controllers\BaseController.php(59): App\Controllers\BaseController->loadNotificationData()
 2 SYSTEMPATH\CodeIgniter.php(904): App\Controllers\BaseController->initController(Object(CodeIgniter\HTTP\IncomingRequest), Object(CodeIgniter\HTTP\Response), Object(CodeIgniter\Log\Logger))
 3 SYSTEMPATH\CodeIgniter.php(498): CodeIgniter\CodeIgniter->createController()
 4 SYSTEMPATH\CodeIgniter.php(354): CodeIgniter\CodeIgniter->handleRequest(null, Object(Config\Cache), false)
 5 SYSTEMPATH\Boot.php(363): CodeIgniter\CodeIgniter->run()
 6 SYSTEMPATH\Boot.php(68): CodeIgniter\Boot::runCodeIgniter(Object(CodeIgniter\CodeIgniter))
 7 FCPATH\index.php(59): CodeIgniter\Boot::bootWeb(Object(Config\Paths))
DEBUG - 2025-11-30 17:45:00 --> Session: Class initialized using 'CodeIgniter\Session\Handlers\FileHandler' driver.
WARNING - 2025-11-30 17:45:00 --> [DEPRECATED] Creation of dynamic property App\Controllers\Course::$data is deprecated in APPPATH\Controllers\BaseController.php on line 74.
 1 APPPATH\Controllers\BaseController.php(59): App\Controllers\BaseController->loadNotificationData()
 2 SYSTEMPATH\CodeIgniter.php(904): App\Controllers\BaseController->initController(Object(CodeIgniter\HTTP\IncomingRequest), Object(CodeIgniter\HTTP\Response), Object(CodeIgniter\Log\Logger))
 3 SYSTEMPATH\CodeIgniter.php(498): CodeIgniter\CodeIgniter->createController()
 4 SYSTEMPATH\CodeIgniter.php(354): CodeIgniter\CodeIgniter->handleRequest(null, Object(Config\Cache), false)
 5 SYSTEMPATH\Boot.php(363): CodeIgniter\CodeIgniter->run()
 6 SYSTEMPATH\Boot.php(68): CodeIgniter\Boot::runCodeIgniter(Object(CodeIgniter\CodeIgniter))
 7 FCPATH\index.php(59): CodeIgniter\Boot::bootWeb(Object(Config\Paths))
INFO - 2025-11-30 17:45:00 --> Enrollment request received: {"course_id":"72","csrf_test_name":"70db9a0da14ed523a8e78797941950e1"}
INFO - 2025-11-30 17:45:00 --> CSRF Token Name: csrf_test_name, Token Value: present
DEBUG - 2025-11-30 17:45:11 --> Session: Class initialized using 'CodeIgniter\Session\Handlers\FileHandler' driver.
WARNING - 2025-11-30 17:45:11 --> [DEPRECATED] Creation of dynamic property App\Controllers\Materials::$data is deprecated in APPPATH\Controllers\BaseController.php on line 74.
 1 APPPATH\Controllers\BaseController.php(59): App\Controllers\BaseController->loadNotificationData()
 2 SYSTEMPATH\CodeIgniter.php(904): App\Controllers\BaseController->initController(Object(CodeIgniter\HTTP\IncomingRequest), Object(CodeIgniter\HTTP\Response), Object(CodeIgniter\Log\Logger))
 3 SYSTEMPATH\CodeIgniter.php(498): CodeIgniter\CodeIgniter->createController()
 4 SYSTEMPATH\CodeIgniter.php(354): CodeIgniter\CodeIgniter->handleRequest(null, Object(Config\Cache), false)
 5 SYSTEMPATH\Boot.php(363): CodeIgniter\CodeIgniter->run()
 6 SYSTEMPATH\Boot.php(68): CodeIgniter\Boot::runCodeIgniter(Object(CodeIgniter\CodeIgniter))
 7 FCPATH\index.php(59): CodeIgniter\Boot::bootWeb(Object(Config\Paths))
DEBUG - 2025-11-30 17:45:14 --> Session: Class initialized using 'CodeIgniter\Session\Handlers\FileHandler' driver.
WARNING - 2025-11-30 17:45:14 --> [DEPRECATED] Creation of dynamic property App\Controllers\Auth::$data is deprecated in APPPATH\Controllers\BaseController.php on line 74.
 1 APPPATH\Controllers\BaseController.php(59): App\Controllers\BaseController->loadNotificationData()
 2 SYSTEMPATH\CodeIgniter.php(904): App\Controllers\BaseController->initController(Object(CodeIgniter\HTTP\IncomingRequest), Object(CodeIgniter\HTTP\Response), Object(CodeIgniter\Log\Logger))
 3 SYSTEMPATH\CodeIgniter.php(498): CodeIgniter\CodeIgniter->createController()
 4 SYSTEMPATH\CodeIgniter.php(354): CodeIgniter\CodeIgniter->handleRequest(null, Object(Config\Cache), false)
 5 SYSTEMPATH\Boot.php(363): CodeIgniter\CodeIgniter->run()
 6 SYSTEMPATH\Boot.php(68): CodeIgniter\Boot::runCodeIgniter(Object(CodeIgniter\CodeIgniter))
 7 FCPATH\index.php(59): CodeIgniter\Boot::bootWeb(Object(Config\Paths))
INFO - 2025-11-30 17:45:14 --> Dashboard - Student ID: 22
INFO - 2025-11-30 17:45:14 --> Dashboard - Available courses count: 3
INFO - 2025-11-30 17:45:14 --> Dashboard - Available courses: [{"course_id":"66","course_code":"CS301","course_name":"Database Management","description":"Learn database design, SQL, and database administration.","units":"3","teacher_id":"27","created_at":"2025-11-29 20:45:58","updated_at":"2025-11-29 20:45:58","teacher_name":"John Teacher"},{"course_id":"59","course_code":"ENG101","course_name":"English Composition","description":"Fundamentals of writing and communication.","units":"3","teacher_id":"21","created_at":"2025-11-16 18:15:18","updated_at":"2025-11-16 18:15:18","teacher_name":"Teacher User"},{"course_id":"60","course_code":"PHYS101","course_name":"General Physics","description":"Basic principles of mechanics, thermodynamics, and waves.","units":"4","teacher_id":"21","created_at":"2025-11-16 18:15:18","updated_at":"2025-11-16 18:15:18","teacher_name":"Teacher User"}]
DEBUG - 2025-11-30 17:45:15 --> Session: Class initialized using 'CodeIgniter\Session\Handlers\FileHandler' driver.
WARNING - 2025-11-30 17:45:15 --> [DEPRECATED] Creation of dynamic property App\Controllers\Notifications::$data is deprecated in APPPATH\Controllers\BaseController.php on line 74.
 1 APPPATH\Controllers\BaseController.php(59): App\Controllers\BaseController->loadNotificationData()
 2 SYSTEMPATH\CodeIgniter.php(904): App\Controllers\BaseController->initController(Object(CodeIgniter\HTTP\IncomingRequest), Object(CodeIgniter\HTTP\Response), Object(CodeIgniter\Log\Logger))
 3 SYSTEMPATH\CodeIgniter.php(498): CodeIgniter\CodeIgniter->createController()
 4 SYSTEMPATH\CodeIgniter.php(354): CodeIgniter\CodeIgniter->handleRequest(null, Object(Config\Cache), false)
 5 SYSTEMPATH\Boot.php(363): CodeIgniter\CodeIgniter->run()
 6 SYSTEMPATH\Boot.php(68): CodeIgniter\Boot::runCodeIgniter(Object(CodeIgniter\CodeIgniter))
 7 FCPATH\index.php(59): CodeIgniter\Boot::bootWeb(Object(Config\Paths))
DEBUG - 2025-11-30 17:45:17 --> Session: Class initialized using 'CodeIgniter\Session\Handlers\FileHandler' driver.
WARNING - 2025-11-30 17:45:17 --> [DEPRECATED] Creation of dynamic property App\Controllers\Materials::$data is deprecated in APPPATH\Controllers\BaseController.php on line 74.
 1 APPPATH\Controllers\BaseController.php(59): App\Controllers\BaseController->loadNotificationData()
 2 SYSTEMPATH\CodeIgniter.php(904): App\Controllers\BaseController->initController(Object(CodeIgniter\HTTP\IncomingRequest), Object(CodeIgniter\HTTP\Response), Object(CodeIgniter\Log\Logger))
 3 SYSTEMPATH\CodeIgniter.php(498): CodeIgniter\CodeIgniter->createController()
 4 SYSTEMPATH\CodeIgniter.php(354): CodeIgniter\CodeIgniter->handleRequest(null, Object(Config\Cache), false)
 5 SYSTEMPATH\Boot.php(363): CodeIgniter\CodeIgniter->run()
 6 SYSTEMPATH\Boot.php(68): CodeIgniter\Boot::runCodeIgniter(Object(CodeIgniter\CodeIgniter))
 7 FCPATH\index.php(59): CodeIgniter\Boot::bootWeb(Object(Config\Paths))
DEBUG - 2025-11-30 17:45:25 --> Session: Class initialized using 'CodeIgniter\Session\Handlers\FileHandler' driver.
WARNING - 2025-11-30 17:45:25 --> [DEPRECATED] Creation of dynamic property App\Controllers\Auth::$data is deprecated in APPPATH\Controllers\BaseController.php on line 74.
 1 APPPATH\Controllers\BaseController.php(59): App\Controllers\BaseController->loadNotificationData()
 2 SYSTEMPATH\CodeIgniter.php(904): App\Controllers\BaseController->initController(Object(CodeIgniter\HTTP\IncomingRequest), Object(CodeIgniter\HTTP\Response), Object(CodeIgniter\Log\Logger))
 3 SYSTEMPATH\CodeIgniter.php(498): CodeIgniter\CodeIgniter->createController()
 4 SYSTEMPATH\CodeIgniter.php(354): CodeIgniter\CodeIgniter->handleRequest(null, Object(Config\Cache), false)
 5 SYSTEMPATH\Boot.php(363): CodeIgniter\CodeIgniter->run()
 6 SYSTEMPATH\Boot.php(68): CodeIgniter\Boot::runCodeIgniter(Object(CodeIgniter\CodeIgniter))
 7 FCPATH\index.php(59): CodeIgniter\Boot::bootWeb(Object(Config\Paths))
DEBUG - 2025-11-30 17:45:26 --> Session: Class initialized using 'CodeIgniter\Session\Handlers\FileHandler' driver.
WARNING - 2025-11-30 17:45:26 --> [DEPRECATED] Creation of dynamic property App\Controllers\Notifications::$data is deprecated in APPPATH\Controllers\BaseController.php on line 74.
 1 APPPATH\Controllers\BaseController.php(59): App\Controllers\BaseController->loadNotificationData()
 2 SYSTEMPATH\CodeIgniter.php(904): App\Controllers\BaseController->initController(Object(CodeIgniter\HTTP\IncomingRequest), Object(CodeIgniter\HTTP\Response), Object(CodeIgniter\Log\Logger))
 3 SYSTEMPATH\CodeIgniter.php(498): CodeIgniter\CodeIgniter->createController()
 4 SYSTEMPATH\CodeIgniter.php(354): CodeIgniter\CodeIgniter->handleRequest(null, Object(Config\Cache), false)
 5 SYSTEMPATH\Boot.php(363): CodeIgniter\CodeIgniter->run()
 6 SYSTEMPATH\Boot.php(68): CodeIgniter\Boot::runCodeIgniter(Object(CodeIgniter\CodeIgniter))
 7 FCPATH\index.php(59): CodeIgniter\Boot::bootWeb(Object(Config\Paths))
DEBUG - 2025-11-30 17:45:28 --> Session: Class initialized using 'CodeIgniter\Session\Handlers\FileHandler' driver.
WARNING - 2025-11-30 17:45:28 --> [DEPRECATED] Creation of dynamic property App\Controllers\Materials::$data is deprecated in APPPATH\Controllers\BaseController.php on line 74.
 1 APPPATH\Controllers\BaseController.php(59): App\Controllers\BaseController->loadNotificationData()
 2 SYSTEMPATH\CodeIgniter.php(904): App\Controllers\BaseController->initController(Object(CodeIgniter\HTTP\IncomingRequest), Object(CodeIgniter\HTTP\Response), Object(CodeIgniter\Log\Logger))
 3 SYSTEMPATH\CodeIgniter.php(498): CodeIgniter\CodeIgniter->createController()
 4 SYSTEMPATH\CodeIgniter.php(354): CodeIgniter\CodeIgniter->handleRequest(null, Object(Config\Cache), false)
 5 SYSTEMPATH\Boot.php(363): CodeIgniter\CodeIgniter->run()
 6 SYSTEMPATH\Boot.php(68): CodeIgniter\Boot::runCodeIgniter(Object(CodeIgniter\CodeIgniter))
 7 FCPATH\index.php(59): CodeIgniter\Boot::bootWeb(Object(Config\Paths))
DEBUG - 2025-11-30 17:45:29 --> Session: Class initialized using 'CodeIgniter\Session\Handlers\FileHandler' driver.
WARNING - 2025-11-30 17:45:29 --> [DEPRECATED] Creation of dynamic property App\Controllers\Notifications::$data is deprecated in APPPATH\Controllers\BaseController.php on line 74.
 1 APPPATH\Controllers\BaseController.php(59): App\Controllers\BaseController->loadNotificationData()
 2 SYSTEMPATH\CodeIgniter.php(904): App\Controllers\BaseController->initController(Object(CodeIgniter\HTTP\IncomingRequest), Object(CodeIgniter\HTTP\Response), Object(CodeIgniter\Log\Logger))
 3 SYSTEMPATH\CodeIgniter.php(498): CodeIgniter\CodeIgniter->createController()
 4 SYSTEMPATH\CodeIgniter.php(354): CodeIgniter\CodeIgniter->handleRequest(null, Object(Config\Cache), false)
 5 SYSTEMPATH\Boot.php(363): CodeIgniter\CodeIgniter->run()
 6 SYSTEMPATH\Boot.php(68): CodeIgniter\Boot::runCodeIgniter(Object(CodeIgniter\CodeIgniter))
 7 FCPATH\index.php(59): CodeIgniter\Boot::bootWeb(Object(Config\Paths))
DEBUG - 2025-11-30 17:45:47 --> Session: Class initialized using 'CodeIgniter\Session\Handlers\FileHandler' driver.
WARNING - 2025-11-30 17:45:47 --> [DEPRECATED] Creation of dynamic property App\Controllers\Materials::$data is deprecated in APPPATH\Controllers\BaseController.php on line 74.
 1 APPPATH\Controllers\BaseController.php(59): App\Controllers\BaseController->loadNotificationData()
 2 SYSTEMPATH\CodeIgniter.php(904): App\Controllers\BaseController->initController(Object(CodeIgniter\HTTP\IncomingRequest), Object(CodeIgniter\HTTP\Response), Object(CodeIgniter\Log\Logger))
 3 SYSTEMPATH\CodeIgniter.php(498): CodeIgniter\CodeIgniter->createController()
 4 SYSTEMPATH\CodeIgniter.php(354): CodeIgniter\CodeIgniter->handleRequest(null, Object(Config\Cache), false)
 5 SYSTEMPATH\Boot.php(363): CodeIgniter\CodeIgniter->run()
 6 SYSTEMPATH\Boot.php(68): CodeIgniter\Boot::runCodeIgniter(Object(CodeIgniter\CodeIgniter))
 7 FCPATH\index.php(59): CodeIgniter\Boot::bootWeb(Object(Config\Paths))
DEBUG - 2025-11-30 17:45:47 --> Session: Class initialized using 'CodeIgniter\Session\Handlers\FileHandler' driver.
WARNING - 2025-11-30 17:45:47 --> [DEPRECATED] Creation of dynamic property App\Controllers\Materials::$data is deprecated in APPPATH\Controllers\BaseController.php on line 74.
 1 APPPATH\Controllers\BaseController.php(59): App\Controllers\BaseController->loadNotificationData()
 2 SYSTEMPATH\CodeIgniter.php(904): App\Controllers\BaseController->initController(Object(CodeIgniter\HTTP\IncomingRequest), Object(CodeIgniter\HTTP\Response), Object(CodeIgniter\Log\Logger))
 3 SYSTEMPATH\CodeIgniter.php(498): CodeIgniter\CodeIgniter->createController()
 4 SYSTEMPATH\CodeIgniter.php(354): CodeIgniter\CodeIgniter->handleRequest(null, Object(Config\Cache), false)
 5 SYSTEMPATH\Boot.php(363): CodeIgniter\CodeIgniter->run()
 6 SYSTEMPATH\Boot.php(68): CodeIgniter\Boot::runCodeIgniter(Object(CodeIgniter\CodeIgniter))
 7 FCPATH\index.php(59): CodeIgniter\Boot::bootWeb(Object(Config\Paths))
DEBUG - 2025-11-30 17:45:48 --> Session: Class initialized using 'CodeIgniter\Session\Handlers\FileHandler' driver.
WARNING - 2025-11-30 17:45:48 --> [DEPRECATED] Creation of dynamic property App\Controllers\Notifications::$data is deprecated in APPPATH\Controllers\BaseController.php on line 74.
 1 APPPATH\Controllers\BaseController.php(59): App\Controllers\BaseController->loadNotificationData()
 2 SYSTEMPATH\CodeIgniter.php(904): App\Controllers\BaseController->initController(Object(CodeIgniter\HTTP\IncomingRequest), Object(CodeIgniter\HTTP\Response), Object(CodeIgniter\Log\Logger))
 3 SYSTEMPATH\CodeIgniter.php(498): CodeIgniter\CodeIgniter->createController()
 4 SYSTEMPATH\CodeIgniter.php(354): CodeIgniter\CodeIgniter->handleRequest(null, Object(Config\Cache), false)
 5 SYSTEMPATH\Boot.php(363): CodeIgniter\CodeIgniter->run()
 6 SYSTEMPATH\Boot.php(68): CodeIgniter\Boot::runCodeIgniter(Object(CodeIgniter\CodeIgniter))
 7 FCPATH\index.php(59): CodeIgniter\Boot::bootWeb(Object(Config\Paths))
DEBUG - 2025-11-30 17:45:51 --> Session: Class initialized using 'CodeIgniter\Session\Handlers\FileHandler' driver.
WARNING - 2025-11-30 17:45:51 --> [DEPRECATED] Creation of dynamic property App\Controllers\Materials::$data is deprecated in APPPATH\Controllers\BaseController.php on line 74.
 1 APPPATH\Controllers\BaseController.php(59): App\Controllers\BaseController->loadNotificationData()
 2 SYSTEMPATH\CodeIgniter.php(904): App\Controllers\BaseController->initController(Object(CodeIgniter\HTTP\IncomingRequest), Object(CodeIgniter\HTTP\Response), Object(CodeIgniter\Log\Logger))
 3 SYSTEMPATH\CodeIgniter.php(498): CodeIgniter\CodeIgniter->createController()
 4 SYSTEMPATH\CodeIgniter.php(354): CodeIgniter\CodeIgniter->handleRequest(null, Object(Config\Cache), false)
 5 SYSTEMPATH\Boot.php(363): CodeIgniter\CodeIgniter->run()
 6 SYSTEMPATH\Boot.php(68): CodeIgniter\Boot::runCodeIgniter(Object(CodeIgniter\CodeIgniter))
 7 FCPATH\index.php(59): CodeIgniter\Boot::bootWeb(Object(Config\Paths))
DEBUG - 2025-11-30 17:45:54 --> Session: Class initialized using 'CodeIgniter\Session\Handlers\FileHandler' driver.
WARNING - 2025-11-30 17:45:54 --> [DEPRECATED] Creation of dynamic property App\Controllers\Notifications::$data is deprecated in APPPATH\Controllers\BaseController.php on line 76.
 1 APPPATH\Controllers\BaseController.php(59): App\Controllers\BaseController->loadNotificationData()
 2 SYSTEMPATH\CodeIgniter.php(904): App\Controllers\BaseController->initController(Object(CodeIgniter\HTTP\IncomingRequest), Object(CodeIgniter\HTTP\Response), Object(CodeIgniter\Log\Logger))
 3 SYSTEMPATH\CodeIgniter.php(498): CodeIgniter\CodeIgniter->createController()
 4 SYSTEMPATH\CodeIgniter.php(354): CodeIgniter\CodeIgniter->handleRequest(null, Object(Config\Cache), false)
 5 SYSTEMPATH\Boot.php(363): CodeIgniter\CodeIgniter->run()
 6 SYSTEMPATH\Boot.php(68): CodeIgniter\Boot::runCodeIgniter(Object(CodeIgniter\CodeIgniter))
 7 FCPATH\index.php(59): CodeIgniter\Boot::bootWeb(Object(Config\Paths))
DEBUG - 2025-11-30 17:46:01 --> Session: Class initialized using 'CodeIgniter\Session\Handlers\FileHandler' driver.
WARNING - 2025-11-30 17:46:01 --> [DEPRECATED] Creation of dynamic property App\Controllers\Notifications::$data is deprecated in APPPATH\Controllers\BaseController.php on line 74.
 1 APPPATH\Controllers\BaseController.php(59): App\Controllers\BaseController->loadNotificationData()
 2 SYSTEMPATH\CodeIgniter.php(904): App\Controllers\BaseController->initController(Object(CodeIgniter\HTTP\IncomingRequest), Object(CodeIgniter\HTTP\Response), Object(CodeIgniter\Log\Logger))
 3 SYSTEMPATH\CodeIgniter.php(498): CodeIgniter\CodeIgniter->createController()
 4 SYSTEMPATH\CodeIgniter.php(354): CodeIgniter\CodeIgniter->handleRequest(null, Object(Config\Cache), false)
 5 SYSTEMPATH\Boot.php(363): CodeIgniter\CodeIgniter->run()
 6 SYSTEMPATH\Boot.php(68): CodeIgniter\Boot::runCodeIgniter(Object(CodeIgniter\CodeIgniter))
 7 FCPATH\index.php(59): CodeIgniter\Boot::bootWeb(Object(Config\Paths))
DEBUG - 2025-11-30 17:46:03 --> Session: Class initialized using 'CodeIgniter\Session\Handlers\FileHandler' driver.
WARNING - 2025-11-30 17:46:03 --> [DEPRECATED] Creation of dynamic property App\Controllers\Notifications::$data is deprecated in APPPATH\Controllers\BaseController.php on line 74.
 1 APPPATH\Controllers\BaseController.php(59): App\Controllers\BaseController->loadNotificationData()
 2 SYSTEMPATH\CodeIgniter.php(904): App\Controllers\BaseController->initController(Object(CodeIgniter\HTTP\IncomingRequest), Object(CodeIgniter\HTTP\Response), Object(CodeIgniter\Log\Logger))
 3 SYSTEMPATH\CodeIgniter.php(498): CodeIgniter\CodeIgniter->createController()
 4 SYSTEMPATH\CodeIgniter.php(354): CodeIgniter\CodeIgniter->handleRequest(null, Object(Config\Cache), false)
 5 SYSTEMPATH\Boot.php(363): CodeIgniter\CodeIgniter->run()
 6 SYSTEMPATH\Boot.php(68): CodeIgniter\Boot::runCodeIgniter(Object(CodeIgniter\CodeIgniter))
 7 FCPATH\index.php(59): CodeIgniter\Boot::bootWeb(Object(Config\Paths))
DEBUG - 2025-11-30 17:46:15 --> Session: Class initialized using 'CodeIgniter\Session\Handlers\FileHandler' driver.
WARNING - 2025-11-30 17:46:15 --> [DEPRECATED] Creation of dynamic property App\Controllers\Notifications::$data is deprecated in APPPATH\Controllers\BaseController.php on line 74.
 1 APPPATH\Controllers\BaseController.php(59): App\Controllers\BaseController->loadNotificationData()
 2 SYSTEMPATH\CodeIgniter.php(904): App\Controllers\BaseController->initController(Object(CodeIgniter\HTTP\IncomingRequest), Object(CodeIgniter\HTTP\Response), Object(CodeIgniter\Log\Logger))
 3 SYSTEMPATH\CodeIgniter.php(498): CodeIgniter\CodeIgniter->createController()
 4 SYSTEMPATH\CodeIgniter.php(354): CodeIgniter\CodeIgniter->handleRequest(null, Object(Config\Cache), false)
 5 SYSTEMPATH\Boot.php(363): CodeIgniter\CodeIgniter->run()
 6 SYSTEMPATH\Boot.php(68): CodeIgniter\Boot::runCodeIgniter(Object(CodeIgniter\CodeIgniter))
 7 FCPATH\index.php(59): CodeIgniter\Boot::bootWeb(Object(Config\Paths))
DEBUG - 2025-11-30 17:46:48 --> Session: Class initialized using 'CodeIgniter\Session\Handlers\FileHandler' driver.
WARNING - 2025-11-30 17:46:48 --> [DEPRECATED] Creation of dynamic property App\Controllers\Notifications::$data is deprecated in APPPATH\Controllers\BaseController.php on line 74.
 1 APPPATH\Controllers\BaseController.php(59): App\Controllers\BaseController->loadNotificationData()
 2 SYSTEMPATH\CodeIgniter.php(904): App\Controllers\BaseController->initController(Object(CodeIgniter\HTTP\IncomingRequest), Object(CodeIgniter\HTTP\Response), Object(CodeIgniter\Log\Logger))
 3 SYSTEMPATH\CodeIgniter.php(498): CodeIgniter\CodeIgniter->createController()
 4 SYSTEMPATH\CodeIgniter.php(354): CodeIgniter\CodeIgniter->handleRequest(null, Object(Config\Cache), false)
 5 SYSTEMPATH\Boot.php(363): CodeIgniter\CodeIgniter->run()
 6 SYSTEMPATH\Boot.php(68): CodeIgniter\Boot::runCodeIgniter(Object(CodeIgniter\CodeIgniter))
 7 FCPATH\index.php(59): CodeIgniter\Boot::bootWeb(Object(Config\Paths))
DEBUG - 2025-11-30 17:46:54 --> Session: Class initialized using 'CodeIgniter\Session\Handlers\FileHandler' driver.
WARNING - 2025-11-30 17:46:54 --> [DEPRECATED] Creation of dynamic property App\Controllers\Notifications::$data is deprecated in APPPATH\Controllers\BaseController.php on line 76.
 1 APPPATH\Controllers\BaseController.php(59): App\Controllers\BaseController->loadNotificationData()
 2 SYSTEMPATH\CodeIgniter.php(904): App\Controllers\BaseController->initController(Object(CodeIgniter\HTTP\IncomingRequest), Object(CodeIgniter\HTTP\Response), Object(CodeIgniter\Log\Logger))
 3 SYSTEMPATH\CodeIgniter.php(498): CodeIgniter\CodeIgniter->createController()
 4 SYSTEMPATH\CodeIgniter.php(354): CodeIgniter\CodeIgniter->handleRequest(null, Object(Config\Cache), false)
 5 SYSTEMPATH\Boot.php(363): CodeIgniter\CodeIgniter->run()
 6 SYSTEMPATH\Boot.php(68): CodeIgniter\Boot::runCodeIgniter(Object(CodeIgniter\CodeIgniter))
 7 FCPATH\index.php(59): CodeIgniter\Boot::bootWeb(Object(Config\Paths))
DEBUG - 2025-11-30 17:47:16 --> Session: Class initialized using 'CodeIgniter\Session\Handlers\FileHandler' driver.
WARNING - 2025-11-30 17:47:16 --> [DEPRECATED] Creation of dynamic property App\Controllers\Notifications::$data is deprecated in APPPATH\Controllers\BaseController.php on line 74.
 1 APPPATH\Controllers\BaseController.php(59): App\Controllers\BaseController->loadNotificationData()
 2 SYSTEMPATH\CodeIgniter.php(904): App\Controllers\BaseController->initController(Object(CodeIgniter\HTTP\IncomingRequest), Object(CodeIgniter\HTTP\Response), Object(CodeIgniter\Log\Logger))
 3 SYSTEMPATH\CodeIgniter.php(498): CodeIgniter\CodeIgniter->createController()
 4 SYSTEMPATH\CodeIgniter.php(354): CodeIgniter\CodeIgniter->handleRequest(null, Object(Config\Cache), false)
 5 SYSTEMPATH\Boot.php(363): CodeIgniter\CodeIgniter->run()
 6 SYSTEMPATH\Boot.php(68): CodeIgniter\Boot::runCodeIgniter(Object(CodeIgniter\CodeIgniter))
 7 FCPATH\index.php(59): CodeIgniter\Boot::bootWeb(Object(Config\Paths))
DEBUG - 2025-11-30 17:47:36 --> Session: Class initialized using 'CodeIgniter\Session\Handlers\FileHandler' driver.
WARNING - 2025-11-30 17:47:36 --> [DEPRECATED] Creation of dynamic property App\Controllers\Auth::$data is deprecated in APPPATH\Controllers\BaseController.php on line 74.
 1 APPPATH\Controllers\BaseController.php(59): App\Controllers\BaseController->loadNotificationData()
 2 SYSTEMPATH\CodeIgniter.php(904): App\Controllers\BaseController->initController(Object(CodeIgniter\HTTP\IncomingRequest), Object(CodeIgniter\HTTP\Response), Object(CodeIgniter\Log\Logger))
 3 SYSTEMPATH\CodeIgniter.php(498): CodeIgniter\CodeIgniter->createController()
 4 SYSTEMPATH\CodeIgniter.php(354): CodeIgniter\CodeIgniter->handleRequest(null, Object(Config\Cache), false)
 5 SYSTEMPATH\Boot.php(363): CodeIgniter\CodeIgniter->run()
 6 SYSTEMPATH\Boot.php(68): CodeIgniter\Boot::runCodeIgniter(Object(CodeIgniter\CodeIgniter))
 7 FCPATH\index.php(59): CodeIgniter\Boot::bootWeb(Object(Config\Paths))
DEBUG - 2025-11-30 17:47:37 --> Session: Class initialized using 'CodeIgniter\Session\Handlers\FileHandler' driver.
WARNING - 2025-11-30 17:47:37 --> [DEPRECATED] Creation of dynamic property App\Controllers\Notifications::$data is deprecated in APPPATH\Controllers\BaseController.php on line 74.
 1 APPPATH\Controllers\BaseController.php(59): App\Controllers\BaseController->loadNotificationData()
 2 SYSTEMPATH\CodeIgniter.php(904): App\Controllers\BaseController->initController(Object(CodeIgniter\HTTP\IncomingRequest), Object(CodeIgniter\HTTP\Response), Object(CodeIgniter\Log\Logger))
 3 SYSTEMPATH\CodeIgniter.php(498): CodeIgniter\CodeIgniter->createController()
 4 SYSTEMPATH\CodeIgniter.php(354): CodeIgniter\CodeIgniter->handleRequest(null, Object(Config\Cache), false)
 5 SYSTEMPATH\Boot.php(363): CodeIgniter\CodeIgniter->run()
 6 SYSTEMPATH\Boot.php(68): CodeIgniter\Boot::runCodeIgniter(Object(CodeIgniter\CodeIgniter))
 7 FCPATH\index.php(59): CodeIgniter\Boot::bootWeb(Object(Config\Paths))
DEBUG - 2025-11-30 17:47:39 --> Session: Class initialized using 'CodeIgniter\Session\Handlers\FileHandler' driver.
WARNING - 2025-11-30 17:47:39 --> [DEPRECATED] Creation of dynamic property App\Controllers\Teacher::$data is deprecated in APPPATH\Controllers\BaseController.php on line 74.
 1 APPPATH\Controllers\BaseController.php(59): App\Controllers\BaseController->loadNotificationData()
 2 SYSTEMPATH\CodeIgniter.php(904): App\Controllers\BaseController->initController(Object(CodeIgniter\HTTP\IncomingRequest), Object(CodeIgniter\HTTP\Response), Object(CodeIgniter\Log\Logger))
 3 SYSTEMPATH\CodeIgniter.php(498): CodeIgniter\CodeIgniter->createController()
 4 SYSTEMPATH\CodeIgniter.php(354): CodeIgniter\CodeIgniter->handleRequest(null, Object(Config\Cache), false)
 5 SYSTEMPATH\Boot.php(363): CodeIgniter\CodeIgniter->run()
 6 SYSTEMPATH\Boot.php(68): CodeIgniter\Boot::runCodeIgniter(Object(CodeIgniter\CodeIgniter))
 7 FCPATH\index.php(59): CodeIgniter\Boot::bootWeb(Object(Config\Paths))
DEBUG - 2025-11-30 17:47:40 --> Session: Class initialized using 'CodeIgniter\Session\Handlers\FileHandler' driver.
WARNING - 2025-11-30 17:47:40 --> [DEPRECATED] Creation of dynamic property App\Controllers\Notifications::$data is deprecated in APPPATH\Controllers\BaseController.php on line 74.
 1 APPPATH\Controllers\BaseController.php(59): App\Controllers\BaseController->loadNotificationData()
 2 SYSTEMPATH\CodeIgniter.php(904): App\Controllers\BaseController->initController(Object(CodeIgniter\HTTP\IncomingRequest), Object(CodeIgniter\HTTP\Response), Object(CodeIgniter\Log\Logger))
 3 SYSTEMPATH\CodeIgniter.php(498): CodeIgniter\CodeIgniter->createController()
 4 SYSTEMPATH\CodeIgniter.php(354): CodeIgniter\CodeIgniter->handleRequest(null, Object(Config\Cache), false)
 5 SYSTEMPATH\Boot.php(363): CodeIgniter\CodeIgniter->run()
 6 SYSTEMPATH\Boot.php(68): CodeIgniter\Boot::runCodeIgniter(Object(CodeIgniter\CodeIgniter))
 7 FCPATH\index.php(59): CodeIgniter\Boot::bootWeb(Object(Config\Paths))
DEBUG - 2025-11-30 17:47:44 --> Session: Class initialized using 'CodeIgniter\Session\Handlers\FileHandler' driver.
WARNING - 2025-11-30 17:47:44 --> [DEPRECATED] Creation of dynamic property App\Controllers\Teacher::$data is deprecated in APPPATH\Controllers\BaseController.php on line 74.
 1 APPPATH\Controllers\BaseController.php(59): App\Controllers\BaseController->loadNotificationData()
 2 SYSTEMPATH\CodeIgniter.php(904): App\Controllers\BaseController->initController(Object(CodeIgniter\HTTP\IncomingRequest), Object(CodeIgniter\HTTP\Response), Object(CodeIgniter\Log\Logger))
 3 SYSTEMPATH\CodeIgniter.php(498): CodeIgniter\CodeIgniter->createController()
 4 SYSTEMPATH\CodeIgniter.php(354): CodeIgniter\CodeIgniter->handleRequest(null, Object(Config\Cache), false)
 5 SYSTEMPATH\Boot.php(363): CodeIgniter\CodeIgniter->run()
 6 SYSTEMPATH\Boot.php(68): CodeIgniter\Boot::runCodeIgniter(Object(CodeIgniter\CodeIgniter))
 7 FCPATH\index.php(59): CodeIgniter\Boot::bootWeb(Object(Config\Paths))
DEBUG - 2025-11-30 17:47:45 --> Session: Class initialized using 'CodeIgniter\Session\Handlers\FileHandler' driver.
WARNING - 2025-11-30 17:47:45 --> [DEPRECATED] Creation of dynamic property App\Controllers\Notifications::$data is deprecated in APPPATH\Controllers\BaseController.php on line 74.
 1 APPPATH\Controllers\BaseController.php(59): App\Controllers\BaseController->loadNotificationData()
 2 SYSTEMPATH\CodeIgniter.php(904): App\Controllers\BaseController->initController(Object(CodeIgniter\HTTP\IncomingRequest), Object(CodeIgniter\HTTP\Response), Object(CodeIgniter\Log\Logger))
 3 SYSTEMPATH\CodeIgniter.php(498): CodeIgniter\CodeIgniter->createController()
 4 SYSTEMPATH\CodeIgniter.php(354): CodeIgniter\CodeIgniter->handleRequest(null, Object(Config\Cache), false)
 5 SYSTEMPATH\Boot.php(363): CodeIgniter\CodeIgniter->run()
 6 SYSTEMPATH\Boot.php(68): CodeIgniter\Boot::runCodeIgniter(Object(CodeIgniter\CodeIgniter))
 7 FCPATH\index.php(59): CodeIgniter\Boot::bootWeb(Object(Config\Paths))
DEBUG - 2025-11-30 17:47:54 --> Session: Class initialized using 'CodeIgniter\Session\Handlers\FileHandler' driver.
WARNING - 2025-11-30 17:47:54 --> [DEPRECATED] Creation of dynamic property App\Controllers\Notifications::$data is deprecated in APPPATH\Controllers\BaseController.php on line 76.
 1 APPPATH\Controllers\BaseController.php(59): App\Controllers\BaseController->loadNotificationData()
 2 SYSTEMPATH\CodeIgniter.php(904): App\Controllers\BaseController->initController(Object(CodeIgniter\HTTP\IncomingRequest), Object(CodeIgniter\HTTP\Response), Object(CodeIgniter\Log\Logger))
 3 SYSTEMPATH\CodeIgniter.php(498): CodeIgniter\CodeIgniter->createController()
 4 SYSTEMPATH\CodeIgniter.php(354): CodeIgniter\CodeIgniter->handleRequest(null, Object(Config\Cache), false)
 5 SYSTEMPATH\Boot.php(363): CodeIgniter\CodeIgniter->run()
 6 SYSTEMPATH\Boot.php(68): CodeIgniter\Boot::runCodeIgniter(Object(CodeIgniter\CodeIgniter))
 7 FCPATH\index.php(59): CodeIgniter\Boot::bootWeb(Object(Config\Paths))
DEBUG - 2025-11-30 17:48:03 --> Session: Class initialized using 'CodeIgniter\Session\Handlers\FileHandler' driver.
WARNING - 2025-11-30 17:48:03 --> [DEPRECATED] Creation of dynamic property App\Controllers\Teacher::$data is deprecated in APPPATH\Controllers\BaseController.php on line 74.
 1 APPPATH\Controllers\BaseController.php(59): App\Controllers\BaseController->loadNotificationData()
 2 SYSTEMPATH\CodeIgniter.php(904): App\Controllers\BaseController->initController(Object(CodeIgniter\HTTP\IncomingRequest), Object(CodeIgniter\HTTP\Response), Object(CodeIgniter\Log\Logger))
 3 SYSTEMPATH\CodeIgniter.php(498): CodeIgniter\CodeIgniter->createController()
 4 SYSTEMPATH\CodeIgniter.php(354): CodeIgniter\CodeIgniter->handleRequest(null, Object(Config\Cache), false)
 5 SYSTEMPATH\Boot.php(363): CodeIgniter\CodeIgniter->run()
 6 SYSTEMPATH\Boot.php(68): CodeIgniter\Boot::runCodeIgniter(Object(CodeIgniter\CodeIgniter))
 7 FCPATH\index.php(59): CodeIgniter\Boot::bootWeb(Object(Config\Paths))
DEBUG - 2025-11-30 17:48:04 --> Session: Class initialized using 'CodeIgniter\Session\Handlers\FileHandler' driver.
WARNING - 2025-11-30 17:48:04 --> [DEPRECATED] Creation of dynamic property App\Controllers\Notifications::$data is deprecated in APPPATH\Controllers\BaseController.php on line 74.
 1 APPPATH\Controllers\BaseController.php(59): App\Controllers\BaseController->loadNotificationData()
 2 SYSTEMPATH\CodeIgniter.php(904): App\Controllers\BaseController->initController(Object(CodeIgniter\HTTP\IncomingRequest), Object(CodeIgniter\HTTP\Response), Object(CodeIgniter\Log\Logger))
 3 SYSTEMPATH\CodeIgniter.php(498): CodeIgniter\CodeIgniter->createController()
 4 SYSTEMPATH\CodeIgniter.php(354): CodeIgniter\CodeIgniter->handleRequest(null, Object(Config\Cache), false)
 5 SYSTEMPATH\Boot.php(363): CodeIgniter\CodeIgniter->run()
 6 SYSTEMPATH\Boot.php(68): CodeIgniter\Boot::runCodeIgniter(Object(CodeIgniter\CodeIgniter))
 7 FCPATH\index.php(59): CodeIgniter\Boot::bootWeb(Object(Config\Paths))
DEBUG - 2025-11-30 17:48:10 --> Session: Class initialized using 'CodeIgniter\Session\Handlers\FileHandler' driver.
WARNING - 2025-11-30 17:48:10 --> [DEPRECATED] Creation of dynamic property App\Controllers\Auth::$data is deprecated in APPPATH\Controllers\BaseController.php on line 74.
 1 APPPATH\Controllers\BaseController.php(59): App\Controllers\BaseController->loadNotificationData()
 2 SYSTEMPATH\CodeIgniter.php(904): App\Controllers\BaseController->initController(Object(CodeIgniter\HTTP\IncomingRequest), Object(CodeIgniter\HTTP\Response), Object(CodeIgniter\Log\Logger))
 3 SYSTEMPATH\CodeIgniter.php(498): CodeIgniter\CodeIgniter->createController()
 4 SYSTEMPATH\CodeIgniter.php(354): CodeIgniter\CodeIgniter->handleRequest(null, Object(Config\Cache), false)
 5 SYSTEMPATH\Boot.php(363): CodeIgniter\CodeIgniter->run()
 6 SYSTEMPATH\Boot.php(68): CodeIgniter\Boot::runCodeIgniter(Object(CodeIgniter\CodeIgniter))
 7 FCPATH\index.php(59): CodeIgniter\Boot::bootWeb(Object(Config\Paths))
INFO - 2025-11-30 17:48:10 --> Dashboard - Student ID: 22
INFO - 2025-11-30 17:48:10 --> Dashboard - Available courses count: 3
INFO - 2025-11-30 17:48:10 --> Dashboard - Available courses: [{"course_id":"66","course_code":"CS301","course_name":"Database Management","description":"Learn database design, SQL, and database administration.","units":"3","teacher_id":"27","created_at":"2025-11-29 20:45:58","updated_at":"2025-11-29 20:45:58","teacher_name":"John Teacher"},{"course_id":"59","course_code":"ENG101","course_name":"English Composition","description":"Fundamentals of writing and communication.","units":"3","teacher_id":"21","created_at":"2025-11-16 18:15:18","updated_at":"2025-11-16 18:15:18","teacher_name":"Teacher User"},{"course_id":"60","course_code":"PHYS101","course_name":"General Physics","description":"Basic principles of mechanics, thermodynamics, and waves.","units":"4","teacher_id":"21","created_at":"2025-11-16 18:15:18","updated_at":"2025-11-16 18:15:18","teacher_name":"Teacher User"}]
DEBUG - 2025-11-30 17:48:11 --> Session: Class initialized using 'CodeIgniter\Session\Handlers\FileHandler' driver.
WARNING - 2025-11-30 17:48:11 --> [DEPRECATED] Creation of dynamic property App\Controllers\Notifications::$data is deprecated in APPPATH\Controllers\BaseController.php on line 74.
 1 APPPATH\Controllers\BaseController.php(59): App\Controllers\BaseController->loadNotificationData()
 2 SYSTEMPATH\CodeIgniter.php(904): App\Controllers\BaseController->initController(Object(CodeIgniter\HTTP\IncomingRequest), Object(CodeIgniter\HTTP\Response), Object(CodeIgniter\Log\Logger))
 3 SYSTEMPATH\CodeIgniter.php(498): CodeIgniter\CodeIgniter->createController()
 4 SYSTEMPATH\CodeIgniter.php(354): CodeIgniter\CodeIgniter->handleRequest(null, Object(Config\Cache), false)
 5 SYSTEMPATH\Boot.php(363): CodeIgniter\CodeIgniter->run()
 6 SYSTEMPATH\Boot.php(68): CodeIgniter\Boot::runCodeIgniter(Object(CodeIgniter\CodeIgniter))
 7 FCPATH\index.php(59): CodeIgniter\Boot::bootWeb(Object(Config\Paths))
DEBUG - 2025-11-30 17:48:54 --> Session: Class initialized using 'CodeIgniter\Session\Handlers\FileHandler' driver.
WARNING - 2025-11-30 17:48:54 --> [DEPRECATED] Creation of dynamic property App\Controllers\Notifications::$data is deprecated in APPPATH\Controllers\BaseController.php on line 76.
 1 APPPATH\Controllers\BaseController.php(59): App\Controllers\BaseController->loadNotificationData()
 2 SYSTEMPATH\CodeIgniter.php(904): App\Controllers\BaseController->initController(Object(CodeIgniter\HTTP\IncomingRequest), Object(CodeIgniter\HTTP\Response), Object(CodeIgniter\Log\Logger))
 3 SYSTEMPATH\CodeIgniter.php(498): CodeIgniter\CodeIgniter->createController()
 4 SYSTEMPATH\CodeIgniter.php(354): CodeIgniter\CodeIgniter->handleRequest(null, Object(Config\Cache), false)
 5 SYSTEMPATH\Boot.php(363): CodeIgniter\CodeIgniter->run()
 6 SYSTEMPATH\Boot.php(68): CodeIgniter\Boot::runCodeIgniter(Object(CodeIgniter\CodeIgniter))
 7 FCPATH\index.php(59): CodeIgniter\Boot::bootWeb(Object(Config\Paths))
DEBUG - 2025-11-30 17:49:04 --> Session: Class initialized using 'CodeIgniter\Session\Handlers\FileHandler' driver.
WARNING - 2025-11-30 17:49:04 --> [DEPRECATED] Creation of dynamic property App\Controllers\Notifications::$data is deprecated in APPPATH\Controllers\BaseController.php on line 74.
 1 APPPATH\Controllers\BaseController.php(59): App\Controllers\BaseController->loadNotificationData()
 2 SYSTEMPATH\CodeIgniter.php(904): App\Controllers\BaseController->initController(Object(CodeIgniter\HTTP\IncomingRequest), Object(CodeIgniter\HTTP\Response), Object(CodeIgniter\Log\Logger))
 3 SYSTEMPATH\CodeIgniter.php(498): CodeIgniter\CodeIgniter->createController()
 4 SYSTEMPATH\CodeIgniter.php(354): CodeIgniter\CodeIgniter->handleRequest(null, Object(Config\Cache), false)
 5 SYSTEMPATH\Boot.php(363): CodeIgniter\CodeIgniter->run()
 6 SYSTEMPATH\Boot.php(68): CodeIgniter\Boot::runCodeIgniter(Object(CodeIgniter\CodeIgniter))
 7 FCPATH\index.php(59): CodeIgniter\Boot::bootWeb(Object(Config\Paths))
DEBUG - 2025-11-30 17:49:54 --> Session: Class initialized using 'CodeIgniter\Session\Handlers\FileHandler' driver.
WARNING - 2025-11-30 17:49:54 --> [DEPRECATED] Creation of dynamic property App\Controllers\Notifications::$data is deprecated in APPPATH\Controllers\BaseController.php on line 76.
 1 APPPATH\Controllers\BaseController.php(59): App\Controllers\BaseController->loadNotificationData()
 2 SYSTEMPATH\CodeIgniter.php(904): App\Controllers\BaseController->initController(Object(CodeIgniter\HTTP\IncomingRequest), Object(CodeIgniter\HTTP\Response), Object(CodeIgniter\Log\Logger))
 3 SYSTEMPATH\CodeIgniter.php(498): CodeIgniter\CodeIgniter->createController()
 4 SYSTEMPATH\CodeIgniter.php(354): CodeIgniter\CodeIgniter->handleRequest(null, Object(Config\Cache), false)
 5 SYSTEMPATH\Boot.php(363): CodeIgniter\CodeIgniter->run()
 6 SYSTEMPATH\Boot.php(68): CodeIgniter\Boot::runCodeIgniter(Object(CodeIgniter\CodeIgniter))
 7 FCPATH\index.php(59): CodeIgniter\Boot::bootWeb(Object(Config\Paths))
DEBUG - 2025-11-30 17:50:12 --> Session: Class initialized using 'CodeIgniter\Session\Handlers\FileHandler' driver.
WARNING - 2025-11-30 17:50:12 --> [DEPRECATED] Creation of dynamic property App\Controllers\Notifications::$data is deprecated in APPPATH\Controllers\BaseController.php on line 74.
 1 APPPATH\Controllers\BaseController.php(59): App\Controllers\BaseController->loadNotificationData()
 2 SYSTEMPATH\CodeIgniter.php(904): App\Controllers\BaseController->initController(Object(CodeIgniter\HTTP\IncomingRequest), Object(CodeIgniter\HTTP\Response), Object(CodeIgniter\Log\Logger))
 3 SYSTEMPATH\CodeIgniter.php(498): CodeIgniter\CodeIgniter->createController()
 4 SYSTEMPATH\CodeIgniter.php(354): CodeIgniter\CodeIgniter->handleRequest(null, Object(Config\Cache), false)
 5 SYSTEMPATH\Boot.php(363): CodeIgniter\CodeIgniter->run()
 6 SYSTEMPATH\Boot.php(68): CodeIgniter\Boot::runCodeIgniter(Object(CodeIgniter\CodeIgniter))
 7 FCPATH\index.php(59): CodeIgniter\Boot::bootWeb(Object(Config\Paths))
DEBUG - 2025-11-30 17:50:13 --> Session: Class initialized using 'CodeIgniter\Session\Handlers\FileHandler' driver.
WARNING - 2025-11-30 17:50:13 --> [DEPRECATED] Creation of dynamic property App\Controllers\Notifications::$data is deprecated in APPPATH\Controllers\BaseController.php on line 74.
 1 APPPATH\Controllers\BaseController.php(59): App\Controllers\BaseController->loadNotificationData()
 2 SYSTEMPATH\CodeIgniter.php(904): App\Controllers\BaseController->initController(Object(CodeIgniter\HTTP\IncomingRequest), Object(CodeIgniter\HTTP\Response), Object(CodeIgniter\Log\Logger))
 3 SYSTEMPATH\CodeIgniter.php(498): CodeIgniter\CodeIgniter->createController()
 4 SYSTEMPATH\CodeIgniter.php(354): CodeIgniter\CodeIgniter->handleRequest(null, Object(Config\Cache), false)
 5 SYSTEMPATH\Boot.php(363): CodeIgniter\CodeIgniter->run()
 6 SYSTEMPATH\Boot.php(68): CodeIgniter\Boot::runCodeIgniter(Object(CodeIgniter\CodeIgniter))
 7 FCPATH\index.php(59): CodeIgniter\Boot::bootWeb(Object(Config\Paths))
DEBUG - 2025-11-30 17:50:36 --> Session: Class initialized using 'CodeIgniter\Session\Handlers\FileHandler' driver.
WARNING - 2025-11-30 17:50:36 --> [DEPRECATED] Creation of dynamic property App\Controllers\Teacher::$data is deprecated in APPPATH\Controllers\BaseController.php on line 74.
 1 APPPATH\Controllers\BaseController.php(59): App\Controllers\BaseController->loadNotificationData()
 2 SYSTEMPATH\CodeIgniter.php(904): App\Controllers\BaseController->initController(Object(CodeIgniter\HTTP\IncomingRequest), Object(CodeIgniter\HTTP\Response), Object(CodeIgniter\Log\Logger))
 3 SYSTEMPATH\CodeIgniter.php(498): CodeIgniter\CodeIgniter->createController()
 4 SYSTEMPATH\CodeIgniter.php(354): CodeIgniter\CodeIgniter->handleRequest(null, Object(Config\Cache), false)
 5 SYSTEMPATH\Boot.php(363): CodeIgniter\CodeIgniter->run()
 6 SYSTEMPATH\Boot.php(68): CodeIgniter\Boot::runCodeIgniter(Object(CodeIgniter\CodeIgniter))
 7 FCPATH\index.php(59): CodeIgniter\Boot::bootWeb(Object(Config\Paths))
DEBUG - 2025-11-30 17:50:37 --> Session: Class initialized using 'CodeIgniter\Session\Handlers\FileHandler' driver.
WARNING - 2025-11-30 17:50:37 --> [DEPRECATED] Creation of dynamic property App\Controllers\Notifications::$data is deprecated in APPPATH\Controllers\BaseController.php on line 74.
 1 APPPATH\Controllers\BaseController.php(59): App\Controllers\BaseController->loadNotificationData()
 2 SYSTEMPATH\CodeIgniter.php(904): App\Controllers\BaseController->initController(Object(CodeIgniter\HTTP\IncomingRequest), Object(CodeIgniter\HTTP\Response), Object(CodeIgniter\Log\Logger))
 3 SYSTEMPATH\CodeIgniter.php(498): CodeIgniter\CodeIgniter->createController()
 4 SYSTEMPATH\CodeIgniter.php(354): CodeIgniter\CodeIgniter->handleRequest(null, Object(Config\Cache), false)
 5 SYSTEMPATH\Boot.php(363): CodeIgniter\CodeIgniter->run()
 6 SYSTEMPATH\Boot.php(68): CodeIgniter\Boot::runCodeIgniter(Object(CodeIgniter\CodeIgniter))
 7 FCPATH\index.php(59): CodeIgniter\Boot::bootWeb(Object(Config\Paths))
DEBUG - 2025-11-30 17:50:44 --> Session: Class initialized using 'CodeIgniter\Session\Handlers\FileHandler' driver.
WARNING - 2025-11-30 17:50:44 --> [DEPRECATED] Creation of dynamic property App\Controllers\Teacher::$data is deprecated in APPPATH\Controllers\BaseController.php on line 74.
 1 APPPATH\Controllers\BaseController.php(59): App\Controllers\BaseController->loadNotificationData()
 2 SYSTEMPATH\CodeIgniter.php(904): App\Controllers\BaseController->initController(Object(CodeIgniter\HTTP\IncomingRequest), Object(CodeIgniter\HTTP\Response), Object(CodeIgniter\Log\Logger))
 3 SYSTEMPATH\CodeIgniter.php(498): CodeIgniter\CodeIgniter->createController()
 4 SYSTEMPATH\CodeIgniter.php(354): CodeIgniter\CodeIgniter->handleRequest(null, Object(Config\Cache), false)
 5 SYSTEMPATH\Boot.php(363): CodeIgniter\CodeIgniter->run()
 6 SYSTEMPATH\Boot.php(68): CodeIgniter\Boot::runCodeIgniter(Object(CodeIgniter\CodeIgniter))
 7 FCPATH\index.php(59): CodeIgniter\Boot::bootWeb(Object(Config\Paths))
DEBUG - 2025-11-30 17:50:45 --> Session: Class initialized using 'CodeIgniter\Session\Handlers\FileHandler' driver.
WARNING - 2025-11-30 17:50:45 --> [DEPRECATED] Creation of dynamic property App\Controllers\Notifications::$data is deprecated in APPPATH\Controllers\BaseController.php on line 74.
 1 APPPATH\Controllers\BaseController.php(59): App\Controllers\BaseController->loadNotificationData()
 2 SYSTEMPATH\CodeIgniter.php(904): App\Controllers\BaseController->initController(Object(CodeIgniter\HTTP\IncomingRequest), Object(CodeIgniter\HTTP\Response), Object(CodeIgniter\Log\Logger))
 3 SYSTEMPATH\CodeIgniter.php(498): CodeIgniter\CodeIgniter->createController()
 4 SYSTEMPATH\CodeIgniter.php(354): CodeIgniter\CodeIgniter->handleRequest(null, Object(Config\Cache), false)
 5 SYSTEMPATH\Boot.php(363): CodeIgniter\CodeIgniter->run()
 6 SYSTEMPATH\Boot.php(68): CodeIgniter\Boot::runCodeIgniter(Object(CodeIgniter\CodeIgniter))
 7 FCPATH\index.php(59): CodeIgniter\Boot::bootWeb(Object(Config\Paths))
DEBUG - 2025-11-30 17:50:47 --> Session: Class initialized using 'CodeIgniter\Session\Handlers\FileHandler' driver.
WARNING - 2025-11-30 17:50:47 --> [DEPRECATED] Creation of dynamic property App\Controllers\Auth::$data is deprecated in APPPATH\Controllers\BaseController.php on line 74.
 1 APPPATH\Controllers\BaseController.php(59): App\Controllers\BaseController->loadNotificationData()
 2 SYSTEMPATH\CodeIgniter.php(904): App\Controllers\BaseController->initController(Object(CodeIgniter\HTTP\IncomingRequest), Object(CodeIgniter\HTTP\Response), Object(CodeIgniter\Log\Logger))
 3 SYSTEMPATH\CodeIgniter.php(498): CodeIgniter\CodeIgniter->createController()
 4 SYSTEMPATH\CodeIgniter.php(354): CodeIgniter\CodeIgniter->handleRequest(null, Object(Config\Cache), false)
 5 SYSTEMPATH\Boot.php(363): CodeIgniter\CodeIgniter->run()
 6 SYSTEMPATH\Boot.php(68): CodeIgniter\Boot::runCodeIgniter(Object(CodeIgniter\CodeIgniter))
 7 FCPATH\index.php(59): CodeIgniter\Boot::bootWeb(Object(Config\Paths))
DEBUG - 2025-11-30 17:50:47 --> Session: Class initialized using 'CodeIgniter\Session\Handlers\FileHandler' driver.
WARNING - 2025-11-30 17:50:47 --> [DEPRECATED] Creation of dynamic property App\Controllers\Notifications::$data is deprecated in APPPATH\Controllers\BaseController.php on line 74.
 1 APPPATH\Controllers\BaseController.php(59): App\Controllers\BaseController->loadNotificationData()
 2 SYSTEMPATH\CodeIgniter.php(904): App\Controllers\BaseController->initController(Object(CodeIgniter\HTTP\IncomingRequest), Object(CodeIgniter\HTTP\Response), Object(CodeIgniter\Log\Logger))
 3 SYSTEMPATH\CodeIgniter.php(498): CodeIgniter\CodeIgniter->createController()
 4 SYSTEMPATH\CodeIgniter.php(354): CodeIgniter\CodeIgniter->handleRequest(null, Object(Config\Cache), false)
 5 SYSTEMPATH\Boot.php(363): CodeIgniter\CodeIgniter->run()
 6 SYSTEMPATH\Boot.php(68): CodeIgniter\Boot::runCodeIgniter(Object(CodeIgniter\CodeIgniter))
 7 FCPATH\index.php(59): CodeIgniter\Boot::bootWeb(Object(Config\Paths))
DEBUG - 2025-11-30 17:50:48 --> Session: Class initialized using 'CodeIgniter\Session\Handlers\FileHandler' driver.
WARNING - 2025-11-30 17:50:48 --> [DEPRECATED] Creation of dynamic property App\Controllers\Teacher::$data is deprecated in APPPATH\Controllers\BaseController.php on line 74.
 1 APPPATH\Controllers\BaseController.php(59): App\Controllers\BaseController->loadNotificationData()
 2 SYSTEMPATH\CodeIgniter.php(904): App\Controllers\BaseController->initController(Object(CodeIgniter\HTTP\IncomingRequest), Object(CodeIgniter\HTTP\Response), Object(CodeIgniter\Log\Logger))
 3 SYSTEMPATH\CodeIgniter.php(498): CodeIgniter\CodeIgniter->createController()
 4 SYSTEMPATH\CodeIgniter.php(354): CodeIgniter\CodeIgniter->handleRequest(null, Object(Config\Cache), false)
 5 SYSTEMPATH\Boot.php(363): CodeIgniter\CodeIgniter->run()
 6 SYSTEMPATH\Boot.php(68): CodeIgniter\Boot::runCodeIgniter(Object(CodeIgniter\CodeIgniter))
 7 FCPATH\index.php(59): CodeIgniter\Boot::bootWeb(Object(Config\Paths))
DEBUG - 2025-11-30 17:50:49 --> Session: Class initialized using 'CodeIgniter\Session\Handlers\FileHandler' driver.
WARNING - 2025-11-30 17:50:49 --> [DEPRECATED] Creation of dynamic property App\Controllers\Notifications::$data is deprecated in APPPATH\Controllers\BaseController.php on line 74.
 1 APPPATH\Controllers\BaseController.php(59): App\Controllers\BaseController->loadNotificationData()
 2 SYSTEMPATH\CodeIgniter.php(904): App\Controllers\BaseController->initController(Object(CodeIgniter\HTTP\IncomingRequest), Object(CodeIgniter\HTTP\Response), Object(CodeIgniter\Log\Logger))
 3 SYSTEMPATH\CodeIgniter.php(498): CodeIgniter\CodeIgniter->createController()
 4 SYSTEMPATH\CodeIgniter.php(354): CodeIgniter\CodeIgniter->handleRequest(null, Object(Config\Cache), false)
 5 SYSTEMPATH\Boot.php(363): CodeIgniter\CodeIgniter->run()
 6 SYSTEMPATH\Boot.php(68): CodeIgniter\Boot::runCodeIgniter(Object(CodeIgniter\CodeIgniter))
 7 FCPATH\index.php(59): CodeIgniter\Boot::bootWeb(Object(Config\Paths))
DEBUG - 2025-11-30 17:50:54 --> Session: Class initialized using 'CodeIgniter\Session\Handlers\FileHandler' driver.
WARNING - 2025-11-30 17:50:54 --> [DEPRECATED] Creation of dynamic property App\Controllers\Notifications::$data is deprecated in APPPATH\Controllers\BaseController.php on line 76.
 1 APPPATH\Controllers\BaseController.php(59): App\Controllers\BaseController->loadNotificationData()
 2 SYSTEMPATH\CodeIgniter.php(904): App\Controllers\BaseController->initController(Object(CodeIgniter\HTTP\IncomingRequest), Object(CodeIgniter\HTTP\Response), Object(CodeIgniter\Log\Logger))
 3 SYSTEMPATH\CodeIgniter.php(498): CodeIgniter\CodeIgniter->createController()
 4 SYSTEMPATH\CodeIgniter.php(354): CodeIgniter\CodeIgniter->handleRequest(null, Object(Config\Cache), false)
 5 SYSTEMPATH\Boot.php(363): CodeIgniter\CodeIgniter->run()
 6 SYSTEMPATH\Boot.php(68): CodeIgniter\Boot::runCodeIgniter(Object(CodeIgniter\CodeIgniter))
 7 FCPATH\index.php(59): CodeIgniter\Boot::bootWeb(Object(Config\Paths))
DEBUG - 2025-11-30 17:51:12 --> Session: Class initialized using 'CodeIgniter\Session\Handlers\FileHandler' driver.
WARNING - 2025-11-30 17:51:12 --> [DEPRECATED] Creation of dynamic property App\Controllers\Notifications::$data is deprecated in APPPATH\Controllers\BaseController.php on line 74.
 1 APPPATH\Controllers\BaseController.php(59): App\Controllers\BaseController->loadNotificationData()
 2 SYSTEMPATH\CodeIgniter.php(904): App\Controllers\BaseController->initController(Object(CodeIgniter\HTTP\IncomingRequest), Object(CodeIgniter\HTTP\Response), Object(CodeIgniter\Log\Logger))
 3 SYSTEMPATH\CodeIgniter.php(498): CodeIgniter\CodeIgniter->createController()
 4 SYSTEMPATH\CodeIgniter.php(354): CodeIgniter\CodeIgniter->handleRequest(null, Object(Config\Cache), false)
 5 SYSTEMPATH\Boot.php(363): CodeIgniter\CodeIgniter->run()
 6 SYSTEMPATH\Boot.php(68): CodeIgniter\Boot::runCodeIgniter(Object(CodeIgniter\CodeIgniter))
 7 FCPATH\index.php(59): CodeIgniter\Boot::bootWeb(Object(Config\Paths))
DEBUG - 2025-11-30 17:51:49 --> Session: Class initialized using 'CodeIgniter\Session\Handlers\FileHandler' driver.
WARNING - 2025-11-30 17:51:49 --> [DEPRECATED] Creation of dynamic property App\Controllers\Notifications::$data is deprecated in APPPATH\Controllers\BaseController.php on line 74.
 1 APPPATH\Controllers\BaseController.php(59): App\Controllers\BaseController->loadNotificationData()
 2 SYSTEMPATH\CodeIgniter.php(904): App\Controllers\BaseController->initController(Object(CodeIgniter\HTTP\IncomingRequest), Object(CodeIgniter\HTTP\Response), Object(CodeIgniter\Log\Logger))
 3 SYSTEMPATH\CodeIgniter.php(498): CodeIgniter\CodeIgniter->createController()
 4 SYSTEMPATH\CodeIgniter.php(354): CodeIgniter\CodeIgniter->handleRequest(null, Object(Config\Cache), false)
 5 SYSTEMPATH\Boot.php(363): CodeIgniter\CodeIgniter->run()
 6 SYSTEMPATH\Boot.php(68): CodeIgniter\Boot::runCodeIgniter(Object(CodeIgniter\CodeIgniter))
 7 FCPATH\index.php(59): CodeIgniter\Boot::bootWeb(Object(Config\Paths))
DEBUG - 2025-11-30 17:51:54 --> Session: Class initialized using 'CodeIgniter\Session\Handlers\FileHandler' driver.
WARNING - 2025-11-30 17:51:54 --> [DEPRECATED] Creation of dynamic property App\Controllers\Notifications::$data is deprecated in APPPATH\Controllers\BaseController.php on line 76.
 1 APPPATH\Controllers\BaseController.php(59): App\Controllers\BaseController->loadNotificationData()
 2 SYSTEMPATH\CodeIgniter.php(904): App\Controllers\BaseController->initController(Object(CodeIgniter\HTTP\IncomingRequest), Object(CodeIgniter\HTTP\Response), Object(CodeIgniter\Log\Logger))
 3 SYSTEMPATH\CodeIgniter.php(498): CodeIgniter\CodeIgniter->createController()
 4 SYSTEMPATH\CodeIgniter.php(354): CodeIgniter\CodeIgniter->handleRequest(null, Object(Config\Cache), false)
 5 SYSTEMPATH\Boot.php(363): CodeIgniter\CodeIgniter->run()
 6 SYSTEMPATH\Boot.php(68): CodeIgniter\Boot::runCodeIgniter(Object(CodeIgniter\CodeIgniter))
 7 FCPATH\index.php(59): CodeIgniter\Boot::bootWeb(Object(Config\Paths))
DEBUG - 2025-11-30 17:52:12 --> Session: Class initialized using 'CodeIgniter\Session\Handlers\FileHandler' driver.
WARNING - 2025-11-30 17:52:12 --> [DEPRECATED] Creation of dynamic property App\Controllers\Notifications::$data is deprecated in APPPATH\Controllers\BaseController.php on line 74.
 1 APPPATH\Controllers\BaseController.php(59): App\Controllers\BaseController->loadNotificationData()
 2 SYSTEMPATH\CodeIgniter.php(904): App\Controllers\BaseController->initController(Object(CodeIgniter\HTTP\IncomingRequest), Object(CodeIgniter\HTTP\Response), Object(CodeIgniter\Log\Logger))
 3 SYSTEMPATH\CodeIgniter.php(498): CodeIgniter\CodeIgniter->createController()
 4 SYSTEMPATH\CodeIgniter.php(354): CodeIgniter\CodeIgniter->handleRequest(null, Object(Config\Cache), false)
 5 SYSTEMPATH\Boot.php(363): CodeIgniter\CodeIgniter->run()
 6 SYSTEMPATH\Boot.php(68): CodeIgniter\Boot::runCodeIgniter(Object(CodeIgniter\CodeIgniter))
 7 FCPATH\index.php(59): CodeIgniter\Boot::bootWeb(Object(Config\Paths))
DEBUG - 2025-11-30 17:52:49 --> Session: Class initialized using 'CodeIgniter\Session\Handlers\FileHandler' driver.
WARNING - 2025-11-30 17:52:49 --> [DEPRECATED] Creation of dynamic property App\Controllers\Notifications::$data is deprecated in APPPATH\Controllers\BaseController.php on line 74.
 1 APPPATH\Controllers\BaseController.php(59): App\Controllers\BaseController->loadNotificationData()
 2 SYSTEMPATH\CodeIgniter.php(904): App\Controllers\BaseController->initController(Object(CodeIgniter\HTTP\IncomingRequest), Object(CodeIgniter\HTTP\Response), Object(CodeIgniter\Log\Logger))
 3 SYSTEMPATH\CodeIgniter.php(498): CodeIgniter\CodeIgniter->createController()
 4 SYSTEMPATH\CodeIgniter.php(354): CodeIgniter\CodeIgniter->handleRequest(null, Object(Config\Cache), false)
 5 SYSTEMPATH\Boot.php(363): CodeIgniter\CodeIgniter->run()
 6 SYSTEMPATH\Boot.php(68): CodeIgniter\Boot::runCodeIgniter(Object(CodeIgniter\CodeIgniter))
 7 FCPATH\index.php(59): CodeIgniter\Boot::bootWeb(Object(Config\Paths))
DEBUG - 2025-11-30 17:52:54 --> Session: Class initialized using 'CodeIgniter\Session\Handlers\FileHandler' driver.
WARNING - 2025-11-30 17:52:54 --> [DEPRECATED] Creation of dynamic property App\Controllers\Notifications::$data is deprecated in APPPATH\Controllers\BaseController.php on line 76.
 1 APPPATH\Controllers\BaseController.php(59): App\Controllers\BaseController->loadNotificationData()
 2 SYSTEMPATH\CodeIgniter.php(904): App\Controllers\BaseController->initController(Object(CodeIgniter\HTTP\IncomingRequest), Object(CodeIgniter\HTTP\Response), Object(CodeIgniter\Log\Logger))
 3 SYSTEMPATH\CodeIgniter.php(498): CodeIgniter\CodeIgniter->createController()
 4 SYSTEMPATH\CodeIgniter.php(354): CodeIgniter\CodeIgniter->handleRequest(null, Object(Config\Cache), false)
 5 SYSTEMPATH\Boot.php(363): CodeIgniter\CodeIgniter->run()
 6 SYSTEMPATH\Boot.php(68): CodeIgniter\Boot::runCodeIgniter(Object(CodeIgniter\CodeIgniter))
 7 FCPATH\index.php(59): CodeIgniter\Boot::bootWeb(Object(Config\Paths))
DEBUG - 2025-11-30 17:53:12 --> Session: Class initialized using 'CodeIgniter\Session\Handlers\FileHandler' driver.
WARNING - 2025-11-30 17:53:12 --> [DEPRECATED] Creation of dynamic property App\Controllers\Notifications::$data is deprecated in APPPATH\Controllers\BaseController.php on line 74.
 1 APPPATH\Controllers\BaseController.php(59): App\Controllers\BaseController->loadNotificationData()
 2 SYSTEMPATH\CodeIgniter.php(904): App\Controllers\BaseController->initController(Object(CodeIgniter\HTTP\IncomingRequest), Object(CodeIgniter\HTTP\Response), Object(CodeIgniter\Log\Logger))
 3 SYSTEMPATH\CodeIgniter.php(498): CodeIgniter\CodeIgniter->createController()
 4 SYSTEMPATH\CodeIgniter.php(354): CodeIgniter\CodeIgniter->handleRequest(null, Object(Config\Cache), false)
 5 SYSTEMPATH\Boot.php(363): CodeIgniter\CodeIgniter->run()
 6 SYSTEMPATH\Boot.php(68): CodeIgniter\Boot::runCodeIgniter(Object(CodeIgniter\CodeIgniter))
 7 FCPATH\index.php(59): CodeIgniter\Boot::bootWeb(Object(Config\Paths))
