DEBUG - 2025-12-13 02:52:46 --> Session: Class initialized using 'CodeIgniter\Session\Handlers\FileHandler' driver.
WARNING - 2025-12-13 02:52:46 --> [DEPRECATED] Creation of dynamic property App\Controllers\Auth::$data is deprecated in APPPATH\Controllers\BaseController.php on line 76.
 1 APPPATH\Controllers\BaseController.php(59): App\Controllers\BaseController->loadNotificationData()
 2 SYSTEMPATH\CodeIgniter.php(904): App\Controllers\BaseController->initController(Object(CodeIgniter\HTTP\IncomingRequest), Object(CodeIgniter\HTTP\Response), Object(CodeIgniter\Log\Logger))
 3 SYSTEMPATH\CodeIgniter.php(498): CodeIgniter\CodeIgniter->createController()
 4 SYSTEMPATH\CodeIgniter.php(354): CodeIgniter\CodeIgniter->handleRequest(null, Object(Config\Cache), false)
 5 SYSTEMPATH\Boot.php(363): CodeIgniter\CodeIgniter->run()
 6 SYSTEMPATH\Boot.php(68): CodeIgniter\Boot::runCodeIgniter(Object(CodeIgniter\CodeIgniter))
 7 FCPATH\index.php(59): CodeIgniter\Boot::bootWeb(Object(Config\Paths))
DEBUG - 2025-12-13 02:52:50 --> Session: Class initialized using 'CodeIgniter\Session\Handlers\FileHandler' driver.
WARNING - 2025-12-13 02:52:50 --> [DEPRECATED] Creation of dynamic property App\Controllers\Notifications::$data is deprecated in APPPATH\Controllers\BaseController.php on line 76.
 1 APPPATH\Controllers\BaseController.php(59): App\Controllers\BaseController->loadNotificationData()
 2 SYSTEMPATH\CodeIgniter.php(904): App\Controllers\BaseController->initController(Object(CodeIgniter\HTTP\IncomingRequest), Object(CodeIgniter\HTTP\Response), Object(CodeIgniter\Log\Logger))
 3 SYSTEMPATH\CodeIgniter.php(498): CodeIgniter\CodeIgniter->createController()
 4 SYSTEMPATH\CodeIgniter.php(354): CodeIgniter\CodeIgniter->handleRequest(null, Object(Config\Cache), false)
 5 SYSTEMPATH\Boot.php(363): CodeIgniter\CodeIgniter->run()
 6 SYSTEMPATH\Boot.php(68): CodeIgniter\Boot::runCodeIgniter(Object(CodeIgniter\CodeIgniter))
 7 FCPATH\index.php(59): CodeIgniter\Boot::bootWeb(Object(Config\Paths))
INFO - 2025-12-13 02:52:58 --> CSRF token verified.
DEBUG - 2025-12-13 02:52:58 --> Session: Class initialized using 'CodeIgniter\Session\Handlers\FileHandler' driver.
WARNING - 2025-12-13 02:52:58 --> [DEPRECATED] Creation of dynamic property App\Controllers\Auth::$data is deprecated in APPPATH\Controllers\BaseController.php on line 76.
 1 APPPATH\Controllers\BaseController.php(59): App\Controllers\BaseController->loadNotificationData()
 2 SYSTEMPATH\CodeIgniter.php(904): App\Controllers\BaseController->initController(Object(CodeIgniter\HTTP\IncomingRequest), Object(CodeIgniter\HTTP\Response), Object(CodeIgniter\Log\Logger))
 3 SYSTEMPATH\CodeIgniter.php(498): CodeIgniter\CodeIgniter->createController()
 4 SYSTEMPATH\CodeIgniter.php(354): CodeIgniter\CodeIgniter->handleRequest(null, Object(Config\Cache), false)
 5 SYSTEMPATH\Boot.php(363): CodeIgniter\CodeIgniter->run()
 6 SYSTEMPATH\Boot.php(68): CodeIgniter\Boot::runCodeIgniter(Object(CodeIgniter\CodeIgniter))
 7 FCPATH\index.php(59): CodeIgniter\Boot::bootWeb(Object(Config\Paths))
DEBUG - 2025-12-13 02:52:59 --> Session: Class initialized using 'CodeIgniter\Session\Handlers\FileHandler' driver.
WARNING - 2025-12-13 02:52:59 --> [DEPRECATED] Creation of dynamic property App\Controllers\Auth::$data is deprecated in APPPATH\Controllers\BaseController.php on line 74.
 1 APPPATH\Controllers\BaseController.php(59): App\Controllers\BaseController->loadNotificationData()
 2 SYSTEMPATH\CodeIgniter.php(904): App\Controllers\BaseController->initController(Object(CodeIgniter\HTTP\IncomingRequest), Object(CodeIgniter\HTTP\Response), Object(CodeIgniter\Log\Logger))
 3 SYSTEMPATH\CodeIgniter.php(498): CodeIgniter\CodeIgniter->createController()
 4 SYSTEMPATH\CodeIgniter.php(354): CodeIgniter\CodeIgniter->handleRequest(null, Object(Config\Cache), false)
 5 SYSTEMPATH\Boot.php(363): CodeIgniter\CodeIgniter->run()
 6 SYSTEMPATH\Boot.php(68): CodeIgniter\Boot::runCodeIgniter(Object(CodeIgniter\CodeIgniter))
 7 FCPATH\index.php(59): CodeIgniter\Boot::bootWeb(Object(Config\Paths))
WARNING - 2025-12-13 02:52:59 --> [DEPRECATED] strtotime(): Passing null to parameter #1 ($datetime) of type string is deprecated in APPPATH\Views\auth\dashboard.php on line 102.
 1 APPPATH\Views\auth\dashboard.php(102): strtotime(null)
 2 SYSTEMPATH\View\View.php(226): include('C:\\xampp\\htdocs\\ITE311-MORIL\\app\\Views\\auth\\dashboard.php')
 3 SYSTEMPATH\View\View.php(229): CodeIgniter\View\View->CodeIgniter\View\{closure}()
 4 SYSTEMPATH\Common.php(1167): CodeIgniter\View\View->render('auth/dashboard', [], true)
 5 APPPATH\Controllers\Auth.php(357): view('auth/dashboard', [...])
 6 SYSTEMPATH\CodeIgniter.php(933): App\Controllers\Auth->dashboard()
 7 SYSTEMPATH\CodeIgniter.php(507): CodeIgniter\CodeIgniter->runController(Object(App\Controllers\Auth))
 8 SYSTEMPATH\CodeIgniter.php(354): CodeIgniter\CodeIgniter->handleRequest(null, Object(Config\Cache), false)
 9 SYSTEMPATH\Boot.php(363): CodeIgniter\CodeIgniter->run()
10 SYSTEMPATH\Boot.php(68): CodeIgniter\Boot::runCodeIgniter(Object(CodeIgniter\CodeIgniter))
11 FCPATH\index.php(59): CodeIgniter\Boot::bootWeb(Object(Config\Paths))
WARNING - 2025-12-13 02:52:59 --> [DEPRECATED] strtotime(): Passing null to parameter #1 ($datetime) of type string is deprecated in APPPATH\Views\auth\dashboard.php on line 102.
 1 APPPATH\Views\auth\dashboard.php(102): strtotime(null)
 2 SYSTEMPATH\View\View.php(226): include('C:\\xampp\\htdocs\\ITE311-MORIL\\app\\Views\\auth\\dashboard.php')
 3 SYSTEMPATH\View\View.php(229): CodeIgniter\View\View->CodeIgniter\View\{closure}()
 4 SYSTEMPATH\Common.php(1167): CodeIgniter\View\View->render('auth/dashboard', [], true)
 5 APPPATH\Controllers\Auth.php(357): view('auth/dashboard', [...])
 6 SYSTEMPATH\CodeIgniter.php(933): App\Controllers\Auth->dashboard()
 7 SYSTEMPATH\CodeIgniter.php(507): CodeIgniter\CodeIgniter->runController(Object(App\Controllers\Auth))
 8 SYSTEMPATH\CodeIgniter.php(354): CodeIgniter\CodeIgniter->handleRequest(null, Object(Config\Cache), false)
 9 SYSTEMPATH\Boot.php(363): CodeIgniter\CodeIgniter->run()
10 SYSTEMPATH\Boot.php(68): CodeIgniter\Boot::runCodeIgniter(Object(CodeIgniter\CodeIgniter))
11 FCPATH\index.php(59): CodeIgniter\Boot::bootWeb(Object(Config\Paths))
WARNING - 2025-12-13 02:52:59 --> [DEPRECATED] strtotime(): Passing null to parameter #1 ($datetime) of type string is deprecated in APPPATH\Views\auth\dashboard.php on line 102.
 1 APPPATH\Views\auth\dashboard.php(102): strtotime(null)
 2 SYSTEMPATH\View\View.php(226): include('C:\\xampp\\htdocs\\ITE311-MORIL\\app\\Views\\auth\\dashboard.php')
 3 SYSTEMPATH\View\View.php(229): CodeIgniter\View\View->CodeIgniter\View\{closure}()
 4 SYSTEMPATH\Common.php(1167): CodeIgniter\View\View->render('auth/dashboard', [], true)
 5 APPPATH\Controllers\Auth.php(357): view('auth/dashboard', [...])
 6 SYSTEMPATH\CodeIgniter.php(933): App\Controllers\Auth->dashboard()
 7 SYSTEMPATH\CodeIgniter.php(507): CodeIgniter\CodeIgniter->runController(Object(App\Controllers\Auth))
 8 SYSTEMPATH\CodeIgniter.php(354): CodeIgniter\CodeIgniter->handleRequest(null, Object(Config\Cache), false)
 9 SYSTEMPATH\Boot.php(363): CodeIgniter\CodeIgniter->run()
10 SYSTEMPATH\Boot.php(68): CodeIgniter\Boot::runCodeIgniter(Object(CodeIgniter\CodeIgniter))
11 FCPATH\index.php(59): CodeIgniter\Boot::bootWeb(Object(Config\Paths))
DEBUG - 2025-12-13 02:52:59 --> Session: Class initialized using 'CodeIgniter\Session\Handlers\FileHandler' driver.
WARNING - 2025-12-13 02:52:59 --> [DEPRECATED] Creation of dynamic property App\Controllers\Notifications::$data is deprecated in APPPATH\Controllers\BaseController.php on line 74.
 1 APPPATH\Controllers\BaseController.php(59): App\Controllers\BaseController->loadNotificationData()
 2 SYSTEMPATH\CodeIgniter.php(904): App\Controllers\BaseController->initController(Object(CodeIgniter\HTTP\IncomingRequest), Object(CodeIgniter\HTTP\Response), Object(CodeIgniter\Log\Logger))
 3 SYSTEMPATH\CodeIgniter.php(498): CodeIgniter\CodeIgniter->createController()
 4 SYSTEMPATH\CodeIgniter.php(354): CodeIgniter\CodeIgniter->handleRequest(null, Object(Config\Cache), false)
 5 SYSTEMPATH\Boot.php(363): CodeIgniter\CodeIgniter->run()
 6 SYSTEMPATH\Boot.php(68): CodeIgniter\Boot::runCodeIgniter(Object(CodeIgniter\CodeIgniter))
 7 FCPATH\index.php(59): CodeIgniter\Boot::bootWeb(Object(Config\Paths))
DEBUG - 2025-12-13 02:53:02 --> Session: Class initialized using 'CodeIgniter\Session\Handlers\FileHandler' driver.
WARNING - 2025-12-13 02:53:02 --> [DEPRECATED] Creation of dynamic property App\Controllers\UserManagement::$data is deprecated in APPPATH\Controllers\BaseController.php on line 74.
 1 APPPATH\Controllers\BaseController.php(59): App\Controllers\BaseController->loadNotificationData()
 2 SYSTEMPATH\CodeIgniter.php(904): App\Controllers\BaseController->initController(Object(CodeIgniter\HTTP\IncomingRequest), Object(CodeIgniter\HTTP\Response), Object(CodeIgniter\Log\Logger))
 3 SYSTEMPATH\CodeIgniter.php(498): CodeIgniter\CodeIgniter->createController()
 4 SYSTEMPATH\CodeIgniter.php(354): CodeIgniter\CodeIgniter->handleRequest(null, Object(Config\Cache), false)
 5 SYSTEMPATH\Boot.php(363): CodeIgniter\CodeIgniter->run()
 6 SYSTEMPATH\Boot.php(68): CodeIgniter\Boot::runCodeIgniter(Object(CodeIgniter\CodeIgniter))
 7 FCPATH\index.php(59): CodeIgniter\Boot::bootWeb(Object(Config\Paths))
DEBUG - 2025-12-13 02:53:02 --> Session: Class initialized using 'CodeIgniter\Session\Handlers\FileHandler' driver.
WARNING - 2025-12-13 02:53:02 --> [DEPRECATED] Creation of dynamic property App\Controllers\Notifications::$data is deprecated in APPPATH\Controllers\BaseController.php on line 74.
 1 APPPATH\Controllers\BaseController.php(59): App\Controllers\BaseController->loadNotificationData()
 2 SYSTEMPATH\CodeIgniter.php(904): App\Controllers\BaseController->initController(Object(CodeIgniter\HTTP\IncomingRequest), Object(CodeIgniter\HTTP\Response), Object(CodeIgniter\Log\Logger))
 3 SYSTEMPATH\CodeIgniter.php(498): CodeIgniter\CodeIgniter->createController()
 4 SYSTEMPATH\CodeIgniter.php(354): CodeIgniter\CodeIgniter->handleRequest(null, Object(Config\Cache), false)
 5 SYSTEMPATH\Boot.php(363): CodeIgniter\CodeIgniter->run()
 6 SYSTEMPATH\Boot.php(68): CodeIgniter\Boot::runCodeIgniter(Object(CodeIgniter\CodeIgniter))
 7 FCPATH\index.php(59): CodeIgniter\Boot::bootWeb(Object(Config\Paths))
DEBUG - 2025-12-13 02:53:03 --> Session: Class initialized using 'CodeIgniter\Session\Handlers\FileHandler' driver.
WARNING - 2025-12-13 02:53:03 --> [DEPRECATED] Creation of dynamic property App\Controllers\Auth::$data is deprecated in APPPATH\Controllers\BaseController.php on line 74.
 1 APPPATH\Controllers\BaseController.php(59): App\Controllers\BaseController->loadNotificationData()
 2 SYSTEMPATH\CodeIgniter.php(904): App\Controllers\BaseController->initController(Object(CodeIgniter\HTTP\IncomingRequest), Object(CodeIgniter\HTTP\Response), Object(CodeIgniter\Log\Logger))
 3 SYSTEMPATH\CodeIgniter.php(498): CodeIgniter\CodeIgniter->createController()
 4 SYSTEMPATH\CodeIgniter.php(354): CodeIgniter\CodeIgniter->handleRequest(null, Object(Config\Cache), false)
 5 SYSTEMPATH\Boot.php(363): CodeIgniter\CodeIgniter->run()
 6 SYSTEMPATH\Boot.php(68): CodeIgniter\Boot::runCodeIgniter(Object(CodeIgniter\CodeIgniter))
 7 FCPATH\index.php(59): CodeIgniter\Boot::bootWeb(Object(Config\Paths))
WARNING - 2025-12-13 02:53:03 --> [DEPRECATED] strtotime(): Passing null to parameter #1 ($datetime) of type string is deprecated in APPPATH\Views\auth\dashboard.php on line 102.
 1 APPPATH\Views\auth\dashboard.php(102): strtotime(null)
 2 SYSTEMPATH\View\View.php(226): include('C:\\xampp\\htdocs\\ITE311-MORIL\\app\\Views\\auth\\dashboard.php')
 3 SYSTEMPATH\View\View.php(229): CodeIgniter\View\View->CodeIgniter\View\{closure}()
 4 SYSTEMPATH\Common.php(1167): CodeIgniter\View\View->render('auth/dashboard', [], true)
 5 APPPATH\Controllers\Auth.php(357): view('auth/dashboard', [...])
 6 SYSTEMPATH\CodeIgniter.php(933): App\Controllers\Auth->dashboard()
 7 SYSTEMPATH\CodeIgniter.php(507): CodeIgniter\CodeIgniter->runController(Object(App\Controllers\Auth))
 8 SYSTEMPATH\CodeIgniter.php(354): CodeIgniter\CodeIgniter->handleRequest(null, Object(Config\Cache), false)
 9 SYSTEMPATH\Boot.php(363): CodeIgniter\CodeIgniter->run()
10 SYSTEMPATH\Boot.php(68): CodeIgniter\Boot::runCodeIgniter(Object(CodeIgniter\CodeIgniter))
11 FCPATH\index.php(59): CodeIgniter\Boot::bootWeb(Object(Config\Paths))
WARNING - 2025-12-13 02:53:03 --> [DEPRECATED] strtotime(): Passing null to parameter #1 ($datetime) of type string is deprecated in APPPATH\Views\auth\dashboard.php on line 102.
 1 APPPATH\Views\auth\dashboard.php(102): strtotime(null)
 2 SYSTEMPATH\View\View.php(226): include('C:\\xampp\\htdocs\\ITE311-MORIL\\app\\Views\\auth\\dashboard.php')
 3 SYSTEMPATH\View\View.php(229): CodeIgniter\View\View->CodeIgniter\View\{closure}()
 4 SYSTEMPATH\Common.php(1167): CodeIgniter\View\View->render('auth/dashboard', [], true)
 5 APPPATH\Controllers\Auth.php(357): view('auth/dashboard', [...])
 6 SYSTEMPATH\CodeIgniter.php(933): App\Controllers\Auth->dashboard()
 7 SYSTEMPATH\CodeIgniter.php(507): CodeIgniter\CodeIgniter->runController(Object(App\Controllers\Auth))
 8 SYSTEMPATH\CodeIgniter.php(354): CodeIgniter\CodeIgniter->handleRequest(null, Object(Config\Cache), false)
 9 SYSTEMPATH\Boot.php(363): CodeIgniter\CodeIgniter->run()
10 SYSTEMPATH\Boot.php(68): CodeIgniter\Boot::runCodeIgniter(Object(CodeIgniter\CodeIgniter))
11 FCPATH\index.php(59): CodeIgniter\Boot::bootWeb(Object(Config\Paths))
WARNING - 2025-12-13 02:53:03 --> [DEPRECATED] strtotime(): Passing null to parameter #1 ($datetime) of type string is deprecated in APPPATH\Views\auth\dashboard.php on line 102.
 1 APPPATH\Views\auth\dashboard.php(102): strtotime(null)
 2 SYSTEMPATH\View\View.php(226): include('C:\\xampp\\htdocs\\ITE311-MORIL\\app\\Views\\auth\\dashboard.php')
 3 SYSTEMPATH\View\View.php(229): CodeIgniter\View\View->CodeIgniter\View\{closure}()
 4 SYSTEMPATH\Common.php(1167): CodeIgniter\View\View->render('auth/dashboard', [], true)
 5 APPPATH\Controllers\Auth.php(357): view('auth/dashboard', [...])
 6 SYSTEMPATH\CodeIgniter.php(933): App\Controllers\Auth->dashboard()
 7 SYSTEMPATH\CodeIgniter.php(507): CodeIgniter\CodeIgniter->runController(Object(App\Controllers\Auth))
 8 SYSTEMPATH\CodeIgniter.php(354): CodeIgniter\CodeIgniter->handleRequest(null, Object(Config\Cache), false)
 9 SYSTEMPATH\Boot.php(363): CodeIgniter\CodeIgniter->run()
10 SYSTEMPATH\Boot.php(68): CodeIgniter\Boot::runCodeIgniter(Object(CodeIgniter\CodeIgniter))
11 FCPATH\index.php(59): CodeIgniter\Boot::bootWeb(Object(Config\Paths))
DEBUG - 2025-12-13 02:53:03 --> Session: Class initialized using 'CodeIgniter\Session\Handlers\FileHandler' driver.
WARNING - 2025-12-13 02:53:03 --> [DEPRECATED] Creation of dynamic property App\Controllers\Notifications::$data is deprecated in APPPATH\Controllers\BaseController.php on line 74.
 1 APPPATH\Controllers\BaseController.php(59): App\Controllers\BaseController->loadNotificationData()
 2 SYSTEMPATH\CodeIgniter.php(904): App\Controllers\BaseController->initController(Object(CodeIgniter\HTTP\IncomingRequest), Object(CodeIgniter\HTTP\Response), Object(CodeIgniter\Log\Logger))
 3 SYSTEMPATH\CodeIgniter.php(498): CodeIgniter\CodeIgniter->createController()
 4 SYSTEMPATH\CodeIgniter.php(354): CodeIgniter\CodeIgniter->handleRequest(null, Object(Config\Cache), false)
 5 SYSTEMPATH\Boot.php(363): CodeIgniter\CodeIgniter->run()
 6 SYSTEMPATH\Boot.php(68): CodeIgniter\Boot::runCodeIgniter(Object(CodeIgniter\CodeIgniter))
 7 FCPATH\index.php(59): CodeIgniter\Boot::bootWeb(Object(Config\Paths))
DEBUG - 2025-12-13 02:53:12 --> Session: Class initialized using 'CodeIgniter\Session\Handlers\FileHandler' driver.
WARNING - 2025-12-13 02:53:12 --> [DEPRECATED] Creation of dynamic property App\Controllers\Course::$data is deprecated in APPPATH\Controllers\BaseController.php on line 74.
 1 APPPATH\Controllers\BaseController.php(59): App\Controllers\BaseController->loadNotificationData()
 2 SYSTEMPATH\CodeIgniter.php(904): App\Controllers\BaseController->initController(Object(CodeIgniter\HTTP\IncomingRequest), Object(CodeIgniter\HTTP\Response), Object(CodeIgniter\Log\Logger))
 3 SYSTEMPATH\CodeIgniter.php(498): CodeIgniter\CodeIgniter->createController()
 4 SYSTEMPATH\CodeIgniter.php(354): CodeIgniter\CodeIgniter->handleRequest(null, Object(Config\Cache), false)
 5 SYSTEMPATH\Boot.php(363): CodeIgniter\CodeIgniter->run()
 6 SYSTEMPATH\Boot.php(68): CodeIgniter\Boot::runCodeIgniter(Object(CodeIgniter\CodeIgniter))
 7 FCPATH\index.php(59): CodeIgniter\Boot::bootWeb(Object(Config\Paths))
DEBUG - 2025-12-13 02:53:13 --> Session: Class initialized using 'CodeIgniter\Session\Handlers\FileHandler' driver.
WARNING - 2025-12-13 02:53:13 --> [DEPRECATED] Creation of dynamic property App\Controllers\Notifications::$data is deprecated in APPPATH\Controllers\BaseController.php on line 74.
 1 APPPATH\Controllers\BaseController.php(59): App\Controllers\BaseController->loadNotificationData()
 2 SYSTEMPATH\CodeIgniter.php(904): App\Controllers\BaseController->initController(Object(CodeIgniter\HTTP\IncomingRequest), Object(CodeIgniter\HTTP\Response), Object(CodeIgniter\Log\Logger))
 3 SYSTEMPATH\CodeIgniter.php(498): CodeIgniter\CodeIgniter->createController()
 4 SYSTEMPATH\CodeIgniter.php(354): CodeIgniter\CodeIgniter->handleRequest(null, Object(Config\Cache), false)
 5 SYSTEMPATH\Boot.php(363): CodeIgniter\CodeIgniter->run()
 6 SYSTEMPATH\Boot.php(68): CodeIgniter\Boot::runCodeIgniter(Object(CodeIgniter\CodeIgniter))
 7 FCPATH\index.php(59): CodeIgniter\Boot::bootWeb(Object(Config\Paths))
DEBUG - 2025-12-13 02:53:14 --> Session: Class initialized using 'CodeIgniter\Session\Handlers\FileHandler' driver.
WARNING - 2025-12-13 02:53:14 --> [DEPRECATED] Creation of dynamic property App\Controllers\Course::$data is deprecated in APPPATH\Controllers\BaseController.php on line 74.
 1 APPPATH\Controllers\BaseController.php(59): App\Controllers\BaseController->loadNotificationData()
 2 SYSTEMPATH\CodeIgniter.php(904): App\Controllers\BaseController->initController(Object(CodeIgniter\HTTP\IncomingRequest), Object(CodeIgniter\HTTP\Response), Object(CodeIgniter\Log\Logger))
 3 SYSTEMPATH\CodeIgniter.php(498): CodeIgniter\CodeIgniter->createController()
 4 SYSTEMPATH\CodeIgniter.php(354): CodeIgniter\CodeIgniter->handleRequest(null, Object(Config\Cache), false)
 5 SYSTEMPATH\Boot.php(363): CodeIgniter\CodeIgniter->run()
 6 SYSTEMPATH\Boot.php(68): CodeIgniter\Boot::runCodeIgniter(Object(CodeIgniter\CodeIgniter))
 7 FCPATH\index.php(59): CodeIgniter\Boot::bootWeb(Object(Config\Paths))
DEBUG - 2025-12-13 02:53:14 --> Session: Class initialized using 'CodeIgniter\Session\Handlers\FileHandler' driver.
WARNING - 2025-12-13 02:53:14 --> [DEPRECATED] Creation of dynamic property App\Controllers\Notifications::$data is deprecated in APPPATH\Controllers\BaseController.php on line 74.
 1 APPPATH\Controllers\BaseController.php(59): App\Controllers\BaseController->loadNotificationData()
 2 SYSTEMPATH\CodeIgniter.php(904): App\Controllers\BaseController->initController(Object(CodeIgniter\HTTP\IncomingRequest), Object(CodeIgniter\HTTP\Response), Object(CodeIgniter\Log\Logger))
 3 SYSTEMPATH\CodeIgniter.php(498): CodeIgniter\CodeIgniter->createController()
 4 SYSTEMPATH\CodeIgniter.php(354): CodeIgniter\CodeIgniter->handleRequest(null, Object(Config\Cache), false)
 5 SYSTEMPATH\Boot.php(363): CodeIgniter\CodeIgniter->run()
 6 SYSTEMPATH\Boot.php(68): CodeIgniter\Boot::runCodeIgniter(Object(CodeIgniter\CodeIgniter))
 7 FCPATH\index.php(59): CodeIgniter\Boot::bootWeb(Object(Config\Paths))
DEBUG - 2025-12-13 02:53:21 --> Session: Class initialized using 'CodeIgniter\Session\Handlers\FileHandler' driver.
WARNING - 2025-12-13 02:53:21 --> [DEPRECATED] Creation of dynamic property App\Controllers\UserManagement::$data is deprecated in APPPATH\Controllers\BaseController.php on line 74.
 1 APPPATH\Controllers\BaseController.php(59): App\Controllers\BaseController->loadNotificationData()
 2 SYSTEMPATH\CodeIgniter.php(904): App\Controllers\BaseController->initController(Object(CodeIgniter\HTTP\IncomingRequest), Object(CodeIgniter\HTTP\Response), Object(CodeIgniter\Log\Logger))
 3 SYSTEMPATH\CodeIgniter.php(498): CodeIgniter\CodeIgniter->createController()
 4 SYSTEMPATH\CodeIgniter.php(354): CodeIgniter\CodeIgniter->handleRequest(null, Object(Config\Cache), false)
 5 SYSTEMPATH\Boot.php(363): CodeIgniter\CodeIgniter->run()
 6 SYSTEMPATH\Boot.php(68): CodeIgniter\Boot::runCodeIgniter(Object(CodeIgniter\CodeIgniter))
 7 FCPATH\index.php(59): CodeIgniter\Boot::bootWeb(Object(Config\Paths))
DEBUG - 2025-12-13 02:53:22 --> Session: Class initialized using 'CodeIgniter\Session\Handlers\FileHandler' driver.
WARNING - 2025-12-13 02:53:22 --> [DEPRECATED] Creation of dynamic property App\Controllers\Notifications::$data is deprecated in APPPATH\Controllers\BaseController.php on line 74.
 1 APPPATH\Controllers\BaseController.php(59): App\Controllers\BaseController->loadNotificationData()
 2 SYSTEMPATH\CodeIgniter.php(904): App\Controllers\BaseController->initController(Object(CodeIgniter\HTTP\IncomingRequest), Object(CodeIgniter\HTTP\Response), Object(CodeIgniter\Log\Logger))
 3 SYSTEMPATH\CodeIgniter.php(498): CodeIgniter\CodeIgniter->createController()
 4 SYSTEMPATH\CodeIgniter.php(354): CodeIgniter\CodeIgniter->handleRequest(null, Object(Config\Cache), false)
 5 SYSTEMPATH\Boot.php(363): CodeIgniter\CodeIgniter->run()
 6 SYSTEMPATH\Boot.php(68): CodeIgniter\Boot::runCodeIgniter(Object(CodeIgniter\CodeIgniter))
 7 FCPATH\index.php(59): CodeIgniter\Boot::bootWeb(Object(Config\Paths))
DEBUG - 2025-12-13 02:53:25 --> Session: Class initialized using 'CodeIgniter\Session\Handlers\FileHandler' driver.
WARNING - 2025-12-13 02:53:25 --> [DEPRECATED] Creation of dynamic property App\Controllers\Course::$data is deprecated in APPPATH\Controllers\BaseController.php on line 74.
 1 APPPATH\Controllers\BaseController.php(59): App\Controllers\BaseController->loadNotificationData()
 2 SYSTEMPATH\CodeIgniter.php(904): App\Controllers\BaseController->initController(Object(CodeIgniter\HTTP\IncomingRequest), Object(CodeIgniter\HTTP\Response), Object(CodeIgniter\Log\Logger))
 3 SYSTEMPATH\CodeIgniter.php(498): CodeIgniter\CodeIgniter->createController()
 4 SYSTEMPATH\CodeIgniter.php(354): CodeIgniter\CodeIgniter->handleRequest(null, Object(Config\Cache), false)
 5 SYSTEMPATH\Boot.php(363): CodeIgniter\CodeIgniter->run()
 6 SYSTEMPATH\Boot.php(68): CodeIgniter\Boot::runCodeIgniter(Object(CodeIgniter\CodeIgniter))
 7 FCPATH\index.php(59): CodeIgniter\Boot::bootWeb(Object(Config\Paths))
DEBUG - 2025-12-13 02:53:25 --> Session: Class initialized using 'CodeIgniter\Session\Handlers\FileHandler' driver.
WARNING - 2025-12-13 02:53:25 --> [DEPRECATED] Creation of dynamic property App\Controllers\Notifications::$data is deprecated in APPPATH\Controllers\BaseController.php on line 74.
 1 APPPATH\Controllers\BaseController.php(59): App\Controllers\BaseController->loadNotificationData()
 2 SYSTEMPATH\CodeIgniter.php(904): App\Controllers\BaseController->initController(Object(CodeIgniter\HTTP\IncomingRequest), Object(CodeIgniter\HTTP\Response), Object(CodeIgniter\Log\Logger))
 3 SYSTEMPATH\CodeIgniter.php(498): CodeIgniter\CodeIgniter->createController()
 4 SYSTEMPATH\CodeIgniter.php(354): CodeIgniter\CodeIgniter->handleRequest(null, Object(Config\Cache), false)
 5 SYSTEMPATH\Boot.php(363): CodeIgniter\CodeIgniter->run()
 6 SYSTEMPATH\Boot.php(68): CodeIgniter\Boot::runCodeIgniter(Object(CodeIgniter\CodeIgniter))
 7 FCPATH\index.php(59): CodeIgniter\Boot::bootWeb(Object(Config\Paths))
DEBUG - 2025-12-13 02:53:30 --> Session: Class initialized using 'CodeIgniter\Session\Handlers\FileHandler' driver.
WARNING - 2025-12-13 02:53:30 --> [DEPRECATED] Creation of dynamic property App\Controllers\UserManagement::$data is deprecated in APPPATH\Controllers\BaseController.php on line 74.
 1 APPPATH\Controllers\BaseController.php(59): App\Controllers\BaseController->loadNotificationData()
 2 SYSTEMPATH\CodeIgniter.php(904): App\Controllers\BaseController->initController(Object(CodeIgniter\HTTP\IncomingRequest), Object(CodeIgniter\HTTP\Response), Object(CodeIgniter\Log\Logger))
 3 SYSTEMPATH\CodeIgniter.php(498): CodeIgniter\CodeIgniter->createController()
 4 SYSTEMPATH\CodeIgniter.php(354): CodeIgniter\CodeIgniter->handleRequest(null, Object(Config\Cache), false)
 5 SYSTEMPATH\Boot.php(363): CodeIgniter\CodeIgniter->run()
 6 SYSTEMPATH\Boot.php(68): CodeIgniter\Boot::runCodeIgniter(Object(CodeIgniter\CodeIgniter))
 7 FCPATH\index.php(59): CodeIgniter\Boot::bootWeb(Object(Config\Paths))
DEBUG - 2025-12-13 02:53:31 --> Session: Class initialized using 'CodeIgniter\Session\Handlers\FileHandler' driver.
WARNING - 2025-12-13 02:53:31 --> [DEPRECATED] Creation of dynamic property App\Controllers\Notifications::$data is deprecated in APPPATH\Controllers\BaseController.php on line 74.
 1 APPPATH\Controllers\BaseController.php(59): App\Controllers\BaseController->loadNotificationData()
 2 SYSTEMPATH\CodeIgniter.php(904): App\Controllers\BaseController->initController(Object(CodeIgniter\HTTP\IncomingRequest), Object(CodeIgniter\HTTP\Response), Object(CodeIgniter\Log\Logger))
 3 SYSTEMPATH\CodeIgniter.php(498): CodeIgniter\CodeIgniter->createController()
 4 SYSTEMPATH\CodeIgniter.php(354): CodeIgniter\CodeIgniter->handleRequest(null, Object(Config\Cache), false)
 5 SYSTEMPATH\Boot.php(363): CodeIgniter\CodeIgniter->run()
 6 SYSTEMPATH\Boot.php(68): CodeIgniter\Boot::runCodeIgniter(Object(CodeIgniter\CodeIgniter))
 7 FCPATH\index.php(59): CodeIgniter\Boot::bootWeb(Object(Config\Paths))
DEBUG - 2025-12-13 02:53:32 --> Session: Class initialized using 'CodeIgniter\Session\Handlers\FileHandler' driver.
WARNING - 2025-12-13 02:53:32 --> [DEPRECATED] Creation of dynamic property App\Controllers\UserManagement::$data is deprecated in APPPATH\Controllers\BaseController.php on line 74.
 1 APPPATH\Controllers\BaseController.php(59): App\Controllers\BaseController->loadNotificationData()
 2 SYSTEMPATH\CodeIgniter.php(904): App\Controllers\BaseController->initController(Object(CodeIgniter\HTTP\IncomingRequest), Object(CodeIgniter\HTTP\Response), Object(CodeIgniter\Log\Logger))
 3 SYSTEMPATH\CodeIgniter.php(498): CodeIgniter\CodeIgniter->createController()
 4 SYSTEMPATH\CodeIgniter.php(354): CodeIgniter\CodeIgniter->handleRequest(null, Object(Config\Cache), false)
 5 SYSTEMPATH\Boot.php(363): CodeIgniter\CodeIgniter->run()
 6 SYSTEMPATH\Boot.php(68): CodeIgniter\Boot::runCodeIgniter(Object(CodeIgniter\CodeIgniter))
 7 FCPATH\index.php(59): CodeIgniter\Boot::bootWeb(Object(Config\Paths))
DEBUG - 2025-12-13 02:53:33 --> Session: Class initialized using 'CodeIgniter\Session\Handlers\FileHandler' driver.
WARNING - 2025-12-13 02:53:33 --> [DEPRECATED] Creation of dynamic property App\Controllers\Notifications::$data is deprecated in APPPATH\Controllers\BaseController.php on line 74.
 1 APPPATH\Controllers\BaseController.php(59): App\Controllers\BaseController->loadNotificationData()
 2 SYSTEMPATH\CodeIgniter.php(904): App\Controllers\BaseController->initController(Object(CodeIgniter\HTTP\IncomingRequest), Object(CodeIgniter\HTTP\Response), Object(CodeIgniter\Log\Logger))
 3 SYSTEMPATH\CodeIgniter.php(498): CodeIgniter\CodeIgniter->createController()
 4 SYSTEMPATH\CodeIgniter.php(354): CodeIgniter\CodeIgniter->handleRequest(null, Object(Config\Cache), false)
 5 SYSTEMPATH\Boot.php(363): CodeIgniter\CodeIgniter->run()
 6 SYSTEMPATH\Boot.php(68): CodeIgniter\Boot::runCodeIgniter(Object(CodeIgniter\CodeIgniter))
 7 FCPATH\index.php(59): CodeIgniter\Boot::bootWeb(Object(Config\Paths))
DEBUG - 2025-12-13 02:53:49 --> Session: Class initialized using 'CodeIgniter\Session\Handlers\FileHandler' driver.
WARNING - 2025-12-13 02:53:49 --> [DEPRECATED] Creation of dynamic property App\Controllers\Course::$data is deprecated in APPPATH\Controllers\BaseController.php on line 74.
 1 APPPATH\Controllers\BaseController.php(59): App\Controllers\BaseController->loadNotificationData()
 2 SYSTEMPATH\CodeIgniter.php(904): App\Controllers\BaseController->initController(Object(CodeIgniter\HTTP\IncomingRequest), Object(CodeIgniter\HTTP\Response), Object(CodeIgniter\Log\Logger))
 3 SYSTEMPATH\CodeIgniter.php(498): CodeIgniter\CodeIgniter->createController()
 4 SYSTEMPATH\CodeIgniter.php(354): CodeIgniter\CodeIgniter->handleRequest(null, Object(Config\Cache), false)
 5 SYSTEMPATH\Boot.php(363): CodeIgniter\CodeIgniter->run()
 6 SYSTEMPATH\Boot.php(68): CodeIgniter\Boot::runCodeIgniter(Object(CodeIgniter\CodeIgniter))
 7 FCPATH\index.php(59): CodeIgniter\Boot::bootWeb(Object(Config\Paths))
DEBUG - 2025-12-13 02:53:49 --> Session: Class initialized using 'CodeIgniter\Session\Handlers\FileHandler' driver.
WARNING - 2025-12-13 02:53:49 --> [DEPRECATED] Creation of dynamic property App\Controllers\Notifications::$data is deprecated in APPPATH\Controllers\BaseController.php on line 74.
 1 APPPATH\Controllers\BaseController.php(59): App\Controllers\BaseController->loadNotificationData()
 2 SYSTEMPATH\CodeIgniter.php(904): App\Controllers\BaseController->initController(Object(CodeIgniter\HTTP\IncomingRequest), Object(CodeIgniter\HTTP\Response), Object(CodeIgniter\Log\Logger))
 3 SYSTEMPATH\CodeIgniter.php(498): CodeIgniter\CodeIgniter->createController()
 4 SYSTEMPATH\CodeIgniter.php(354): CodeIgniter\CodeIgniter->handleRequest(null, Object(Config\Cache), false)
 5 SYSTEMPATH\Boot.php(363): CodeIgniter\CodeIgniter->run()
 6 SYSTEMPATH\Boot.php(68): CodeIgniter\Boot::runCodeIgniter(Object(CodeIgniter\CodeIgniter))
 7 FCPATH\index.php(59): CodeIgniter\Boot::bootWeb(Object(Config\Paths))
DEBUG - 2025-12-13 02:53:53 --> Session: Class initialized using 'CodeIgniter\Session\Handlers\FileHandler' driver.
WARNING - 2025-12-13 02:53:54 --> [DEPRECATED] Creation of dynamic property App\Controllers\Course::$data is deprecated in APPPATH\Controllers\BaseController.php on line 74.
 1 APPPATH\Controllers\BaseController.php(59): App\Controllers\BaseController->loadNotificationData()
 2 SYSTEMPATH\CodeIgniter.php(904): App\Controllers\BaseController->initController(Object(CodeIgniter\HTTP\IncomingRequest), Object(CodeIgniter\HTTP\Response), Object(CodeIgniter\Log\Logger))
 3 SYSTEMPATH\CodeIgniter.php(498): CodeIgniter\CodeIgniter->createController()
 4 SYSTEMPATH\CodeIgniter.php(354): CodeIgniter\CodeIgniter->handleRequest(null, Object(Config\Cache), false)
 5 SYSTEMPATH\Boot.php(363): CodeIgniter\CodeIgniter->run()
 6 SYSTEMPATH\Boot.php(68): CodeIgniter\Boot::runCodeIgniter(Object(CodeIgniter\CodeIgniter))
 7 FCPATH\index.php(59): CodeIgniter\Boot::bootWeb(Object(Config\Paths))
DEBUG - 2025-12-13 02:53:54 --> Session: Class initialized using 'CodeIgniter\Session\Handlers\FileHandler' driver.
WARNING - 2025-12-13 02:53:55 --> [DEPRECATED] Creation of dynamic property App\Controllers\Notifications::$data is deprecated in APPPATH\Controllers\BaseController.php on line 74.
 1 APPPATH\Controllers\BaseController.php(59): App\Controllers\BaseController->loadNotificationData()
 2 SYSTEMPATH\CodeIgniter.php(904): App\Controllers\BaseController->initController(Object(CodeIgniter\HTTP\IncomingRequest), Object(CodeIgniter\HTTP\Response), Object(CodeIgniter\Log\Logger))
 3 SYSTEMPATH\CodeIgniter.php(498): CodeIgniter\CodeIgniter->createController()
 4 SYSTEMPATH\CodeIgniter.php(354): CodeIgniter\CodeIgniter->handleRequest(null, Object(Config\Cache), false)
 5 SYSTEMPATH\Boot.php(363): CodeIgniter\CodeIgniter->run()
 6 SYSTEMPATH\Boot.php(68): CodeIgniter\Boot::runCodeIgniter(Object(CodeIgniter\CodeIgniter))
 7 FCPATH\index.php(59): CodeIgniter\Boot::bootWeb(Object(Config\Paths))
DEBUG - 2025-12-13 02:54:04 --> Session: Class initialized using 'CodeIgniter\Session\Handlers\FileHandler' driver.
WARNING - 2025-12-13 02:54:04 --> [DEPRECATED] Creation of dynamic property App\Controllers\Auth::$data is deprecated in APPPATH\Controllers\BaseController.php on line 74.
 1 APPPATH\Controllers\BaseController.php(59): App\Controllers\BaseController->loadNotificationData()
 2 SYSTEMPATH\CodeIgniter.php(904): App\Controllers\BaseController->initController(Object(CodeIgniter\HTTP\IncomingRequest), Object(CodeIgniter\HTTP\Response), Object(CodeIgniter\Log\Logger))
 3 SYSTEMPATH\CodeIgniter.php(498): CodeIgniter\CodeIgniter->createController()
 4 SYSTEMPATH\CodeIgniter.php(354): CodeIgniter\CodeIgniter->handleRequest(null, Object(Config\Cache), false)
 5 SYSTEMPATH\Boot.php(363): CodeIgniter\CodeIgniter->run()
 6 SYSTEMPATH\Boot.php(68): CodeIgniter\Boot::runCodeIgniter(Object(CodeIgniter\CodeIgniter))
 7 FCPATH\index.php(59): CodeIgniter\Boot::bootWeb(Object(Config\Paths))
WARNING - 2025-12-13 02:54:04 --> [DEPRECATED] strtotime(): Passing null to parameter #1 ($datetime) of type string is deprecated in APPPATH\Views\auth\dashboard.php on line 102.
 1 APPPATH\Views\auth\dashboard.php(102): strtotime(null)
 2 SYSTEMPATH\View\View.php(226): include('C:\\xampp\\htdocs\\ITE311-MORIL\\app\\Views\\auth\\dashboard.php')
 3 SYSTEMPATH\View\View.php(229): CodeIgniter\View\View->CodeIgniter\View\{closure}()
 4 SYSTEMPATH\Common.php(1167): CodeIgniter\View\View->render('auth/dashboard', [], true)
 5 APPPATH\Controllers\Auth.php(357): view('auth/dashboard', [...])
 6 SYSTEMPATH\CodeIgniter.php(933): App\Controllers\Auth->dashboard()
 7 SYSTEMPATH\CodeIgniter.php(507): CodeIgniter\CodeIgniter->runController(Object(App\Controllers\Auth))
 8 SYSTEMPATH\CodeIgniter.php(354): CodeIgniter\CodeIgniter->handleRequest(null, Object(Config\Cache), false)
 9 SYSTEMPATH\Boot.php(363): CodeIgniter\CodeIgniter->run()
10 SYSTEMPATH\Boot.php(68): CodeIgniter\Boot::runCodeIgniter(Object(CodeIgniter\CodeIgniter))
11 FCPATH\index.php(59): CodeIgniter\Boot::bootWeb(Object(Config\Paths))
WARNING - 2025-12-13 02:54:04 --> [DEPRECATED] strtotime(): Passing null to parameter #1 ($datetime) of type string is deprecated in APPPATH\Views\auth\dashboard.php on line 102.
 1 APPPATH\Views\auth\dashboard.php(102): strtotime(null)
 2 SYSTEMPATH\View\View.php(226): include('C:\\xampp\\htdocs\\ITE311-MORIL\\app\\Views\\auth\\dashboard.php')
 3 SYSTEMPATH\View\View.php(229): CodeIgniter\View\View->CodeIgniter\View\{closure}()
 4 SYSTEMPATH\Common.php(1167): CodeIgniter\View\View->render('auth/dashboard', [], true)
 5 APPPATH\Controllers\Auth.php(357): view('auth/dashboard', [...])
 6 SYSTEMPATH\CodeIgniter.php(933): App\Controllers\Auth->dashboard()
 7 SYSTEMPATH\CodeIgniter.php(507): CodeIgniter\CodeIgniter->runController(Object(App\Controllers\Auth))
 8 SYSTEMPATH\CodeIgniter.php(354): CodeIgniter\CodeIgniter->handleRequest(null, Object(Config\Cache), false)
 9 SYSTEMPATH\Boot.php(363): CodeIgniter\CodeIgniter->run()
10 SYSTEMPATH\Boot.php(68): CodeIgniter\Boot::runCodeIgniter(Object(CodeIgniter\CodeIgniter))
11 FCPATH\index.php(59): CodeIgniter\Boot::bootWeb(Object(Config\Paths))
WARNING - 2025-12-13 02:54:04 --> [DEPRECATED] strtotime(): Passing null to parameter #1 ($datetime) of type string is deprecated in APPPATH\Views\auth\dashboard.php on line 102.
 1 APPPATH\Views\auth\dashboard.php(102): strtotime(null)
 2 SYSTEMPATH\View\View.php(226): include('C:\\xampp\\htdocs\\ITE311-MORIL\\app\\Views\\auth\\dashboard.php')
 3 SYSTEMPATH\View\View.php(229): CodeIgniter\View\View->CodeIgniter\View\{closure}()
 4 SYSTEMPATH\Common.php(1167): CodeIgniter\View\View->render('auth/dashboard', [], true)
 5 APPPATH\Controllers\Auth.php(357): view('auth/dashboard', [...])
 6 SYSTEMPATH\CodeIgniter.php(933): App\Controllers\Auth->dashboard()
 7 SYSTEMPATH\CodeIgniter.php(507): CodeIgniter\CodeIgniter->runController(Object(App\Controllers\Auth))
 8 SYSTEMPATH\CodeIgniter.php(354): CodeIgniter\CodeIgniter->handleRequest(null, Object(Config\Cache), false)
 9 SYSTEMPATH\Boot.php(363): CodeIgniter\CodeIgniter->run()
10 SYSTEMPATH\Boot.php(68): CodeIgniter\Boot::runCodeIgniter(Object(CodeIgniter\CodeIgniter))
11 FCPATH\index.php(59): CodeIgniter\Boot::bootWeb(Object(Config\Paths))
DEBUG - 2025-12-13 02:54:05 --> Session: Class initialized using 'CodeIgniter\Session\Handlers\FileHandler' driver.
WARNING - 2025-12-13 02:54:05 --> [DEPRECATED] Creation of dynamic property App\Controllers\Notifications::$data is deprecated in APPPATH\Controllers\BaseController.php on line 74.
 1 APPPATH\Controllers\BaseController.php(59): App\Controllers\BaseController->loadNotificationData()
 2 SYSTEMPATH\CodeIgniter.php(904): App\Controllers\BaseController->initController(Object(CodeIgniter\HTTP\IncomingRequest), Object(CodeIgniter\HTTP\Response), Object(CodeIgniter\Log\Logger))
 3 SYSTEMPATH\CodeIgniter.php(498): CodeIgniter\CodeIgniter->createController()
 4 SYSTEMPATH\CodeIgniter.php(354): CodeIgniter\CodeIgniter->handleRequest(null, Object(Config\Cache), false)
 5 SYSTEMPATH\Boot.php(363): CodeIgniter\CodeIgniter->run()
 6 SYSTEMPATH\Boot.php(68): CodeIgniter\Boot::runCodeIgniter(Object(CodeIgniter\CodeIgniter))
 7 FCPATH\index.php(59): CodeIgniter\Boot::bootWeb(Object(Config\Paths))
DEBUG - 2025-12-13 02:55:05 --> Session: Class initialized using 'CodeIgniter\Session\Handlers\FileHandler' driver.
WARNING - 2025-12-13 02:55:05 --> [DEPRECATED] Creation of dynamic property App\Controllers\Notifications::$data is deprecated in APPPATH\Controllers\BaseController.php on line 74.
 1 APPPATH\Controllers\BaseController.php(59): App\Controllers\BaseController->loadNotificationData()
 2 SYSTEMPATH\CodeIgniter.php(904): App\Controllers\BaseController->initController(Object(CodeIgniter\HTTP\IncomingRequest), Object(CodeIgniter\HTTP\Response), Object(CodeIgniter\Log\Logger))
 3 SYSTEMPATH\CodeIgniter.php(498): CodeIgniter\CodeIgniter->createController()
 4 SYSTEMPATH\CodeIgniter.php(354): CodeIgniter\CodeIgniter->handleRequest(null, Object(Config\Cache), false)
 5 SYSTEMPATH\Boot.php(363): CodeIgniter\CodeIgniter->run()
 6 SYSTEMPATH\Boot.php(68): CodeIgniter\Boot::runCodeIgniter(Object(CodeIgniter\CodeIgniter))
 7 FCPATH\index.php(59): CodeIgniter\Boot::bootWeb(Object(Config\Paths))
DEBUG - 2025-12-13 02:55:48 --> Session: Class initialized using 'CodeIgniter\Session\Handlers\FileHandler' driver.
WARNING - 2025-12-13 02:55:48 --> [DEPRECATED] Creation of dynamic property App\Controllers\UserManagement::$data is deprecated in APPPATH\Controllers\BaseController.php on line 74.
 1 APPPATH\Controllers\BaseController.php(59): App\Controllers\BaseController->loadNotificationData()
 2 SYSTEMPATH\CodeIgniter.php(904): App\Controllers\BaseController->initController(Object(CodeIgniter\HTTP\IncomingRequest), Object(CodeIgniter\HTTP\Response), Object(CodeIgniter\Log\Logger))
 3 SYSTEMPATH\CodeIgniter.php(498): CodeIgniter\CodeIgniter->createController()
 4 SYSTEMPATH\CodeIgniter.php(354): CodeIgniter\CodeIgniter->handleRequest(null, Object(Config\Cache), false)
 5 SYSTEMPATH\Boot.php(363): CodeIgniter\CodeIgniter->run()
 6 SYSTEMPATH\Boot.php(68): CodeIgniter\Boot::runCodeIgniter(Object(CodeIgniter\CodeIgniter))
 7 FCPATH\index.php(59): CodeIgniter\Boot::bootWeb(Object(Config\Paths))
DEBUG - 2025-12-13 02:55:49 --> Session: Class initialized using 'CodeIgniter\Session\Handlers\FileHandler' driver.
WARNING - 2025-12-13 02:55:49 --> [DEPRECATED] Creation of dynamic property App\Controllers\Notifications::$data is deprecated in APPPATH\Controllers\BaseController.php on line 74.
 1 APPPATH\Controllers\BaseController.php(59): App\Controllers\BaseController->loadNotificationData()
 2 SYSTEMPATH\CodeIgniter.php(904): App\Controllers\BaseController->initController(Object(CodeIgniter\HTTP\IncomingRequest), Object(CodeIgniter\HTTP\Response), Object(CodeIgniter\Log\Logger))
 3 SYSTEMPATH\CodeIgniter.php(498): CodeIgniter\CodeIgniter->createController()
 4 SYSTEMPATH\CodeIgniter.php(354): CodeIgniter\CodeIgniter->handleRequest(null, Object(Config\Cache), false)
 5 SYSTEMPATH\Boot.php(363): CodeIgniter\CodeIgniter->run()
 6 SYSTEMPATH\Boot.php(68): CodeIgniter\Boot::runCodeIgniter(Object(CodeIgniter\CodeIgniter))
 7 FCPATH\index.php(59): CodeIgniter\Boot::bootWeb(Object(Config\Paths))
DEBUG - 2025-12-13 02:55:53 --> Session: Class initialized using 'CodeIgniter\Session\Handlers\FileHandler' driver.
WARNING - 2025-12-13 02:55:53 --> [DEPRECATED] Creation of dynamic property App\Controllers\UserManagement::$data is deprecated in APPPATH\Controllers\BaseController.php on line 74.
 1 APPPATH\Controllers\BaseController.php(59): App\Controllers\BaseController->loadNotificationData()
 2 SYSTEMPATH\CodeIgniter.php(904): App\Controllers\BaseController->initController(Object(CodeIgniter\HTTP\IncomingRequest), Object(CodeIgniter\HTTP\Response), Object(CodeIgniter\Log\Logger))
 3 SYSTEMPATH\CodeIgniter.php(498): CodeIgniter\CodeIgniter->createController()
 4 SYSTEMPATH\CodeIgniter.php(354): CodeIgniter\CodeIgniter->handleRequest(null, Object(Config\Cache), false)
 5 SYSTEMPATH\Boot.php(363): CodeIgniter\CodeIgniter->run()
 6 SYSTEMPATH\Boot.php(68): CodeIgniter\Boot::runCodeIgniter(Object(CodeIgniter\CodeIgniter))
 7 FCPATH\index.php(59): CodeIgniter\Boot::bootWeb(Object(Config\Paths))
DEBUG - 2025-12-13 02:55:53 --> Session: Class initialized using 'CodeIgniter\Session\Handlers\FileHandler' driver.
WARNING - 2025-12-13 02:55:53 --> [DEPRECATED] Creation of dynamic property App\Controllers\Notifications::$data is deprecated in APPPATH\Controllers\BaseController.php on line 74.
 1 APPPATH\Controllers\BaseController.php(59): App\Controllers\BaseController->loadNotificationData()
 2 SYSTEMPATH\CodeIgniter.php(904): App\Controllers\BaseController->initController(Object(CodeIgniter\HTTP\IncomingRequest), Object(CodeIgniter\HTTP\Response), Object(CodeIgniter\Log\Logger))
 3 SYSTEMPATH\CodeIgniter.php(498): CodeIgniter\CodeIgniter->createController()
 4 SYSTEMPATH\CodeIgniter.php(354): CodeIgniter\CodeIgniter->handleRequest(null, Object(Config\Cache), false)
 5 SYSTEMPATH\Boot.php(363): CodeIgniter\CodeIgniter->run()
 6 SYSTEMPATH\Boot.php(68): CodeIgniter\Boot::runCodeIgniter(Object(CodeIgniter\CodeIgniter))
 7 FCPATH\index.php(59): CodeIgniter\Boot::bootWeb(Object(Config\Paths))
DEBUG - 2025-12-13 02:56:27 --> Session: Class initialized using 'CodeIgniter\Session\Handlers\FileHandler' driver.
WARNING - 2025-12-13 02:56:27 --> [DEPRECATED] Creation of dynamic property App\Controllers\UserManagement::$data is deprecated in APPPATH\Controllers\BaseController.php on line 74.
 1 APPPATH\Controllers\BaseController.php(59): App\Controllers\BaseController->loadNotificationData()
 2 SYSTEMPATH\CodeIgniter.php(904): App\Controllers\BaseController->initController(Object(CodeIgniter\HTTP\IncomingRequest), Object(CodeIgniter\HTTP\Response), Object(CodeIgniter\Log\Logger))
 3 SYSTEMPATH\CodeIgniter.php(498): CodeIgniter\CodeIgniter->createController()
 4 SYSTEMPATH\CodeIgniter.php(354): CodeIgniter\CodeIgniter->handleRequest(null, Object(Config\Cache), false)
 5 SYSTEMPATH\Boot.php(363): CodeIgniter\CodeIgniter->run()
 6 SYSTEMPATH\Boot.php(68): CodeIgniter\Boot::runCodeIgniter(Object(CodeIgniter\CodeIgniter))
 7 FCPATH\index.php(59): CodeIgniter\Boot::bootWeb(Object(Config\Paths))
DEBUG - 2025-12-13 02:56:28 --> Session: Class initialized using 'CodeIgniter\Session\Handlers\FileHandler' driver.
WARNING - 2025-12-13 02:56:28 --> [DEPRECATED] Creation of dynamic property App\Controllers\UserManagement::$data is deprecated in APPPATH\Controllers\BaseController.php on line 74.
 1 APPPATH\Controllers\BaseController.php(59): App\Controllers\BaseController->loadNotificationData()
 2 SYSTEMPATH\CodeIgniter.php(904): App\Controllers\BaseController->initController(Object(CodeIgniter\HTTP\IncomingRequest), Object(CodeIgniter\HTTP\Response), Object(CodeIgniter\Log\Logger))
 3 SYSTEMPATH\CodeIgniter.php(498): CodeIgniter\CodeIgniter->createController()
 4 SYSTEMPATH\CodeIgniter.php(354): CodeIgniter\CodeIgniter->handleRequest(null, Object(Config\Cache), false)
 5 SYSTEMPATH\Boot.php(363): CodeIgniter\CodeIgniter->run()
 6 SYSTEMPATH\Boot.php(68): CodeIgniter\Boot::runCodeIgniter(Object(CodeIgniter\CodeIgniter))
 7 FCPATH\index.php(59): CodeIgniter\Boot::bootWeb(Object(Config\Paths))
DEBUG - 2025-12-13 02:56:29 --> Session: Class initialized using 'CodeIgniter\Session\Handlers\FileHandler' driver.
WARNING - 2025-12-13 02:56:29 --> [DEPRECATED] Creation of dynamic property App\Controllers\Notifications::$data is deprecated in APPPATH\Controllers\BaseController.php on line 74.
 1 APPPATH\Controllers\BaseController.php(59): App\Controllers\BaseController->loadNotificationData()
 2 SYSTEMPATH\CodeIgniter.php(904): App\Controllers\BaseController->initController(Object(CodeIgniter\HTTP\IncomingRequest), Object(CodeIgniter\HTTP\Response), Object(CodeIgniter\Log\Logger))
 3 SYSTEMPATH\CodeIgniter.php(498): CodeIgniter\CodeIgniter->createController()
 4 SYSTEMPATH\CodeIgniter.php(354): CodeIgniter\CodeIgniter->handleRequest(null, Object(Config\Cache), false)
 5 SYSTEMPATH\Boot.php(363): CodeIgniter\CodeIgniter->run()
 6 SYSTEMPATH\Boot.php(68): CodeIgniter\Boot::runCodeIgniter(Object(CodeIgniter\CodeIgniter))
 7 FCPATH\index.php(59): CodeIgniter\Boot::bootWeb(Object(Config\Paths))
DEBUG - 2025-12-13 02:56:46 --> Session: Class initialized using 'CodeIgniter\Session\Handlers\FileHandler' driver.
WARNING - 2025-12-13 02:56:46 --> [DEPRECATED] Creation of dynamic property App\Controllers\UserManagement::$data is deprecated in APPPATH\Controllers\BaseController.php on line 74.
 1 APPPATH\Controllers\BaseController.php(59): App\Controllers\BaseController->loadNotificationData()
 2 SYSTEMPATH\CodeIgniter.php(904): App\Controllers\BaseController->initController(Object(CodeIgniter\HTTP\IncomingRequest), Object(CodeIgniter\HTTP\Response), Object(CodeIgniter\Log\Logger))
 3 SYSTEMPATH\CodeIgniter.php(498): CodeIgniter\CodeIgniter->createController()
 4 SYSTEMPATH\CodeIgniter.php(354): CodeIgniter\CodeIgniter->handleRequest(null, Object(Config\Cache), false)
 5 SYSTEMPATH\Boot.php(363): CodeIgniter\CodeIgniter->run()
 6 SYSTEMPATH\Boot.php(68): CodeIgniter\Boot::runCodeIgniter(Object(CodeIgniter\CodeIgniter))
 7 FCPATH\index.php(59): CodeIgniter\Boot::bootWeb(Object(Config\Paths))
DEBUG - 2025-12-13 02:56:47 --> Session: Class initialized using 'CodeIgniter\Session\Handlers\FileHandler' driver.
WARNING - 2025-12-13 02:56:47 --> [DEPRECATED] Creation of dynamic property App\Controllers\UserManagement::$data is deprecated in APPPATH\Controllers\BaseController.php on line 74.
 1 APPPATH\Controllers\BaseController.php(59): App\Controllers\BaseController->loadNotificationData()
 2 SYSTEMPATH\CodeIgniter.php(904): App\Controllers\BaseController->initController(Object(CodeIgniter\HTTP\IncomingRequest), Object(CodeIgniter\HTTP\Response), Object(CodeIgniter\Log\Logger))
 3 SYSTEMPATH\CodeIgniter.php(498): CodeIgniter\CodeIgniter->createController()
 4 SYSTEMPATH\CodeIgniter.php(354): CodeIgniter\CodeIgniter->handleRequest(null, Object(Config\Cache), false)
 5 SYSTEMPATH\Boot.php(363): CodeIgniter\CodeIgniter->run()
 6 SYSTEMPATH\Boot.php(68): CodeIgniter\Boot::runCodeIgniter(Object(CodeIgniter\CodeIgniter))
 7 FCPATH\index.php(59): CodeIgniter\Boot::bootWeb(Object(Config\Paths))
DEBUG - 2025-12-13 02:56:47 --> Session: Class initialized using 'CodeIgniter\Session\Handlers\FileHandler' driver.
WARNING - 2025-12-13 02:56:47 --> [DEPRECATED] Creation of dynamic property App\Controllers\Notifications::$data is deprecated in APPPATH\Controllers\BaseController.php on line 74.
 1 APPPATH\Controllers\BaseController.php(59): App\Controllers\BaseController->loadNotificationData()
 2 SYSTEMPATH\CodeIgniter.php(904): App\Controllers\BaseController->initController(Object(CodeIgniter\HTTP\IncomingRequest), Object(CodeIgniter\HTTP\Response), Object(CodeIgniter\Log\Logger))
 3 SYSTEMPATH\CodeIgniter.php(498): CodeIgniter\CodeIgniter->createController()
 4 SYSTEMPATH\CodeIgniter.php(354): CodeIgniter\CodeIgniter->handleRequest(null, Object(Config\Cache), false)
 5 SYSTEMPATH\Boot.php(363): CodeIgniter\CodeIgniter->run()
 6 SYSTEMPATH\Boot.php(68): CodeIgniter\Boot::runCodeIgniter(Object(CodeIgniter\CodeIgniter))
 7 FCPATH\index.php(59): CodeIgniter\Boot::bootWeb(Object(Config\Paths))
DEBUG - 2025-12-13 02:57:20 --> Session: Class initialized using 'CodeIgniter\Session\Handlers\FileHandler' driver.
WARNING - 2025-12-13 02:57:20 --> [DEPRECATED] Creation of dynamic property App\Controllers\UserManagement::$data is deprecated in APPPATH\Controllers\BaseController.php on line 74.
 1 APPPATH\Controllers\BaseController.php(59): App\Controllers\BaseController->loadNotificationData()
 2 SYSTEMPATH\CodeIgniter.php(904): App\Controllers\BaseController->initController(Object(CodeIgniter\HTTP\IncomingRequest), Object(CodeIgniter\HTTP\Response), Object(CodeIgniter\Log\Logger))
 3 SYSTEMPATH\CodeIgniter.php(498): CodeIgniter\CodeIgniter->createController()
 4 SYSTEMPATH\CodeIgniter.php(354): CodeIgniter\CodeIgniter->handleRequest(null, Object(Config\Cache), false)
 5 SYSTEMPATH\Boot.php(363): CodeIgniter\CodeIgniter->run()
 6 SYSTEMPATH\Boot.php(68): CodeIgniter\Boot::runCodeIgniter(Object(CodeIgniter\CodeIgniter))
 7 FCPATH\index.php(59): CodeIgniter\Boot::bootWeb(Object(Config\Paths))
DEBUG - 2025-12-13 02:57:20 --> Session: Class initialized using 'CodeIgniter\Session\Handlers\FileHandler' driver.
WARNING - 2025-12-13 02:57:20 --> [DEPRECATED] Creation of dynamic property App\Controllers\UserManagement::$data is deprecated in APPPATH\Controllers\BaseController.php on line 74.
 1 APPPATH\Controllers\BaseController.php(59): App\Controllers\BaseController->loadNotificationData()
 2 SYSTEMPATH\CodeIgniter.php(904): App\Controllers\BaseController->initController(Object(CodeIgniter\HTTP\IncomingRequest), Object(CodeIgniter\HTTP\Response), Object(CodeIgniter\Log\Logger))
 3 SYSTEMPATH\CodeIgniter.php(498): CodeIgniter\CodeIgniter->createController()
 4 SYSTEMPATH\CodeIgniter.php(354): CodeIgniter\CodeIgniter->handleRequest(null, Object(Config\Cache), false)
 5 SYSTEMPATH\Boot.php(363): CodeIgniter\CodeIgniter->run()
 6 SYSTEMPATH\Boot.php(68): CodeIgniter\Boot::runCodeIgniter(Object(CodeIgniter\CodeIgniter))
 7 FCPATH\index.php(59): CodeIgniter\Boot::bootWeb(Object(Config\Paths))
DEBUG - 2025-12-13 02:57:21 --> Session: Class initialized using 'CodeIgniter\Session\Handlers\FileHandler' driver.
WARNING - 2025-12-13 02:57:21 --> [DEPRECATED] Creation of dynamic property App\Controllers\Notifications::$data is deprecated in APPPATH\Controllers\BaseController.php on line 74.
 1 APPPATH\Controllers\BaseController.php(59): App\Controllers\BaseController->loadNotificationData()
 2 SYSTEMPATH\CodeIgniter.php(904): App\Controllers\BaseController->initController(Object(CodeIgniter\HTTP\IncomingRequest), Object(CodeIgniter\HTTP\Response), Object(CodeIgniter\Log\Logger))
 3 SYSTEMPATH\CodeIgniter.php(498): CodeIgniter\CodeIgniter->createController()
 4 SYSTEMPATH\CodeIgniter.php(354): CodeIgniter\CodeIgniter->handleRequest(null, Object(Config\Cache), false)
 5 SYSTEMPATH\Boot.php(363): CodeIgniter\CodeIgniter->run()
 6 SYSTEMPATH\Boot.php(68): CodeIgniter\Boot::runCodeIgniter(Object(CodeIgniter\CodeIgniter))
 7 FCPATH\index.php(59): CodeIgniter\Boot::bootWeb(Object(Config\Paths))
DEBUG - 2025-12-13 02:57:27 --> Session: Class initialized using 'CodeIgniter\Session\Handlers\FileHandler' driver.
WARNING - 2025-12-13 02:57:27 --> [DEPRECATED] Creation of dynamic property App\Controllers\UserManagement::$data is deprecated in APPPATH\Controllers\BaseController.php on line 74.
 1 APPPATH\Controllers\BaseController.php(59): App\Controllers\BaseController->loadNotificationData()
 2 SYSTEMPATH\CodeIgniter.php(904): App\Controllers\BaseController->initController(Object(CodeIgniter\HTTP\IncomingRequest), Object(CodeIgniter\HTTP\Response), Object(CodeIgniter\Log\Logger))
 3 SYSTEMPATH\CodeIgniter.php(498): CodeIgniter\CodeIgniter->createController()
 4 SYSTEMPATH\CodeIgniter.php(354): CodeIgniter\CodeIgniter->handleRequest(null, Object(Config\Cache), false)
 5 SYSTEMPATH\Boot.php(363): CodeIgniter\CodeIgniter->run()
 6 SYSTEMPATH\Boot.php(68): CodeIgniter\Boot::runCodeIgniter(Object(CodeIgniter\CodeIgniter))
 7 FCPATH\index.php(59): CodeIgniter\Boot::bootWeb(Object(Config\Paths))
DEBUG - 2025-12-13 02:57:28 --> Session: Class initialized using 'CodeIgniter\Session\Handlers\FileHandler' driver.
WARNING - 2025-12-13 02:57:28 --> [DEPRECATED] Creation of dynamic property App\Controllers\Notifications::$data is deprecated in APPPATH\Controllers\BaseController.php on line 74.
 1 APPPATH\Controllers\BaseController.php(59): App\Controllers\BaseController->loadNotificationData()
 2 SYSTEMPATH\CodeIgniter.php(904): App\Controllers\BaseController->initController(Object(CodeIgniter\HTTP\IncomingRequest), Object(CodeIgniter\HTTP\Response), Object(CodeIgniter\Log\Logger))
 3 SYSTEMPATH\CodeIgniter.php(498): CodeIgniter\CodeIgniter->createController()
 4 SYSTEMPATH\CodeIgniter.php(354): CodeIgniter\CodeIgniter->handleRequest(null, Object(Config\Cache), false)
 5 SYSTEMPATH\Boot.php(363): CodeIgniter\CodeIgniter->run()
 6 SYSTEMPATH\Boot.php(68): CodeIgniter\Boot::runCodeIgniter(Object(CodeIgniter\CodeIgniter))
 7 FCPATH\index.php(59): CodeIgniter\Boot::bootWeb(Object(Config\Paths))
DEBUG - 2025-12-13 02:57:42 --> Session: Class initialized using 'CodeIgniter\Session\Handlers\FileHandler' driver.
WARNING - 2025-12-13 02:57:42 --> [DEPRECATED] Creation of dynamic property App\Controllers\UserManagement::$data is deprecated in APPPATH\Controllers\BaseController.php on line 74.
 1 APPPATH\Controllers\BaseController.php(59): App\Controllers\BaseController->loadNotificationData()
 2 SYSTEMPATH\CodeIgniter.php(904): App\Controllers\BaseController->initController(Object(CodeIgniter\HTTP\IncomingRequest), Object(CodeIgniter\HTTP\Response), Object(CodeIgniter\Log\Logger))
 3 SYSTEMPATH\CodeIgniter.php(498): CodeIgniter\CodeIgniter->createController()
 4 SYSTEMPATH\CodeIgniter.php(354): CodeIgniter\CodeIgniter->handleRequest(null, Object(Config\Cache), false)
 5 SYSTEMPATH\Boot.php(363): CodeIgniter\CodeIgniter->run()
 6 SYSTEMPATH\Boot.php(68): CodeIgniter\Boot::runCodeIgniter(Object(CodeIgniter\CodeIgniter))
 7 FCPATH\index.php(59): CodeIgniter\Boot::bootWeb(Object(Config\Paths))
DEBUG - 2025-12-13 02:57:42 --> Session: Class initialized using 'CodeIgniter\Session\Handlers\FileHandler' driver.
WARNING - 2025-12-13 02:57:42 --> [DEPRECATED] Creation of dynamic property App\Controllers\UserManagement::$data is deprecated in APPPATH\Controllers\BaseController.php on line 74.
 1 APPPATH\Controllers\BaseController.php(59): App\Controllers\BaseController->loadNotificationData()
 2 SYSTEMPATH\CodeIgniter.php(904): App\Controllers\BaseController->initController(Object(CodeIgniter\HTTP\IncomingRequest), Object(CodeIgniter\HTTP\Response), Object(CodeIgniter\Log\Logger))
 3 SYSTEMPATH\CodeIgniter.php(498): CodeIgniter\CodeIgniter->createController()
 4 SYSTEMPATH\CodeIgniter.php(354): CodeIgniter\CodeIgniter->handleRequest(null, Object(Config\Cache), false)
 5 SYSTEMPATH\Boot.php(363): CodeIgniter\CodeIgniter->run()
 6 SYSTEMPATH\Boot.php(68): CodeIgniter\Boot::runCodeIgniter(Object(CodeIgniter\CodeIgniter))
 7 FCPATH\index.php(59): CodeIgniter\Boot::bootWeb(Object(Config\Paths))
DEBUG - 2025-12-13 02:57:43 --> Session: Class initialized using 'CodeIgniter\Session\Handlers\FileHandler' driver.
WARNING - 2025-12-13 02:57:43 --> [DEPRECATED] Creation of dynamic property App\Controllers\Notifications::$data is deprecated in APPPATH\Controllers\BaseController.php on line 74.
 1 APPPATH\Controllers\BaseController.php(59): App\Controllers\BaseController->loadNotificationData()
 2 SYSTEMPATH\CodeIgniter.php(904): App\Controllers\BaseController->initController(Object(CodeIgniter\HTTP\IncomingRequest), Object(CodeIgniter\HTTP\Response), Object(CodeIgniter\Log\Logger))
 3 SYSTEMPATH\CodeIgniter.php(498): CodeIgniter\CodeIgniter->createController()
 4 SYSTEMPATH\CodeIgniter.php(354): CodeIgniter\CodeIgniter->handleRequest(null, Object(Config\Cache), false)
 5 SYSTEMPATH\Boot.php(363): CodeIgniter\CodeIgniter->run()
 6 SYSTEMPATH\Boot.php(68): CodeIgniter\Boot::runCodeIgniter(Object(CodeIgniter\CodeIgniter))
 7 FCPATH\index.php(59): CodeIgniter\Boot::bootWeb(Object(Config\Paths))
DEBUG - 2025-12-13 02:58:15 --> Session: Class initialized using 'CodeIgniter\Session\Handlers\FileHandler' driver.
WARNING - 2025-12-13 02:58:15 --> [DEPRECATED] Creation of dynamic property App\Controllers\Course::$data is deprecated in APPPATH\Controllers\BaseController.php on line 74.
 1 APPPATH\Controllers\BaseController.php(59): App\Controllers\BaseController->loadNotificationData()
 2 SYSTEMPATH\CodeIgniter.php(904): App\Controllers\BaseController->initController(Object(CodeIgniter\HTTP\IncomingRequest), Object(CodeIgniter\HTTP\Response), Object(CodeIgniter\Log\Logger))
 3 SYSTEMPATH\CodeIgniter.php(498): CodeIgniter\CodeIgniter->createController()
 4 SYSTEMPATH\CodeIgniter.php(354): CodeIgniter\CodeIgniter->handleRequest(null, Object(Config\Cache), false)
 5 SYSTEMPATH\Boot.php(363): CodeIgniter\CodeIgniter->run()
 6 SYSTEMPATH\Boot.php(68): CodeIgniter\Boot::runCodeIgniter(Object(CodeIgniter\CodeIgniter))
 7 FCPATH\index.php(59): CodeIgniter\Boot::bootWeb(Object(Config\Paths))
DEBUG - 2025-12-13 02:58:16 --> Session: Class initialized using 'CodeIgniter\Session\Handlers\FileHandler' driver.
WARNING - 2025-12-13 02:58:16 --> [DEPRECATED] Creation of dynamic property App\Controllers\Notifications::$data is deprecated in APPPATH\Controllers\BaseController.php on line 74.
 1 APPPATH\Controllers\BaseController.php(59): App\Controllers\BaseController->loadNotificationData()
 2 SYSTEMPATH\CodeIgniter.php(904): App\Controllers\BaseController->initController(Object(CodeIgniter\HTTP\IncomingRequest), Object(CodeIgniter\HTTP\Response), Object(CodeIgniter\Log\Logger))
 3 SYSTEMPATH\CodeIgniter.php(498): CodeIgniter\CodeIgniter->createController()
 4 SYSTEMPATH\CodeIgniter.php(354): CodeIgniter\CodeIgniter->handleRequest(null, Object(Config\Cache), false)
 5 SYSTEMPATH\Boot.php(363): CodeIgniter\CodeIgniter->run()
 6 SYSTEMPATH\Boot.php(68): CodeIgniter\Boot::runCodeIgniter(Object(CodeIgniter\CodeIgniter))
 7 FCPATH\index.php(59): CodeIgniter\Boot::bootWeb(Object(Config\Paths))
DEBUG - 2025-12-13 02:59:16 --> Session: Class initialized using 'CodeIgniter\Session\Handlers\FileHandler' driver.
WARNING - 2025-12-13 02:59:16 --> [DEPRECATED] Creation of dynamic property App\Controllers\Notifications::$data is deprecated in APPPATH\Controllers\BaseController.php on line 74.
 1 APPPATH\Controllers\BaseController.php(59): App\Controllers\BaseController->loadNotificationData()
 2 SYSTEMPATH\CodeIgniter.php(904): App\Controllers\BaseController->initController(Object(CodeIgniter\HTTP\IncomingRequest), Object(CodeIgniter\HTTP\Response), Object(CodeIgniter\Log\Logger))
 3 SYSTEMPATH\CodeIgniter.php(498): CodeIgniter\CodeIgniter->createController()
 4 SYSTEMPATH\CodeIgniter.php(354): CodeIgniter\CodeIgniter->handleRequest(null, Object(Config\Cache), false)
 5 SYSTEMPATH\Boot.php(363): CodeIgniter\CodeIgniter->run()
 6 SYSTEMPATH\Boot.php(68): CodeIgniter\Boot::runCodeIgniter(Object(CodeIgniter\CodeIgniter))
 7 FCPATH\index.php(59): CodeIgniter\Boot::bootWeb(Object(Config\Paths))
DEBUG - 2025-12-13 03:00:17 --> Session: Class initialized using 'CodeIgniter\Session\Handlers\FileHandler' driver.
WARNING - 2025-12-13 03:00:17 --> [DEPRECATED] Creation of dynamic property App\Controllers\Notifications::$data is deprecated in APPPATH\Controllers\BaseController.php on line 74.
 1 APPPATH\Controllers\BaseController.php(59): App\Controllers\BaseController->loadNotificationData()
 2 SYSTEMPATH\CodeIgniter.php(904): App\Controllers\BaseController->initController(Object(CodeIgniter\HTTP\IncomingRequest), Object(CodeIgniter\HTTP\Response), Object(CodeIgniter\Log\Logger))
 3 SYSTEMPATH\CodeIgniter.php(498): CodeIgniter\CodeIgniter->createController()
 4 SYSTEMPATH\CodeIgniter.php(354): CodeIgniter\CodeIgniter->handleRequest(null, Object(Config\Cache), false)
 5 SYSTEMPATH\Boot.php(363): CodeIgniter\CodeIgniter->run()
 6 SYSTEMPATH\Boot.php(68): CodeIgniter\Boot::runCodeIgniter(Object(CodeIgniter\CodeIgniter))
 7 FCPATH\index.php(59): CodeIgniter\Boot::bootWeb(Object(Config\Paths))
DEBUG - 2025-12-13 03:01:16 --> Session: Class initialized using 'CodeIgniter\Session\Handlers\FileHandler' driver.
WARNING - 2025-12-13 03:01:16 --> [DEPRECATED] Creation of dynamic property App\Controllers\Notifications::$data is deprecated in APPPATH\Controllers\BaseController.php on line 74.
 1 APPPATH\Controllers\BaseController.php(59): App\Controllers\BaseController->loadNotificationData()
 2 SYSTEMPATH\CodeIgniter.php(904): App\Controllers\BaseController->initController(Object(CodeIgniter\HTTP\IncomingRequest), Object(CodeIgniter\HTTP\Response), Object(CodeIgniter\Log\Logger))
 3 SYSTEMPATH\CodeIgniter.php(498): CodeIgniter\CodeIgniter->createController()
 4 SYSTEMPATH\CodeIgniter.php(354): CodeIgniter\CodeIgniter->handleRequest(null, Object(Config\Cache), false)
 5 SYSTEMPATH\Boot.php(363): CodeIgniter\CodeIgniter->run()
 6 SYSTEMPATH\Boot.php(68): CodeIgniter\Boot::runCodeIgniter(Object(CodeIgniter\CodeIgniter))
 7 FCPATH\index.php(59): CodeIgniter\Boot::bootWeb(Object(Config\Paths))
DEBUG - 2025-12-13 03:02:16 --> Session: Class initialized using 'CodeIgniter\Session\Handlers\FileHandler' driver.
WARNING - 2025-12-13 03:02:16 --> [DEPRECATED] Creation of dynamic property App\Controllers\Notifications::$data is deprecated in APPPATH\Controllers\BaseController.php on line 74.
 1 APPPATH\Controllers\BaseController.php(59): App\Controllers\BaseController->loadNotificationData()
 2 SYSTEMPATH\CodeIgniter.php(904): App\Controllers\BaseController->initController(Object(CodeIgniter\HTTP\IncomingRequest), Object(CodeIgniter\HTTP\Response), Object(CodeIgniter\Log\Logger))
 3 SYSTEMPATH\CodeIgniter.php(498): CodeIgniter\CodeIgniter->createController()
 4 SYSTEMPATH\CodeIgniter.php(354): CodeIgniter\CodeIgniter->handleRequest(null, Object(Config\Cache), false)
 5 SYSTEMPATH\Boot.php(363): CodeIgniter\CodeIgniter->run()
 6 SYSTEMPATH\Boot.php(68): CodeIgniter\Boot::runCodeIgniter(Object(CodeIgniter\CodeIgniter))
 7 FCPATH\index.php(59): CodeIgniter\Boot::bootWeb(Object(Config\Paths))
DEBUG - 2025-12-13 03:03:26 --> Session: Class initialized using 'CodeIgniter\Session\Handlers\FileHandler' driver.
WARNING - 2025-12-13 03:03:27 --> [DEPRECATED] Creation of dynamic property App\Controllers\Notifications::$data is deprecated in APPPATH\Controllers\BaseController.php on line 74.
 1 APPPATH\Controllers\BaseController.php(59): App\Controllers\BaseController->loadNotificationData()
 2 SYSTEMPATH\CodeIgniter.php(904): App\Controllers\BaseController->initController(Object(CodeIgniter\HTTP\IncomingRequest), Object(CodeIgniter\HTTP\Response), Object(CodeIgniter\Log\Logger))
 3 SYSTEMPATH\CodeIgniter.php(498): CodeIgniter\CodeIgniter->createController()
 4 SYSTEMPATH\CodeIgniter.php(354): CodeIgniter\CodeIgniter->handleRequest(null, Object(Config\Cache), false)
 5 SYSTEMPATH\Boot.php(363): CodeIgniter\CodeIgniter->run()
 6 SYSTEMPATH\Boot.php(68): CodeIgniter\Boot::runCodeIgniter(Object(CodeIgniter\CodeIgniter))
 7 FCPATH\index.php(59): CodeIgniter\Boot::bootWeb(Object(Config\Paths))
DEBUG - 2025-12-13 03:04:16 --> Session: Class initialized using 'CodeIgniter\Session\Handlers\FileHandler' driver.
WARNING - 2025-12-13 03:04:16 --> [DEPRECATED] Creation of dynamic property App\Controllers\Notifications::$data is deprecated in APPPATH\Controllers\BaseController.php on line 74.
 1 APPPATH\Controllers\BaseController.php(59): App\Controllers\BaseController->loadNotificationData()
 2 SYSTEMPATH\CodeIgniter.php(904): App\Controllers\BaseController->initController(Object(CodeIgniter\HTTP\IncomingRequest), Object(CodeIgniter\HTTP\Response), Object(CodeIgniter\Log\Logger))
 3 SYSTEMPATH\CodeIgniter.php(498): CodeIgniter\CodeIgniter->createController()
 4 SYSTEMPATH\CodeIgniter.php(354): CodeIgniter\CodeIgniter->handleRequest(null, Object(Config\Cache), false)
 5 SYSTEMPATH\Boot.php(363): CodeIgniter\CodeIgniter->run()
 6 SYSTEMPATH\Boot.php(68): CodeIgniter\Boot::runCodeIgniter(Object(CodeIgniter\CodeIgniter))
 7 FCPATH\index.php(59): CodeIgniter\Boot::bootWeb(Object(Config\Paths))
DEBUG - 2025-12-13 03:05:17 --> Session: Class initialized using 'CodeIgniter\Session\Handlers\FileHandler' driver.
WARNING - 2025-12-13 03:05:17 --> [DEPRECATED] Creation of dynamic property App\Controllers\Notifications::$data is deprecated in APPPATH\Controllers\BaseController.php on line 74.
 1 APPPATH\Controllers\BaseController.php(59): App\Controllers\BaseController->loadNotificationData()
 2 SYSTEMPATH\CodeIgniter.php(904): App\Controllers\BaseController->initController(Object(CodeIgniter\HTTP\IncomingRequest), Object(CodeIgniter\HTTP\Response), Object(CodeIgniter\Log\Logger))
 3 SYSTEMPATH\CodeIgniter.php(498): CodeIgniter\CodeIgniter->createController()
 4 SYSTEMPATH\CodeIgniter.php(354): CodeIgniter\CodeIgniter->handleRequest(null, Object(Config\Cache), false)
 5 SYSTEMPATH\Boot.php(363): CodeIgniter\CodeIgniter->run()
 6 SYSTEMPATH\Boot.php(68): CodeIgniter\Boot::runCodeIgniter(Object(CodeIgniter\CodeIgniter))
 7 FCPATH\index.php(59): CodeIgniter\Boot::bootWeb(Object(Config\Paths))
DEBUG - 2025-12-13 03:06:18 --> Session: Class initialized using 'CodeIgniter\Session\Handlers\FileHandler' driver.
WARNING - 2025-12-13 03:06:18 --> [DEPRECATED] Creation of dynamic property App\Controllers\Notifications::$data is deprecated in APPPATH\Controllers\BaseController.php on line 74.
 1 APPPATH\Controllers\BaseController.php(59): App\Controllers\BaseController->loadNotificationData()
 2 SYSTEMPATH\CodeIgniter.php(904): App\Controllers\BaseController->initController(Object(CodeIgniter\HTTP\IncomingRequest), Object(CodeIgniter\HTTP\Response), Object(CodeIgniter\Log\Logger))
 3 SYSTEMPATH\CodeIgniter.php(498): CodeIgniter\CodeIgniter->createController()
 4 SYSTEMPATH\CodeIgniter.php(354): CodeIgniter\CodeIgniter->handleRequest(null, Object(Config\Cache), false)
 5 SYSTEMPATH\Boot.php(363): CodeIgniter\CodeIgniter->run()
 6 SYSTEMPATH\Boot.php(68): CodeIgniter\Boot::runCodeIgniter(Object(CodeIgniter\CodeIgniter))
 7 FCPATH\index.php(59): CodeIgniter\Boot::bootWeb(Object(Config\Paths))
DEBUG - 2025-12-13 03:06:38 --> Session: Class initialized using 'CodeIgniter\Session\Handlers\FileHandler' driver.
WARNING - 2025-12-13 03:06:38 --> [DEPRECATED] Creation of dynamic property App\Controllers\Auth::$data is deprecated in APPPATH\Controllers\BaseController.php on line 74.
 1 APPPATH\Controllers\BaseController.php(59): App\Controllers\BaseController->loadNotificationData()
 2 SYSTEMPATH\CodeIgniter.php(904): App\Controllers\BaseController->initController(Object(CodeIgniter\HTTP\IncomingRequest), Object(CodeIgniter\HTTP\Response), Object(CodeIgniter\Log\Logger))
 3 SYSTEMPATH\CodeIgniter.php(498): CodeIgniter\CodeIgniter->createController()
 4 SYSTEMPATH\CodeIgniter.php(354): CodeIgniter\CodeIgniter->handleRequest(null, Object(Config\Cache), false)
 5 SYSTEMPATH\Boot.php(363): CodeIgniter\CodeIgniter->run()
 6 SYSTEMPATH\Boot.php(68): CodeIgniter\Boot::runCodeIgniter(Object(CodeIgniter\CodeIgniter))
 7 FCPATH\index.php(59): CodeIgniter\Boot::bootWeb(Object(Config\Paths))
DEBUG - 2025-12-13 03:06:41 --> Session: Class initialized using 'CodeIgniter\Session\Handlers\FileHandler' driver.
WARNING - 2025-12-13 03:06:41 --> [DEPRECATED] Creation of dynamic property App\Controllers\Auth::$data is deprecated in APPPATH\Controllers\BaseController.php on line 74.
 1 APPPATH\Controllers\BaseController.php(59): App\Controllers\BaseController->loadNotificationData()
 2 SYSTEMPATH\CodeIgniter.php(904): App\Controllers\BaseController->initController(Object(CodeIgniter\HTTP\IncomingRequest), Object(CodeIgniter\HTTP\Response), Object(CodeIgniter\Log\Logger))
 3 SYSTEMPATH\CodeIgniter.php(498): CodeIgniter\CodeIgniter->createController()
 4 SYSTEMPATH\CodeIgniter.php(354): CodeIgniter\CodeIgniter->handleRequest(null, Object(Config\Cache), false)
 5 SYSTEMPATH\Boot.php(363): CodeIgniter\CodeIgniter->run()
 6 SYSTEMPATH\Boot.php(68): CodeIgniter\Boot::runCodeIgniter(Object(CodeIgniter\CodeIgniter))
 7 FCPATH\index.php(59): CodeIgniter\Boot::bootWeb(Object(Config\Paths))
WARNING - 2025-12-13 03:06:42 --> [DEPRECATED] strtotime(): Passing null to parameter #1 ($datetime) of type string is deprecated in APPPATH\Views\auth\dashboard.php on line 102.
 1 APPPATH\Views\auth\dashboard.php(102): strtotime(null)
 2 SYSTEMPATH\View\View.php(226): include('C:\\xampp\\htdocs\\ITE311-MORIL\\app\\Views\\auth\\dashboard.php')
 3 SYSTEMPATH\View\View.php(229): CodeIgniter\View\View->CodeIgniter\View\{closure}()
 4 SYSTEMPATH\Common.php(1167): CodeIgniter\View\View->render('auth/dashboard', [], true)
 5 APPPATH\Controllers\Auth.php(357): view('auth/dashboard', [...])
 6 SYSTEMPATH\CodeIgniter.php(933): App\Controllers\Auth->dashboard()
 7 SYSTEMPATH\CodeIgniter.php(507): CodeIgniter\CodeIgniter->runController(Object(App\Controllers\Auth))
 8 SYSTEMPATH\CodeIgniter.php(354): CodeIgniter\CodeIgniter->handleRequest(null, Object(Config\Cache), false)
 9 SYSTEMPATH\Boot.php(363): CodeIgniter\CodeIgniter->run()
10 SYSTEMPATH\Boot.php(68): CodeIgniter\Boot::runCodeIgniter(Object(CodeIgniter\CodeIgniter))
11 FCPATH\index.php(59): CodeIgniter\Boot::bootWeb(Object(Config\Paths))
WARNING - 2025-12-13 03:06:42 --> [DEPRECATED] strtotime(): Passing null to parameter #1 ($datetime) of type string is deprecated in APPPATH\Views\auth\dashboard.php on line 102.
 1 APPPATH\Views\auth\dashboard.php(102): strtotime(null)
 2 SYSTEMPATH\View\View.php(226): include('C:\\xampp\\htdocs\\ITE311-MORIL\\app\\Views\\auth\\dashboard.php')
 3 SYSTEMPATH\View\View.php(229): CodeIgniter\View\View->CodeIgniter\View\{closure}()
 4 SYSTEMPATH\Common.php(1167): CodeIgniter\View\View->render('auth/dashboard', [], true)
 5 APPPATH\Controllers\Auth.php(357): view('auth/dashboard', [...])
 6 SYSTEMPATH\CodeIgniter.php(933): App\Controllers\Auth->dashboard()
 7 SYSTEMPATH\CodeIgniter.php(507): CodeIgniter\CodeIgniter->runController(Object(App\Controllers\Auth))
 8 SYSTEMPATH\CodeIgniter.php(354): CodeIgniter\CodeIgniter->handleRequest(null, Object(Config\Cache), false)
 9 SYSTEMPATH\Boot.php(363): CodeIgniter\CodeIgniter->run()
10 SYSTEMPATH\Boot.php(68): CodeIgniter\Boot::runCodeIgniter(Object(CodeIgniter\CodeIgniter))
11 FCPATH\index.php(59): CodeIgniter\Boot::bootWeb(Object(Config\Paths))
DEBUG - 2025-12-13 03:06:44 --> Session: Class initialized using 'CodeIgniter\Session\Handlers\FileHandler' driver.
WARNING - 2025-12-13 03:06:44 --> [DEPRECATED] Creation of dynamic property App\Controllers\Notifications::$data is deprecated in APPPATH\Controllers\BaseController.php on line 74.
 1 APPPATH\Controllers\BaseController.php(59): App\Controllers\BaseController->loadNotificationData()
 2 SYSTEMPATH\CodeIgniter.php(904): App\Controllers\BaseController->initController(Object(CodeIgniter\HTTP\IncomingRequest), Object(CodeIgniter\HTTP\Response), Object(CodeIgniter\Log\Logger))
 3 SYSTEMPATH\CodeIgniter.php(498): CodeIgniter\CodeIgniter->createController()
 4 SYSTEMPATH\CodeIgniter.php(354): CodeIgniter\CodeIgniter->handleRequest(null, Object(Config\Cache), false)
 5 SYSTEMPATH\Boot.php(363): CodeIgniter\CodeIgniter->run()
 6 SYSTEMPATH\Boot.php(68): CodeIgniter\Boot::runCodeIgniter(Object(CodeIgniter\CodeIgniter))
 7 FCPATH\index.php(59): CodeIgniter\Boot::bootWeb(Object(Config\Paths))
DEBUG - 2025-12-13 03:07:16 --> Session: Class initialized using 'CodeIgniter\Session\Handlers\FileHandler' driver.
WARNING - 2025-12-13 03:07:16 --> [DEPRECATED] Creation of dynamic property App\Controllers\Notifications::$data is deprecated in APPPATH\Controllers\BaseController.php on line 74.
 1 APPPATH\Controllers\BaseController.php(59): App\Controllers\BaseController->loadNotificationData()
 2 SYSTEMPATH\CodeIgniter.php(904): App\Controllers\BaseController->initController(Object(CodeIgniter\HTTP\IncomingRequest), Object(CodeIgniter\HTTP\Response), Object(CodeIgniter\Log\Logger))
 3 SYSTEMPATH\CodeIgniter.php(498): CodeIgniter\CodeIgniter->createController()
 4 SYSTEMPATH\CodeIgniter.php(354): CodeIgniter\CodeIgniter->handleRequest(null, Object(Config\Cache), false)
 5 SYSTEMPATH\Boot.php(363): CodeIgniter\CodeIgniter->run()
 6 SYSTEMPATH\Boot.php(68): CodeIgniter\Boot::runCodeIgniter(Object(CodeIgniter\CodeIgniter))
 7 FCPATH\index.php(59): CodeIgniter\Boot::bootWeb(Object(Config\Paths))
DEBUG - 2025-12-13 03:08:17 --> Session: Class initialized using 'CodeIgniter\Session\Handlers\FileHandler' driver.
WARNING - 2025-12-13 03:08:17 --> [DEPRECATED] Creation of dynamic property App\Controllers\Notifications::$data is deprecated in APPPATH\Controllers\BaseController.php on line 74.
 1 APPPATH\Controllers\BaseController.php(59): App\Controllers\BaseController->loadNotificationData()
 2 SYSTEMPATH\CodeIgniter.php(904): App\Controllers\BaseController->initController(Object(CodeIgniter\HTTP\IncomingRequest), Object(CodeIgniter\HTTP\Response), Object(CodeIgniter\Log\Logger))
 3 SYSTEMPATH\CodeIgniter.php(498): CodeIgniter\CodeIgniter->createController()
 4 SYSTEMPATH\CodeIgniter.php(354): CodeIgniter\CodeIgniter->handleRequest(null, Object(Config\Cache), false)
 5 SYSTEMPATH\Boot.php(363): CodeIgniter\CodeIgniter->run()
 6 SYSTEMPATH\Boot.php(68): CodeIgniter\Boot::runCodeIgniter(Object(CodeIgniter\CodeIgniter))
 7 FCPATH\index.php(59): CodeIgniter\Boot::bootWeb(Object(Config\Paths))
DEBUG - 2025-12-13 03:09:18 --> Session: Class initialized using 'CodeIgniter\Session\Handlers\FileHandler' driver.
WARNING - 2025-12-13 03:09:18 --> [DEPRECATED] Creation of dynamic property App\Controllers\Notifications::$data is deprecated in APPPATH\Controllers\BaseController.php on line 74.
 1 APPPATH\Controllers\BaseController.php(59): App\Controllers\BaseController->loadNotificationData()
 2 SYSTEMPATH\CodeIgniter.php(904): App\Controllers\BaseController->initController(Object(CodeIgniter\HTTP\IncomingRequest), Object(CodeIgniter\HTTP\Response), Object(CodeIgniter\Log\Logger))
 3 SYSTEMPATH\CodeIgniter.php(498): CodeIgniter\CodeIgniter->createController()
 4 SYSTEMPATH\CodeIgniter.php(354): CodeIgniter\CodeIgniter->handleRequest(null, Object(Config\Cache), false)
 5 SYSTEMPATH\Boot.php(363): CodeIgniter\CodeIgniter->run()
 6 SYSTEMPATH\Boot.php(68): CodeIgniter\Boot::runCodeIgniter(Object(CodeIgniter\CodeIgniter))
 7 FCPATH\index.php(59): CodeIgniter\Boot::bootWeb(Object(Config\Paths))
DEBUG - 2025-12-13 03:10:19 --> Session: Class initialized using 'CodeIgniter\Session\Handlers\FileHandler' driver.
WARNING - 2025-12-13 03:10:19 --> [DEPRECATED] Creation of dynamic property App\Controllers\Notifications::$data is deprecated in APPPATH\Controllers\BaseController.php on line 74.
 1 APPPATH\Controllers\BaseController.php(59): App\Controllers\BaseController->loadNotificationData()
 2 SYSTEMPATH\CodeIgniter.php(904): App\Controllers\BaseController->initController(Object(CodeIgniter\HTTP\IncomingRequest), Object(CodeIgniter\HTTP\Response), Object(CodeIgniter\Log\Logger))
 3 SYSTEMPATH\CodeIgniter.php(498): CodeIgniter\CodeIgniter->createController()
 4 SYSTEMPATH\CodeIgniter.php(354): CodeIgniter\CodeIgniter->handleRequest(null, Object(Config\Cache), false)
 5 SYSTEMPATH\Boot.php(363): CodeIgniter\CodeIgniter->run()
 6 SYSTEMPATH\Boot.php(68): CodeIgniter\Boot::runCodeIgniter(Object(CodeIgniter\CodeIgniter))
 7 FCPATH\index.php(59): CodeIgniter\Boot::bootWeb(Object(Config\Paths))
DEBUG - 2025-12-13 03:11:20 --> Session: Class initialized using 'CodeIgniter\Session\Handlers\FileHandler' driver.
WARNING - 2025-12-13 03:11:21 --> [DEPRECATED] Creation of dynamic property App\Controllers\Notifications::$data is deprecated in APPPATH\Controllers\BaseController.php on line 74.
 1 APPPATH\Controllers\BaseController.php(59): App\Controllers\BaseController->loadNotificationData()
 2 SYSTEMPATH\CodeIgniter.php(904): App\Controllers\BaseController->initController(Object(CodeIgniter\HTTP\IncomingRequest), Object(CodeIgniter\HTTP\Response), Object(CodeIgniter\Log\Logger))
 3 SYSTEMPATH\CodeIgniter.php(498): CodeIgniter\CodeIgniter->createController()
 4 SYSTEMPATH\CodeIgniter.php(354): CodeIgniter\CodeIgniter->handleRequest(null, Object(Config\Cache), false)
 5 SYSTEMPATH\Boot.php(363): CodeIgniter\CodeIgniter->run()
 6 SYSTEMPATH\Boot.php(68): CodeIgniter\Boot::runCodeIgniter(Object(CodeIgniter\CodeIgniter))
 7 FCPATH\index.php(59): CodeIgniter\Boot::bootWeb(Object(Config\Paths))
DEBUG - 2025-12-13 03:11:26 --> Session: Class initialized using 'CodeIgniter\Session\Handlers\FileHandler' driver.
WARNING - 2025-12-13 03:11:26 --> [DEPRECATED] Creation of dynamic property App\Controllers\UserManagement::$data is deprecated in APPPATH\Controllers\BaseController.php on line 74.
 1 APPPATH\Controllers\BaseController.php(59): App\Controllers\BaseController->loadNotificationData()
 2 SYSTEMPATH\CodeIgniter.php(904): App\Controllers\BaseController->initController(Object(CodeIgniter\HTTP\IncomingRequest), Object(CodeIgniter\HTTP\Response), Object(CodeIgniter\Log\Logger))
 3 SYSTEMPATH\CodeIgniter.php(498): CodeIgniter\CodeIgniter->createController()
 4 SYSTEMPATH\CodeIgniter.php(354): CodeIgniter\CodeIgniter->handleRequest(null, Object(Config\Cache), false)
 5 SYSTEMPATH\Boot.php(363): CodeIgniter\CodeIgniter->run()
 6 SYSTEMPATH\Boot.php(68): CodeIgniter\Boot::runCodeIgniter(Object(CodeIgniter\CodeIgniter))
 7 FCPATH\index.php(59): CodeIgniter\Boot::bootWeb(Object(Config\Paths))
DEBUG - 2025-12-13 03:11:27 --> Session: Class initialized using 'CodeIgniter\Session\Handlers\FileHandler' driver.
WARNING - 2025-12-13 03:11:27 --> [DEPRECATED] Creation of dynamic property App\Controllers\Notifications::$data is deprecated in APPPATH\Controllers\BaseController.php on line 74.
 1 APPPATH\Controllers\BaseController.php(59): App\Controllers\BaseController->loadNotificationData()
 2 SYSTEMPATH\CodeIgniter.php(904): App\Controllers\BaseController->initController(Object(CodeIgniter\HTTP\IncomingRequest), Object(CodeIgniter\HTTP\Response), Object(CodeIgniter\Log\Logger))
 3 SYSTEMPATH\CodeIgniter.php(498): CodeIgniter\CodeIgniter->createController()
 4 SYSTEMPATH\CodeIgniter.php(354): CodeIgniter\CodeIgniter->handleRequest(null, Object(Config\Cache), false)
 5 SYSTEMPATH\Boot.php(363): CodeIgniter\CodeIgniter->run()
 6 SYSTEMPATH\Boot.php(68): CodeIgniter\Boot::runCodeIgniter(Object(CodeIgniter\CodeIgniter))
 7 FCPATH\index.php(59): CodeIgniter\Boot::bootWeb(Object(Config\Paths))
DEBUG - 2025-12-13 03:11:30 --> Session: Class initialized using 'CodeIgniter\Session\Handlers\FileHandler' driver.
WARNING - 2025-12-13 03:11:30 --> [DEPRECATED] Creation of dynamic property App\Controllers\UserManagement::$data is deprecated in APPPATH\Controllers\BaseController.php on line 74.
 1 APPPATH\Controllers\BaseController.php(59): App\Controllers\BaseController->loadNotificationData()
 2 SYSTEMPATH\CodeIgniter.php(904): App\Controllers\BaseController->initController(Object(CodeIgniter\HTTP\IncomingRequest), Object(CodeIgniter\HTTP\Response), Object(CodeIgniter\Log\Logger))
 3 SYSTEMPATH\CodeIgniter.php(498): CodeIgniter\CodeIgniter->createController()
 4 SYSTEMPATH\CodeIgniter.php(354): CodeIgniter\CodeIgniter->handleRequest(null, Object(Config\Cache), false)
 5 SYSTEMPATH\Boot.php(363): CodeIgniter\CodeIgniter->run()
 6 SYSTEMPATH\Boot.php(68): CodeIgniter\Boot::runCodeIgniter(Object(CodeIgniter\CodeIgniter))
 7 FCPATH\index.php(59): CodeIgniter\Boot::bootWeb(Object(Config\Paths))
DEBUG - 2025-12-13 03:11:31 --> Session: Class initialized using 'CodeIgniter\Session\Handlers\FileHandler' driver.
WARNING - 2025-12-13 03:11:31 --> [DEPRECATED] Creation of dynamic property App\Controllers\Notifications::$data is deprecated in APPPATH\Controllers\BaseController.php on line 74.
 1 APPPATH\Controllers\BaseController.php(59): App\Controllers\BaseController->loadNotificationData()
 2 SYSTEMPATH\CodeIgniter.php(904): App\Controllers\BaseController->initController(Object(CodeIgniter\HTTP\IncomingRequest), Object(CodeIgniter\HTTP\Response), Object(CodeIgniter\Log\Logger))
 3 SYSTEMPATH\CodeIgniter.php(498): CodeIgniter\CodeIgniter->createController()
 4 SYSTEMPATH\CodeIgniter.php(354): CodeIgniter\CodeIgniter->handleRequest(null, Object(Config\Cache), false)
 5 SYSTEMPATH\Boot.php(363): CodeIgniter\CodeIgniter->run()
 6 SYSTEMPATH\Boot.php(68): CodeIgniter\Boot::runCodeIgniter(Object(CodeIgniter\CodeIgniter))
 7 FCPATH\index.php(59): CodeIgniter\Boot::bootWeb(Object(Config\Paths))
DEBUG - 2025-12-13 03:11:37 --> Session: Class initialized using 'CodeIgniter\Session\Handlers\FileHandler' driver.
WARNING - 2025-12-13 03:11:37 --> [DEPRECATED] Creation of dynamic property App\Controllers\Course::$data is deprecated in APPPATH\Controllers\BaseController.php on line 74.
 1 APPPATH\Controllers\BaseController.php(59): App\Controllers\BaseController->loadNotificationData()
 2 SYSTEMPATH\CodeIgniter.php(904): App\Controllers\BaseController->initController(Object(CodeIgniter\HTTP\IncomingRequest), Object(CodeIgniter\HTTP\Response), Object(CodeIgniter\Log\Logger))
 3 SYSTEMPATH\CodeIgniter.php(498): CodeIgniter\CodeIgniter->createController()
 4 SYSTEMPATH\CodeIgniter.php(354): CodeIgniter\CodeIgniter->handleRequest(null, Object(Config\Cache), false)
 5 SYSTEMPATH\Boot.php(363): CodeIgniter\CodeIgniter->run()
 6 SYSTEMPATH\Boot.php(68): CodeIgniter\Boot::runCodeIgniter(Object(CodeIgniter\CodeIgniter))
 7 FCPATH\index.php(59): CodeIgniter\Boot::bootWeb(Object(Config\Paths))
DEBUG - 2025-12-13 03:11:38 --> Session: Class initialized using 'CodeIgniter\Session\Handlers\FileHandler' driver.
WARNING - 2025-12-13 03:11:38 --> [DEPRECATED] Creation of dynamic property App\Controllers\Notifications::$data is deprecated in APPPATH\Controllers\BaseController.php on line 74.
 1 APPPATH\Controllers\BaseController.php(59): App\Controllers\BaseController->loadNotificationData()
 2 SYSTEMPATH\CodeIgniter.php(904): App\Controllers\BaseController->initController(Object(CodeIgniter\HTTP\IncomingRequest), Object(CodeIgniter\HTTP\Response), Object(CodeIgniter\Log\Logger))
 3 SYSTEMPATH\CodeIgniter.php(498): CodeIgniter\CodeIgniter->createController()
 4 SYSTEMPATH\CodeIgniter.php(354): CodeIgniter\CodeIgniter->handleRequest(null, Object(Config\Cache), false)
 5 SYSTEMPATH\Boot.php(363): CodeIgniter\CodeIgniter->run()
 6 SYSTEMPATH\Boot.php(68): CodeIgniter\Boot::runCodeIgniter(Object(CodeIgniter\CodeIgniter))
 7 FCPATH\index.php(59): CodeIgniter\Boot::bootWeb(Object(Config\Paths))
DEBUG - 2025-12-13 03:12:38 --> Session: Class initialized using 'CodeIgniter\Session\Handlers\FileHandler' driver.
WARNING - 2025-12-13 03:12:38 --> [DEPRECATED] Creation of dynamic property App\Controllers\Notifications::$data is deprecated in APPPATH\Controllers\BaseController.php on line 74.
 1 APPPATH\Controllers\BaseController.php(59): App\Controllers\BaseController->loadNotificationData()
 2 SYSTEMPATH\CodeIgniter.php(904): App\Controllers\BaseController->initController(Object(CodeIgniter\HTTP\IncomingRequest), Object(CodeIgniter\HTTP\Response), Object(CodeIgniter\Log\Logger))
 3 SYSTEMPATH\CodeIgniter.php(498): CodeIgniter\CodeIgniter->createController()
 4 SYSTEMPATH\CodeIgniter.php(354): CodeIgniter\CodeIgniter->handleRequest(null, Object(Config\Cache), false)
 5 SYSTEMPATH\Boot.php(363): CodeIgniter\CodeIgniter->run()
 6 SYSTEMPATH\Boot.php(68): CodeIgniter\Boot::runCodeIgniter(Object(CodeIgniter\CodeIgniter))
 7 FCPATH\index.php(59): CodeIgniter\Boot::bootWeb(Object(Config\Paths))
DEBUG - 2025-12-13 03:13:38 --> Session: Class initialized using 'CodeIgniter\Session\Handlers\FileHandler' driver.
WARNING - 2025-12-13 03:13:38 --> [DEPRECATED] Creation of dynamic property App\Controllers\Notifications::$data is deprecated in APPPATH\Controllers\BaseController.php on line 74.
 1 APPPATH\Controllers\BaseController.php(59): App\Controllers\BaseController->loadNotificationData()
 2 SYSTEMPATH\CodeIgniter.php(904): App\Controllers\BaseController->initController(Object(CodeIgniter\HTTP\IncomingRequest), Object(CodeIgniter\HTTP\Response), Object(CodeIgniter\Log\Logger))
 3 SYSTEMPATH\CodeIgniter.php(498): CodeIgniter\CodeIgniter->createController()
 4 SYSTEMPATH\CodeIgniter.php(354): CodeIgniter\CodeIgniter->handleRequest(null, Object(Config\Cache), false)
 5 SYSTEMPATH\Boot.php(363): CodeIgniter\CodeIgniter->run()
 6 SYSTEMPATH\Boot.php(68): CodeIgniter\Boot::runCodeIgniter(Object(CodeIgniter\CodeIgniter))
 7 FCPATH\index.php(59): CodeIgniter\Boot::bootWeb(Object(Config\Paths))
DEBUG - 2025-12-13 03:14:32 --> Session: Class initialized using 'CodeIgniter\Session\Handlers\FileHandler' driver.
WARNING - 2025-12-13 03:14:32 --> [DEPRECATED] Creation of dynamic property App\Controllers\UserManagement::$data is deprecated in APPPATH\Controllers\BaseController.php on line 74.
 1 APPPATH\Controllers\BaseController.php(59): App\Controllers\BaseController->loadNotificationData()
 2 SYSTEMPATH\CodeIgniter.php(904): App\Controllers\BaseController->initController(Object(CodeIgniter\HTTP\IncomingRequest), Object(CodeIgniter\HTTP\Response), Object(CodeIgniter\Log\Logger))
 3 SYSTEMPATH\CodeIgniter.php(498): CodeIgniter\CodeIgniter->createController()
 4 SYSTEMPATH\CodeIgniter.php(354): CodeIgniter\CodeIgniter->handleRequest(null, Object(Config\Cache), false)
 5 SYSTEMPATH\Boot.php(363): CodeIgniter\CodeIgniter->run()
 6 SYSTEMPATH\Boot.php(68): CodeIgniter\Boot::runCodeIgniter(Object(CodeIgniter\CodeIgniter))
 7 FCPATH\index.php(59): CodeIgniter\Boot::bootWeb(Object(Config\Paths))
DEBUG - 2025-12-13 03:14:33 --> Session: Class initialized using 'CodeIgniter\Session\Handlers\FileHandler' driver.
WARNING - 2025-12-13 03:14:33 --> [DEPRECATED] Creation of dynamic property App\Controllers\Notifications::$data is deprecated in APPPATH\Controllers\BaseController.php on line 74.
 1 APPPATH\Controllers\BaseController.php(59): App\Controllers\BaseController->loadNotificationData()
 2 SYSTEMPATH\CodeIgniter.php(904): App\Controllers\BaseController->initController(Object(CodeIgniter\HTTP\IncomingRequest), Object(CodeIgniter\HTTP\Response), Object(CodeIgniter\Log\Logger))
 3 SYSTEMPATH\CodeIgniter.php(498): CodeIgniter\CodeIgniter->createController()
 4 SYSTEMPATH\CodeIgniter.php(354): CodeIgniter\CodeIgniter->handleRequest(null, Object(Config\Cache), false)
 5 SYSTEMPATH\Boot.php(363): CodeIgniter\CodeIgniter->run()
 6 SYSTEMPATH\Boot.php(68): CodeIgniter\Boot::runCodeIgniter(Object(CodeIgniter\CodeIgniter))
 7 FCPATH\index.php(59): CodeIgniter\Boot::bootWeb(Object(Config\Paths))
DEBUG - 2025-12-13 03:14:37 --> Session: Class initialized using 'CodeIgniter\Session\Handlers\FileHandler' driver.
WARNING - 2025-12-13 03:14:37 --> [DEPRECATED] Creation of dynamic property App\Controllers\Course::$data is deprecated in APPPATH\Controllers\BaseController.php on line 74.
 1 APPPATH\Controllers\BaseController.php(59): App\Controllers\BaseController->loadNotificationData()
 2 SYSTEMPATH\CodeIgniter.php(904): App\Controllers\BaseController->initController(Object(CodeIgniter\HTTP\IncomingRequest), Object(CodeIgniter\HTTP\Response), Object(CodeIgniter\Log\Logger))
 3 SYSTEMPATH\CodeIgniter.php(498): CodeIgniter\CodeIgniter->createController()
 4 SYSTEMPATH\CodeIgniter.php(354): CodeIgniter\CodeIgniter->handleRequest(null, Object(Config\Cache), false)
 5 SYSTEMPATH\Boot.php(363): CodeIgniter\CodeIgniter->run()
 6 SYSTEMPATH\Boot.php(68): CodeIgniter\Boot::runCodeIgniter(Object(CodeIgniter\CodeIgniter))
 7 FCPATH\index.php(59): CodeIgniter\Boot::bootWeb(Object(Config\Paths))
DEBUG - 2025-12-13 03:14:37 --> Session: Class initialized using 'CodeIgniter\Session\Handlers\FileHandler' driver.
WARNING - 2025-12-13 03:14:37 --> [DEPRECATED] Creation of dynamic property App\Controllers\Notifications::$data is deprecated in APPPATH\Controllers\BaseController.php on line 74.
 1 APPPATH\Controllers\BaseController.php(59): App\Controllers\BaseController->loadNotificationData()
 2 SYSTEMPATH\CodeIgniter.php(904): App\Controllers\BaseController->initController(Object(CodeIgniter\HTTP\IncomingRequest), Object(CodeIgniter\HTTP\Response), Object(CodeIgniter\Log\Logger))
 3 SYSTEMPATH\CodeIgniter.php(498): CodeIgniter\CodeIgniter->createController()
 4 SYSTEMPATH\CodeIgniter.php(354): CodeIgniter\CodeIgniter->handleRequest(null, Object(Config\Cache), false)
 5 SYSTEMPATH\Boot.php(363): CodeIgniter\CodeIgniter->run()
 6 SYSTEMPATH\Boot.php(68): CodeIgniter\Boot::runCodeIgniter(Object(CodeIgniter\CodeIgniter))
 7 FCPATH\index.php(59): CodeIgniter\Boot::bootWeb(Object(Config\Paths))
DEBUG - 2025-12-13 03:15:16 --> Session: Class initialized using 'CodeIgniter\Session\Handlers\FileHandler' driver.
WARNING - 2025-12-13 03:15:16 --> [DEPRECATED] Creation of dynamic property App\Controllers\UserManagement::$data is deprecated in APPPATH\Controllers\BaseController.php on line 74.
 1 APPPATH\Controllers\BaseController.php(59): App\Controllers\BaseController->loadNotificationData()
 2 SYSTEMPATH\CodeIgniter.php(904): App\Controllers\BaseController->initController(Object(CodeIgniter\HTTP\IncomingRequest), Object(CodeIgniter\HTTP\Response), Object(CodeIgniter\Log\Logger))
 3 SYSTEMPATH\CodeIgniter.php(498): CodeIgniter\CodeIgniter->createController()
 4 SYSTEMPATH\CodeIgniter.php(354): CodeIgniter\CodeIgniter->handleRequest(null, Object(Config\Cache), false)
 5 SYSTEMPATH\Boot.php(363): CodeIgniter\CodeIgniter->run()
 6 SYSTEMPATH\Boot.php(68): CodeIgniter\Boot::runCodeIgniter(Object(CodeIgniter\CodeIgniter))
 7 FCPATH\index.php(59): CodeIgniter\Boot::bootWeb(Object(Config\Paths))
DEBUG - 2025-12-13 03:15:17 --> Session: Class initialized using 'CodeIgniter\Session\Handlers\FileHandler' driver.
WARNING - 2025-12-13 03:15:17 --> [DEPRECATED] Creation of dynamic property App\Controllers\Notifications::$data is deprecated in APPPATH\Controllers\BaseController.php on line 74.
 1 APPPATH\Controllers\BaseController.php(59): App\Controllers\BaseController->loadNotificationData()
 2 SYSTEMPATH\CodeIgniter.php(904): App\Controllers\BaseController->initController(Object(CodeIgniter\HTTP\IncomingRequest), Object(CodeIgniter\HTTP\Response), Object(CodeIgniter\Log\Logger))
 3 SYSTEMPATH\CodeIgniter.php(498): CodeIgniter\CodeIgniter->createController()
 4 SYSTEMPATH\CodeIgniter.php(354): CodeIgniter\CodeIgniter->handleRequest(null, Object(Config\Cache), false)
 5 SYSTEMPATH\Boot.php(363): CodeIgniter\CodeIgniter->run()
 6 SYSTEMPATH\Boot.php(68): CodeIgniter\Boot::runCodeIgniter(Object(CodeIgniter\CodeIgniter))
 7 FCPATH\index.php(59): CodeIgniter\Boot::bootWeb(Object(Config\Paths))
DEBUG - 2025-12-13 03:16:02 --> Session: Class initialized using 'CodeIgniter\Session\Handlers\FileHandler' driver.
WARNING - 2025-12-13 03:16:02 --> [DEPRECATED] Creation of dynamic property App\Controllers\Course::$data is deprecated in APPPATH\Controllers\BaseController.php on line 74.
 1 APPPATH\Controllers\BaseController.php(59): App\Controllers\BaseController->loadNotificationData()
 2 SYSTEMPATH\CodeIgniter.php(904): App\Controllers\BaseController->initController(Object(CodeIgniter\HTTP\IncomingRequest), Object(CodeIgniter\HTTP\Response), Object(CodeIgniter\Log\Logger))
 3 SYSTEMPATH\CodeIgniter.php(498): CodeIgniter\CodeIgniter->createController()
 4 SYSTEMPATH\CodeIgniter.php(354): CodeIgniter\CodeIgniter->handleRequest(null, Object(Config\Cache), false)
 5 SYSTEMPATH\Boot.php(363): CodeIgniter\CodeIgniter->run()
 6 SYSTEMPATH\Boot.php(68): CodeIgniter\Boot::runCodeIgniter(Object(CodeIgniter\CodeIgniter))
 7 FCPATH\index.php(59): CodeIgniter\Boot::bootWeb(Object(Config\Paths))
DEBUG - 2025-12-13 03:16:02 --> Session: Class initialized using 'CodeIgniter\Session\Handlers\FileHandler' driver.
WARNING - 2025-12-13 03:16:02 --> [DEPRECATED] Creation of dynamic property App\Controllers\Notifications::$data is deprecated in APPPATH\Controllers\BaseController.php on line 74.
 1 APPPATH\Controllers\BaseController.php(59): App\Controllers\BaseController->loadNotificationData()
 2 SYSTEMPATH\CodeIgniter.php(904): App\Controllers\BaseController->initController(Object(CodeIgniter\HTTP\IncomingRequest), Object(CodeIgniter\HTTP\Response), Object(CodeIgniter\Log\Logger))
 3 SYSTEMPATH\CodeIgniter.php(498): CodeIgniter\CodeIgniter->createController()
 4 SYSTEMPATH\CodeIgniter.php(354): CodeIgniter\CodeIgniter->handleRequest(null, Object(Config\Cache), false)
 5 SYSTEMPATH\Boot.php(363): CodeIgniter\CodeIgniter->run()
 6 SYSTEMPATH\Boot.php(68): CodeIgniter\Boot::runCodeIgniter(Object(CodeIgniter\CodeIgniter))
 7 FCPATH\index.php(59): CodeIgniter\Boot::bootWeb(Object(Config\Paths))
DEBUG - 2025-12-13 03:16:08 --> Session: Class initialized using 'CodeIgniter\Session\Handlers\FileHandler' driver.
WARNING - 2025-12-13 03:16:08 --> [DEPRECATED] Creation of dynamic property App\Controllers\UserManagement::$data is deprecated in APPPATH\Controllers\BaseController.php on line 74.
 1 APPPATH\Controllers\BaseController.php(59): App\Controllers\BaseController->loadNotificationData()
 2 SYSTEMPATH\CodeIgniter.php(904): App\Controllers\BaseController->initController(Object(CodeIgniter\HTTP\IncomingRequest), Object(CodeIgniter\HTTP\Response), Object(CodeIgniter\Log\Logger))
 3 SYSTEMPATH\CodeIgniter.php(498): CodeIgniter\CodeIgniter->createController()
 4 SYSTEMPATH\CodeIgniter.php(354): CodeIgniter\CodeIgniter->handleRequest(null, Object(Config\Cache), false)
 5 SYSTEMPATH\Boot.php(363): CodeIgniter\CodeIgniter->run()
 6 SYSTEMPATH\Boot.php(68): CodeIgniter\Boot::runCodeIgniter(Object(CodeIgniter\CodeIgniter))
 7 FCPATH\index.php(59): CodeIgniter\Boot::bootWeb(Object(Config\Paths))
DEBUG - 2025-12-13 03:16:09 --> Session: Class initialized using 'CodeIgniter\Session\Handlers\FileHandler' driver.
WARNING - 2025-12-13 03:16:09 --> [DEPRECATED] Creation of dynamic property App\Controllers\Notifications::$data is deprecated in APPPATH\Controllers\BaseController.php on line 74.
 1 APPPATH\Controllers\BaseController.php(59): App\Controllers\BaseController->loadNotificationData()
 2 SYSTEMPATH\CodeIgniter.php(904): App\Controllers\BaseController->initController(Object(CodeIgniter\HTTP\IncomingRequest), Object(CodeIgniter\HTTP\Response), Object(CodeIgniter\Log\Logger))
 3 SYSTEMPATH\CodeIgniter.php(498): CodeIgniter\CodeIgniter->createController()
 4 SYSTEMPATH\CodeIgniter.php(354): CodeIgniter\CodeIgniter->handleRequest(null, Object(Config\Cache), false)
 5 SYSTEMPATH\Boot.php(363): CodeIgniter\CodeIgniter->run()
 6 SYSTEMPATH\Boot.php(68): CodeIgniter\Boot::runCodeIgniter(Object(CodeIgniter\CodeIgniter))
 7 FCPATH\index.php(59): CodeIgniter\Boot::bootWeb(Object(Config\Paths))
DEBUG - 2025-12-13 03:16:10 --> Session: Class initialized using 'CodeIgniter\Session\Handlers\FileHandler' driver.
WARNING - 2025-12-13 03:16:10 --> [DEPRECATED] Creation of dynamic property App\Controllers\Course::$data is deprecated in APPPATH\Controllers\BaseController.php on line 74.
 1 APPPATH\Controllers\BaseController.php(59): App\Controllers\BaseController->loadNotificationData()
 2 SYSTEMPATH\CodeIgniter.php(904): App\Controllers\BaseController->initController(Object(CodeIgniter\HTTP\IncomingRequest), Object(CodeIgniter\HTTP\Response), Object(CodeIgniter\Log\Logger))
 3 SYSTEMPATH\CodeIgniter.php(498): CodeIgniter\CodeIgniter->createController()
 4 SYSTEMPATH\CodeIgniter.php(354): CodeIgniter\CodeIgniter->handleRequest(null, Object(Config\Cache), false)
 5 SYSTEMPATH\Boot.php(363): CodeIgniter\CodeIgniter->run()
 6 SYSTEMPATH\Boot.php(68): CodeIgniter\Boot::runCodeIgniter(Object(CodeIgniter\CodeIgniter))
 7 FCPATH\index.php(59): CodeIgniter\Boot::bootWeb(Object(Config\Paths))
DEBUG - 2025-12-13 03:16:11 --> Session: Class initialized using 'CodeIgniter\Session\Handlers\FileHandler' driver.
WARNING - 2025-12-13 03:16:12 --> [DEPRECATED] Creation of dynamic property App\Controllers\Notifications::$data is deprecated in APPPATH\Controllers\BaseController.php on line 74.
 1 APPPATH\Controllers\BaseController.php(59): App\Controllers\BaseController->loadNotificationData()
 2 SYSTEMPATH\CodeIgniter.php(904): App\Controllers\BaseController->initController(Object(CodeIgniter\HTTP\IncomingRequest), Object(CodeIgniter\HTTP\Response), Object(CodeIgniter\Log\Logger))
 3 SYSTEMPATH\CodeIgniter.php(498): CodeIgniter\CodeIgniter->createController()
 4 SYSTEMPATH\CodeIgniter.php(354): CodeIgniter\CodeIgniter->handleRequest(null, Object(Config\Cache), false)
 5 SYSTEMPATH\Boot.php(363): CodeIgniter\CodeIgniter->run()
 6 SYSTEMPATH\Boot.php(68): CodeIgniter\Boot::runCodeIgniter(Object(CodeIgniter\CodeIgniter))
 7 FCPATH\index.php(59): CodeIgniter\Boot::bootWeb(Object(Config\Paths))
DEBUG - 2025-12-13 03:16:16 --> Session: Class initialized using 'CodeIgniter\Session\Handlers\FileHandler' driver.
WARNING - 2025-12-13 03:16:16 --> [DEPRECATED] Creation of dynamic property App\Controllers\Auth::$data is deprecated in APPPATH\Controllers\BaseController.php on line 74.
 1 APPPATH\Controllers\BaseController.php(59): App\Controllers\BaseController->loadNotificationData()
 2 SYSTEMPATH\CodeIgniter.php(904): App\Controllers\BaseController->initController(Object(CodeIgniter\HTTP\IncomingRequest), Object(CodeIgniter\HTTP\Response), Object(CodeIgniter\Log\Logger))
 3 SYSTEMPATH\CodeIgniter.php(498): CodeIgniter\CodeIgniter->createController()
 4 SYSTEMPATH\CodeIgniter.php(354): CodeIgniter\CodeIgniter->handleRequest(null, Object(Config\Cache), false)
 5 SYSTEMPATH\Boot.php(363): CodeIgniter\CodeIgniter->run()
 6 SYSTEMPATH\Boot.php(68): CodeIgniter\Boot::runCodeIgniter(Object(CodeIgniter\CodeIgniter))
 7 FCPATH\index.php(59): CodeIgniter\Boot::bootWeb(Object(Config\Paths))
WARNING - 2025-12-13 03:16:16 --> [DEPRECATED] strtotime(): Passing null to parameter #1 ($datetime) of type string is deprecated in APPPATH\Views\auth\dashboard.php on line 102.
 1 APPPATH\Views\auth\dashboard.php(102): strtotime(null)
 2 SYSTEMPATH\View\View.php(226): include('C:\\xampp\\htdocs\\ITE311-MORIL\\app\\Views\\auth\\dashboard.php')
 3 SYSTEMPATH\View\View.php(229): CodeIgniter\View\View->CodeIgniter\View\{closure}()
 4 SYSTEMPATH\Common.php(1167): CodeIgniter\View\View->render('auth/dashboard', [], true)
 5 APPPATH\Controllers\Auth.php(357): view('auth/dashboard', [...])
 6 SYSTEMPATH\CodeIgniter.php(933): App\Controllers\Auth->dashboard()
 7 SYSTEMPATH\CodeIgniter.php(507): CodeIgniter\CodeIgniter->runController(Object(App\Controllers\Auth))
 8 SYSTEMPATH\CodeIgniter.php(354): CodeIgniter\CodeIgniter->handleRequest(null, Object(Config\Cache), false)
 9 SYSTEMPATH\Boot.php(363): CodeIgniter\CodeIgniter->run()
10 SYSTEMPATH\Boot.php(68): CodeIgniter\Boot::runCodeIgniter(Object(CodeIgniter\CodeIgniter))
11 FCPATH\index.php(59): CodeIgniter\Boot::bootWeb(Object(Config\Paths))
WARNING - 2025-12-13 03:16:16 --> [DEPRECATED] strtotime(): Passing null to parameter #1 ($datetime) of type string is deprecated in APPPATH\Views\auth\dashboard.php on line 102.
 1 APPPATH\Views\auth\dashboard.php(102): strtotime(null)
 2 SYSTEMPATH\View\View.php(226): include('C:\\xampp\\htdocs\\ITE311-MORIL\\app\\Views\\auth\\dashboard.php')
 3 SYSTEMPATH\View\View.php(229): CodeIgniter\View\View->CodeIgniter\View\{closure}()
 4 SYSTEMPATH\Common.php(1167): CodeIgniter\View\View->render('auth/dashboard', [], true)
 5 APPPATH\Controllers\Auth.php(357): view('auth/dashboard', [...])
 6 SYSTEMPATH\CodeIgniter.php(933): App\Controllers\Auth->dashboard()
 7 SYSTEMPATH\CodeIgniter.php(507): CodeIgniter\CodeIgniter->runController(Object(App\Controllers\Auth))
 8 SYSTEMPATH\CodeIgniter.php(354): CodeIgniter\CodeIgniter->handleRequest(null, Object(Config\Cache), false)
 9 SYSTEMPATH\Boot.php(363): CodeIgniter\CodeIgniter->run()
10 SYSTEMPATH\Boot.php(68): CodeIgniter\Boot::runCodeIgniter(Object(CodeIgniter\CodeIgniter))
11 FCPATH\index.php(59): CodeIgniter\Boot::bootWeb(Object(Config\Paths))
DEBUG - 2025-12-13 03:16:17 --> Session: Class initialized using 'CodeIgniter\Session\Handlers\FileHandler' driver.
WARNING - 2025-12-13 03:16:17 --> [DEPRECATED] Creation of dynamic property App\Controllers\Notifications::$data is deprecated in APPPATH\Controllers\BaseController.php on line 74.
 1 APPPATH\Controllers\BaseController.php(59): App\Controllers\BaseController->loadNotificationData()
 2 SYSTEMPATH\CodeIgniter.php(904): App\Controllers\BaseController->initController(Object(CodeIgniter\HTTP\IncomingRequest), Object(CodeIgniter\HTTP\Response), Object(CodeIgniter\Log\Logger))
 3 SYSTEMPATH\CodeIgniter.php(498): CodeIgniter\CodeIgniter->createController()
 4 SYSTEMPATH\CodeIgniter.php(354): CodeIgniter\CodeIgniter->handleRequest(null, Object(Config\Cache), false)
 5 SYSTEMPATH\Boot.php(363): CodeIgniter\CodeIgniter->run()
 6 SYSTEMPATH\Boot.php(68): CodeIgniter\Boot::runCodeIgniter(Object(CodeIgniter\CodeIgniter))
 7 FCPATH\index.php(59): CodeIgniter\Boot::bootWeb(Object(Config\Paths))
DEBUG - 2025-12-13 03:16:22 --> Session: Class initialized using 'CodeIgniter\Session\Handlers\FileHandler' driver.
WARNING - 2025-12-13 03:16:22 --> [DEPRECATED] Creation of dynamic property App\Controllers\Auth::$data is deprecated in APPPATH\Controllers\BaseController.php on line 74.
 1 APPPATH\Controllers\BaseController.php(59): App\Controllers\BaseController->loadNotificationData()
 2 SYSTEMPATH\CodeIgniter.php(904): App\Controllers\BaseController->initController(Object(CodeIgniter\HTTP\IncomingRequest), Object(CodeIgniter\HTTP\Response), Object(CodeIgniter\Log\Logger))
 3 SYSTEMPATH\CodeIgniter.php(498): CodeIgniter\CodeIgniter->createController()
 4 SYSTEMPATH\CodeIgniter.php(354): CodeIgniter\CodeIgniter->handleRequest(null, Object(Config\Cache), false)
 5 SYSTEMPATH\Boot.php(363): CodeIgniter\CodeIgniter->run()
 6 SYSTEMPATH\Boot.php(68): CodeIgniter\Boot::runCodeIgniter(Object(CodeIgniter\CodeIgniter))
 7 FCPATH\index.php(59): CodeIgniter\Boot::bootWeb(Object(Config\Paths))
DEBUG - 2025-12-13 03:16:22 --> Session: Class initialized using 'CodeIgniter\Session\Handlers\FileHandler' driver.
WARNING - 2025-12-13 03:16:22 --> [DEPRECATED] Creation of dynamic property App\Controllers\Auth::$data is deprecated in APPPATH\Controllers\BaseController.php on line 76.
 1 APPPATH\Controllers\BaseController.php(59): App\Controllers\BaseController->loadNotificationData()
 2 SYSTEMPATH\CodeIgniter.php(904): App\Controllers\BaseController->initController(Object(CodeIgniter\HTTP\IncomingRequest), Object(CodeIgniter\HTTP\Response), Object(CodeIgniter\Log\Logger))
 3 SYSTEMPATH\CodeIgniter.php(498): CodeIgniter\CodeIgniter->createController()
 4 SYSTEMPATH\CodeIgniter.php(354): CodeIgniter\CodeIgniter->handleRequest(null, Object(Config\Cache), false)
 5 SYSTEMPATH\Boot.php(363): CodeIgniter\CodeIgniter->run()
 6 SYSTEMPATH\Boot.php(68): CodeIgniter\Boot::runCodeIgniter(Object(CodeIgniter\CodeIgniter))
 7 FCPATH\index.php(59): CodeIgniter\Boot::bootWeb(Object(Config\Paths))
DEBUG - 2025-12-13 03:16:22 --> Session: Class initialized using 'CodeIgniter\Session\Handlers\FileHandler' driver.
WARNING - 2025-12-13 03:16:22 --> [DEPRECATED] Creation of dynamic property App\Controllers\Auth::$data is deprecated in APPPATH\Controllers\BaseController.php on line 76.
 1 APPPATH\Controllers\BaseController.php(59): App\Controllers\BaseController->loadNotificationData()
 2 SYSTEMPATH\CodeIgniter.php(904): App\Controllers\BaseController->initController(Object(CodeIgniter\HTTP\IncomingRequest), Object(CodeIgniter\HTTP\Response), Object(CodeIgniter\Log\Logger))
 3 SYSTEMPATH\CodeIgniter.php(498): CodeIgniter\CodeIgniter->createController()
 4 SYSTEMPATH\CodeIgniter.php(354): CodeIgniter\CodeIgniter->handleRequest(null, Object(Config\Cache), false)
 5 SYSTEMPATH\Boot.php(363): CodeIgniter\CodeIgniter->run()
 6 SYSTEMPATH\Boot.php(68): CodeIgniter\Boot::runCodeIgniter(Object(CodeIgniter\CodeIgniter))
 7 FCPATH\index.php(59): CodeIgniter\Boot::bootWeb(Object(Config\Paths))
DEBUG - 2025-12-13 03:16:23 --> Session: Class initialized using 'CodeIgniter\Session\Handlers\FileHandler' driver.
WARNING - 2025-12-13 03:16:23 --> [DEPRECATED] Creation of dynamic property App\Controllers\Notifications::$data is deprecated in APPPATH\Controllers\BaseController.php on line 76.
 1 APPPATH\Controllers\BaseController.php(59): App\Controllers\BaseController->loadNotificationData()
 2 SYSTEMPATH\CodeIgniter.php(904): App\Controllers\BaseController->initController(Object(CodeIgniter\HTTP\IncomingRequest), Object(CodeIgniter\HTTP\Response), Object(CodeIgniter\Log\Logger))
 3 SYSTEMPATH\CodeIgniter.php(498): CodeIgniter\CodeIgniter->createController()
 4 SYSTEMPATH\CodeIgniter.php(354): CodeIgniter\CodeIgniter->handleRequest(null, Object(Config\Cache), false)
 5 SYSTEMPATH\Boot.php(363): CodeIgniter\CodeIgniter->run()
 6 SYSTEMPATH\Boot.php(68): CodeIgniter\Boot::runCodeIgniter(Object(CodeIgniter\CodeIgniter))
 7 FCPATH\index.php(59): CodeIgniter\Boot::bootWeb(Object(Config\Paths))
INFO - 2025-12-13 03:16:30 --> CSRF token verified.
DEBUG - 2025-12-13 03:16:30 --> Session: Class initialized using 'CodeIgniter\Session\Handlers\FileHandler' driver.
WARNING - 2025-12-13 03:16:30 --> [DEPRECATED] Creation of dynamic property App\Controllers\Auth::$data is deprecated in APPPATH\Controllers\BaseController.php on line 76.
 1 APPPATH\Controllers\BaseController.php(59): App\Controllers\BaseController->loadNotificationData()
 2 SYSTEMPATH\CodeIgniter.php(904): App\Controllers\BaseController->initController(Object(CodeIgniter\HTTP\IncomingRequest), Object(CodeIgniter\HTTP\Response), Object(CodeIgniter\Log\Logger))
 3 SYSTEMPATH\CodeIgniter.php(498): CodeIgniter\CodeIgniter->createController()
 4 SYSTEMPATH\CodeIgniter.php(354): CodeIgniter\CodeIgniter->handleRequest(null, Object(Config\Cache), false)
 5 SYSTEMPATH\Boot.php(363): CodeIgniter\CodeIgniter->run()
 6 SYSTEMPATH\Boot.php(68): CodeIgniter\Boot::runCodeIgniter(Object(CodeIgniter\CodeIgniter))
 7 FCPATH\index.php(59): CodeIgniter\Boot::bootWeb(Object(Config\Paths))
DEBUG - 2025-12-13 03:16:30 --> Session: Class initialized using 'CodeIgniter\Session\Handlers\FileHandler' driver.
WARNING - 2025-12-13 03:16:30 --> [DEPRECATED] Creation of dynamic property App\Controllers\Auth::$data is deprecated in APPPATH\Controllers\BaseController.php on line 76.
 1 APPPATH\Controllers\BaseController.php(59): App\Controllers\BaseController->loadNotificationData()
 2 SYSTEMPATH\CodeIgniter.php(904): App\Controllers\BaseController->initController(Object(CodeIgniter\HTTP\IncomingRequest), Object(CodeIgniter\HTTP\Response), Object(CodeIgniter\Log\Logger))
 3 SYSTEMPATH\CodeIgniter.php(498): CodeIgniter\CodeIgniter->createController()
 4 SYSTEMPATH\CodeIgniter.php(354): CodeIgniter\CodeIgniter->handleRequest(null, Object(Config\Cache), false)
 5 SYSTEMPATH\Boot.php(363): CodeIgniter\CodeIgniter->run()
 6 SYSTEMPATH\Boot.php(68): CodeIgniter\Boot::runCodeIgniter(Object(CodeIgniter\CodeIgniter))
 7 FCPATH\index.php(59): CodeIgniter\Boot::bootWeb(Object(Config\Paths))
DEBUG - 2025-12-13 03:16:31 --> Session: Class initialized using 'CodeIgniter\Session\Handlers\FileHandler' driver.
WARNING - 2025-12-13 03:16:31 --> [DEPRECATED] Creation of dynamic property App\Controllers\Notifications::$data is deprecated in APPPATH\Controllers\BaseController.php on line 76.
 1 APPPATH\Controllers\BaseController.php(59): App\Controllers\BaseController->loadNotificationData()
 2 SYSTEMPATH\CodeIgniter.php(904): App\Controllers\BaseController->initController(Object(CodeIgniter\HTTP\IncomingRequest), Object(CodeIgniter\HTTP\Response), Object(CodeIgniter\Log\Logger))
 3 SYSTEMPATH\CodeIgniter.php(498): CodeIgniter\CodeIgniter->createController()
 4 SYSTEMPATH\CodeIgniter.php(354): CodeIgniter\CodeIgniter->handleRequest(null, Object(Config\Cache), false)
 5 SYSTEMPATH\Boot.php(363): CodeIgniter\CodeIgniter->run()
 6 SYSTEMPATH\Boot.php(68): CodeIgniter\Boot::runCodeIgniter(Object(CodeIgniter\CodeIgniter))
 7 FCPATH\index.php(59): CodeIgniter\Boot::bootWeb(Object(Config\Paths))
INFO - 2025-12-13 03:16:39 --> CSRF token verified.
DEBUG - 2025-12-13 03:16:39 --> Session: Class initialized using 'CodeIgniter\Session\Handlers\FileHandler' driver.
WARNING - 2025-12-13 03:16:39 --> [DEPRECATED] Creation of dynamic property App\Controllers\Auth::$data is deprecated in APPPATH\Controllers\BaseController.php on line 76.
 1 APPPATH\Controllers\BaseController.php(59): App\Controllers\BaseController->loadNotificationData()
 2 SYSTEMPATH\CodeIgniter.php(904): App\Controllers\BaseController->initController(Object(CodeIgniter\HTTP\IncomingRequest), Object(CodeIgniter\HTTP\Response), Object(CodeIgniter\Log\Logger))
 3 SYSTEMPATH\CodeIgniter.php(498): CodeIgniter\CodeIgniter->createController()
 4 SYSTEMPATH\CodeIgniter.php(354): CodeIgniter\CodeIgniter->handleRequest(null, Object(Config\Cache), false)
 5 SYSTEMPATH\Boot.php(363): CodeIgniter\CodeIgniter->run()
 6 SYSTEMPATH\Boot.php(68): CodeIgniter\Boot::runCodeIgniter(Object(CodeIgniter\CodeIgniter))
 7 FCPATH\index.php(59): CodeIgniter\Boot::bootWeb(Object(Config\Paths))
DEBUG - 2025-12-13 03:16:39 --> Session: Class initialized using 'CodeIgniter\Session\Handlers\FileHandler' driver.
WARNING - 2025-12-13 03:16:39 --> [DEPRECATED] Creation of dynamic property App\Controllers\Auth::$data is deprecated in APPPATH\Controllers\BaseController.php on line 76.
 1 APPPATH\Controllers\BaseController.php(59): App\Controllers\BaseController->loadNotificationData()
 2 SYSTEMPATH\CodeIgniter.php(904): App\Controllers\BaseController->initController(Object(CodeIgniter\HTTP\IncomingRequest), Object(CodeIgniter\HTTP\Response), Object(CodeIgniter\Log\Logger))
 3 SYSTEMPATH\CodeIgniter.php(498): CodeIgniter\CodeIgniter->createController()
 4 SYSTEMPATH\CodeIgniter.php(354): CodeIgniter\CodeIgniter->handleRequest(null, Object(Config\Cache), false)
 5 SYSTEMPATH\Boot.php(363): CodeIgniter\CodeIgniter->run()
 6 SYSTEMPATH\Boot.php(68): CodeIgniter\Boot::runCodeIgniter(Object(CodeIgniter\CodeIgniter))
 7 FCPATH\index.php(59): CodeIgniter\Boot::bootWeb(Object(Config\Paths))
DEBUG - 2025-12-13 03:16:39 --> Session: Class initialized using 'CodeIgniter\Session\Handlers\FileHandler' driver.
WARNING - 2025-12-13 03:16:39 --> [DEPRECATED] Creation of dynamic property App\Controllers\Notifications::$data is deprecated in APPPATH\Controllers\BaseController.php on line 76.
 1 APPPATH\Controllers\BaseController.php(59): App\Controllers\BaseController->loadNotificationData()
 2 SYSTEMPATH\CodeIgniter.php(904): App\Controllers\BaseController->initController(Object(CodeIgniter\HTTP\IncomingRequest), Object(CodeIgniter\HTTP\Response), Object(CodeIgniter\Log\Logger))
 3 SYSTEMPATH\CodeIgniter.php(498): CodeIgniter\CodeIgniter->createController()
 4 SYSTEMPATH\CodeIgniter.php(354): CodeIgniter\CodeIgniter->handleRequest(null, Object(Config\Cache), false)
 5 SYSTEMPATH\Boot.php(363): CodeIgniter\CodeIgniter->run()
 6 SYSTEMPATH\Boot.php(68): CodeIgniter\Boot::runCodeIgniter(Object(CodeIgniter\CodeIgniter))
 7 FCPATH\index.php(59): CodeIgniter\Boot::bootWeb(Object(Config\Paths))
INFO - 2025-12-13 03:16:47 --> CSRF token verified.
DEBUG - 2025-12-13 03:16:47 --> Session: Class initialized using 'CodeIgniter\Session\Handlers\FileHandler' driver.
WARNING - 2025-12-13 03:16:47 --> [DEPRECATED] Creation of dynamic property App\Controllers\Auth::$data is deprecated in APPPATH\Controllers\BaseController.php on line 76.
 1 APPPATH\Controllers\BaseController.php(59): App\Controllers\BaseController->loadNotificationData()
 2 SYSTEMPATH\CodeIgniter.php(904): App\Controllers\BaseController->initController(Object(CodeIgniter\HTTP\IncomingRequest), Object(CodeIgniter\HTTP\Response), Object(CodeIgniter\Log\Logger))
 3 SYSTEMPATH\CodeIgniter.php(498): CodeIgniter\CodeIgniter->createController()
 4 SYSTEMPATH\CodeIgniter.php(354): CodeIgniter\CodeIgniter->handleRequest(null, Object(Config\Cache), false)
 5 SYSTEMPATH\Boot.php(363): CodeIgniter\CodeIgniter->run()
 6 SYSTEMPATH\Boot.php(68): CodeIgniter\Boot::runCodeIgniter(Object(CodeIgniter\CodeIgniter))
 7 FCPATH\index.php(59): CodeIgniter\Boot::bootWeb(Object(Config\Paths))
DEBUG - 2025-12-13 03:16:48 --> Session: Class initialized using 'CodeIgniter\Session\Handlers\FileHandler' driver.
WARNING - 2025-12-13 03:16:48 --> [DEPRECATED] Creation of dynamic property App\Controllers\Auth::$data is deprecated in APPPATH\Controllers\BaseController.php on line 76.
 1 APPPATH\Controllers\BaseController.php(59): App\Controllers\BaseController->loadNotificationData()
 2 SYSTEMPATH\CodeIgniter.php(904): App\Controllers\BaseController->initController(Object(CodeIgniter\HTTP\IncomingRequest), Object(CodeIgniter\HTTP\Response), Object(CodeIgniter\Log\Logger))
 3 SYSTEMPATH\CodeIgniter.php(498): CodeIgniter\CodeIgniter->createController()
 4 SYSTEMPATH\CodeIgniter.php(354): CodeIgniter\CodeIgniter->handleRequest(null, Object(Config\Cache), false)
 5 SYSTEMPATH\Boot.php(363): CodeIgniter\CodeIgniter->run()
 6 SYSTEMPATH\Boot.php(68): CodeIgniter\Boot::runCodeIgniter(Object(CodeIgniter\CodeIgniter))
 7 FCPATH\index.php(59): CodeIgniter\Boot::bootWeb(Object(Config\Paths))
DEBUG - 2025-12-13 03:16:48 --> Session: Class initialized using 'CodeIgniter\Session\Handlers\FileHandler' driver.
WARNING - 2025-12-13 03:16:48 --> [DEPRECATED] Creation of dynamic property App\Controllers\Notifications::$data is deprecated in APPPATH\Controllers\BaseController.php on line 76.
 1 APPPATH\Controllers\BaseController.php(59): App\Controllers\BaseController->loadNotificationData()
 2 SYSTEMPATH\CodeIgniter.php(904): App\Controllers\BaseController->initController(Object(CodeIgniter\HTTP\IncomingRequest), Object(CodeIgniter\HTTP\Response), Object(CodeIgniter\Log\Logger))
 3 SYSTEMPATH\CodeIgniter.php(498): CodeIgniter\CodeIgniter->createController()
 4 SYSTEMPATH\CodeIgniter.php(354): CodeIgniter\CodeIgniter->handleRequest(null, Object(Config\Cache), false)
 5 SYSTEMPATH\Boot.php(363): CodeIgniter\CodeIgniter->run()
 6 SYSTEMPATH\Boot.php(68): CodeIgniter\Boot::runCodeIgniter(Object(CodeIgniter\CodeIgniter))
 7 FCPATH\index.php(59): CodeIgniter\Boot::bootWeb(Object(Config\Paths))
INFO - 2025-12-13 03:17:06 --> CSRF token verified.
DEBUG - 2025-12-13 03:17:07 --> Session: Class initialized using 'CodeIgniter\Session\Handlers\FileHandler' driver.
WARNING - 2025-12-13 03:17:07 --> [DEPRECATED] Creation of dynamic property App\Controllers\Auth::$data is deprecated in APPPATH\Controllers\BaseController.php on line 76.
 1 APPPATH\Controllers\BaseController.php(59): App\Controllers\BaseController->loadNotificationData()
 2 SYSTEMPATH\CodeIgniter.php(904): App\Controllers\BaseController->initController(Object(CodeIgniter\HTTP\IncomingRequest), Object(CodeIgniter\HTTP\Response), Object(CodeIgniter\Log\Logger))
 3 SYSTEMPATH\CodeIgniter.php(498): CodeIgniter\CodeIgniter->createController()
 4 SYSTEMPATH\CodeIgniter.php(354): CodeIgniter\CodeIgniter->handleRequest(null, Object(Config\Cache), false)
 5 SYSTEMPATH\Boot.php(363): CodeIgniter\CodeIgniter->run()
 6 SYSTEMPATH\Boot.php(68): CodeIgniter\Boot::runCodeIgniter(Object(CodeIgniter\CodeIgniter))
 7 FCPATH\index.php(59): CodeIgniter\Boot::bootWeb(Object(Config\Paths))
DEBUG - 2025-12-13 03:17:07 --> Session: Class initialized using 'CodeIgniter\Session\Handlers\FileHandler' driver.
WARNING - 2025-12-13 03:17:07 --> [DEPRECATED] Creation of dynamic property App\Controllers\Auth::$data is deprecated in APPPATH\Controllers\BaseController.php on line 76.
 1 APPPATH\Controllers\BaseController.php(59): App\Controllers\BaseController->loadNotificationData()
 2 SYSTEMPATH\CodeIgniter.php(904): App\Controllers\BaseController->initController(Object(CodeIgniter\HTTP\IncomingRequest), Object(CodeIgniter\HTTP\Response), Object(CodeIgniter\Log\Logger))
 3 SYSTEMPATH\CodeIgniter.php(498): CodeIgniter\CodeIgniter->createController()
 4 SYSTEMPATH\CodeIgniter.php(354): CodeIgniter\CodeIgniter->handleRequest(null, Object(Config\Cache), false)
 5 SYSTEMPATH\Boot.php(363): CodeIgniter\CodeIgniter->run()
 6 SYSTEMPATH\Boot.php(68): CodeIgniter\Boot::runCodeIgniter(Object(CodeIgniter\CodeIgniter))
 7 FCPATH\index.php(59): CodeIgniter\Boot::bootWeb(Object(Config\Paths))
DEBUG - 2025-12-13 03:17:08 --> Session: Class initialized using 'CodeIgniter\Session\Handlers\FileHandler' driver.
WARNING - 2025-12-13 03:17:08 --> [DEPRECATED] Creation of dynamic property App\Controllers\Notifications::$data is deprecated in APPPATH\Controllers\BaseController.php on line 76.
 1 APPPATH\Controllers\BaseController.php(59): App\Controllers\BaseController->loadNotificationData()
 2 SYSTEMPATH\CodeIgniter.php(904): App\Controllers\BaseController->initController(Object(CodeIgniter\HTTP\IncomingRequest), Object(CodeIgniter\HTTP\Response), Object(CodeIgniter\Log\Logger))
 3 SYSTEMPATH\CodeIgniter.php(498): CodeIgniter\CodeIgniter->createController()
 4 SYSTEMPATH\CodeIgniter.php(354): CodeIgniter\CodeIgniter->handleRequest(null, Object(Config\Cache), false)
 5 SYSTEMPATH\Boot.php(363): CodeIgniter\CodeIgniter->run()
 6 SYSTEMPATH\Boot.php(68): CodeIgniter\Boot::runCodeIgniter(Object(CodeIgniter\CodeIgniter))
 7 FCPATH\index.php(59): CodeIgniter\Boot::bootWeb(Object(Config\Paths))
INFO - 2025-12-13 03:17:15 --> CSRF token verified.
DEBUG - 2025-12-13 03:17:15 --> Session: Class initialized using 'CodeIgniter\Session\Handlers\FileHandler' driver.
WARNING - 2025-12-13 03:17:15 --> [DEPRECATED] Creation of dynamic property App\Controllers\Auth::$data is deprecated in APPPATH\Controllers\BaseController.php on line 76.
 1 APPPATH\Controllers\BaseController.php(59): App\Controllers\BaseController->loadNotificationData()
 2 SYSTEMPATH\CodeIgniter.php(904): App\Controllers\BaseController->initController(Object(CodeIgniter\HTTP\IncomingRequest), Object(CodeIgniter\HTTP\Response), Object(CodeIgniter\Log\Logger))
 3 SYSTEMPATH\CodeIgniter.php(498): CodeIgniter\CodeIgniter->createController()
 4 SYSTEMPATH\CodeIgniter.php(354): CodeIgniter\CodeIgniter->handleRequest(null, Object(Config\Cache), false)
 5 SYSTEMPATH\Boot.php(363): CodeIgniter\CodeIgniter->run()
 6 SYSTEMPATH\Boot.php(68): CodeIgniter\Boot::runCodeIgniter(Object(CodeIgniter\CodeIgniter))
 7 FCPATH\index.php(59): CodeIgniter\Boot::bootWeb(Object(Config\Paths))
DEBUG - 2025-12-13 03:17:15 --> Session: Class initialized using 'CodeIgniter\Session\Handlers\FileHandler' driver.
WARNING - 2025-12-13 03:17:15 --> [DEPRECATED] Creation of dynamic property App\Controllers\Auth::$data is deprecated in APPPATH\Controllers\BaseController.php on line 74.
 1 APPPATH\Controllers\BaseController.php(59): App\Controllers\BaseController->loadNotificationData()
 2 SYSTEMPATH\CodeIgniter.php(904): App\Controllers\BaseController->initController(Object(CodeIgniter\HTTP\IncomingRequest), Object(CodeIgniter\HTTP\Response), Object(CodeIgniter\Log\Logger))
 3 SYSTEMPATH\CodeIgniter.php(498): CodeIgniter\CodeIgniter->createController()
 4 SYSTEMPATH\CodeIgniter.php(354): CodeIgniter\CodeIgniter->handleRequest(null, Object(Config\Cache), false)
 5 SYSTEMPATH\Boot.php(363): CodeIgniter\CodeIgniter->run()
 6 SYSTEMPATH\Boot.php(68): CodeIgniter\Boot::runCodeIgniter(Object(CodeIgniter\CodeIgniter))
 7 FCPATH\index.php(59): CodeIgniter\Boot::bootWeb(Object(Config\Paths))
WARNING - 2025-12-13 03:17:16 --> [DEPRECATED] strtotime(): Passing null to parameter #1 ($datetime) of type string is deprecated in APPPATH\Views\auth\dashboard.php on line 102.
 1 APPPATH\Views\auth\dashboard.php(102): strtotime(null)
 2 SYSTEMPATH\View\View.php(226): include('C:\\xampp\\htdocs\\ITE311-MORIL\\app\\Views\\auth\\dashboard.php')
 3 SYSTEMPATH\View\View.php(229): CodeIgniter\View\View->CodeIgniter\View\{closure}()
 4 SYSTEMPATH\Common.php(1167): CodeIgniter\View\View->render('auth/dashboard', [], true)
 5 APPPATH\Controllers\Auth.php(357): view('auth/dashboard', [...])
 6 SYSTEMPATH\CodeIgniter.php(933): App\Controllers\Auth->dashboard()
 7 SYSTEMPATH\CodeIgniter.php(507): CodeIgniter\CodeIgniter->runController(Object(App\Controllers\Auth))
 8 SYSTEMPATH\CodeIgniter.php(354): CodeIgniter\CodeIgniter->handleRequest(null, Object(Config\Cache), false)
 9 SYSTEMPATH\Boot.php(363): CodeIgniter\CodeIgniter->run()
10 SYSTEMPATH\Boot.php(68): CodeIgniter\Boot::runCodeIgniter(Object(CodeIgniter\CodeIgniter))
11 FCPATH\index.php(59): CodeIgniter\Boot::bootWeb(Object(Config\Paths))
WARNING - 2025-12-13 03:17:16 --> [DEPRECATED] strtotime(): Passing null to parameter #1 ($datetime) of type string is deprecated in APPPATH\Views\auth\dashboard.php on line 102.
 1 APPPATH\Views\auth\dashboard.php(102): strtotime(null)
 2 SYSTEMPATH\View\View.php(226): include('C:\\xampp\\htdocs\\ITE311-MORIL\\app\\Views\\auth\\dashboard.php')
 3 SYSTEMPATH\View\View.php(229): CodeIgniter\View\View->CodeIgniter\View\{closure}()
 4 SYSTEMPATH\Common.php(1167): CodeIgniter\View\View->render('auth/dashboard', [], true)
 5 APPPATH\Controllers\Auth.php(357): view('auth/dashboard', [...])
 6 SYSTEMPATH\CodeIgniter.php(933): App\Controllers\Auth->dashboard()
 7 SYSTEMPATH\CodeIgniter.php(507): CodeIgniter\CodeIgniter->runController(Object(App\Controllers\Auth))
 8 SYSTEMPATH\CodeIgniter.php(354): CodeIgniter\CodeIgniter->handleRequest(null, Object(Config\Cache), false)
 9 SYSTEMPATH\Boot.php(363): CodeIgniter\CodeIgniter->run()
10 SYSTEMPATH\Boot.php(68): CodeIgniter\Boot::runCodeIgniter(Object(CodeIgniter\CodeIgniter))
11 FCPATH\index.php(59): CodeIgniter\Boot::bootWeb(Object(Config\Paths))
DEBUG - 2025-12-13 03:17:16 --> Session: Class initialized using 'CodeIgniter\Session\Handlers\FileHandler' driver.
WARNING - 2025-12-13 03:17:16 --> [DEPRECATED] Creation of dynamic property App\Controllers\Notifications::$data is deprecated in APPPATH\Controllers\BaseController.php on line 74.
 1 APPPATH\Controllers\BaseController.php(59): App\Controllers\BaseController->loadNotificationData()
 2 SYSTEMPATH\CodeIgniter.php(904): App\Controllers\BaseController->initController(Object(CodeIgniter\HTTP\IncomingRequest), Object(CodeIgniter\HTTP\Response), Object(CodeIgniter\Log\Logger))
 3 SYSTEMPATH\CodeIgniter.php(498): CodeIgniter\CodeIgniter->createController()
 4 SYSTEMPATH\CodeIgniter.php(354): CodeIgniter\CodeIgniter->handleRequest(null, Object(Config\Cache), false)
 5 SYSTEMPATH\Boot.php(363): CodeIgniter\CodeIgniter->run()
 6 SYSTEMPATH\Boot.php(68): CodeIgniter\Boot::runCodeIgniter(Object(CodeIgniter\CodeIgniter))
 7 FCPATH\index.php(59): CodeIgniter\Boot::bootWeb(Object(Config\Paths))
DEBUG - 2025-12-13 03:17:19 --> Session: Class initialized using 'CodeIgniter\Session\Handlers\FileHandler' driver.
WARNING - 2025-12-13 03:17:19 --> [DEPRECATED] Creation of dynamic property App\Controllers\UserManagement::$data is deprecated in APPPATH\Controllers\BaseController.php on line 74.
 1 APPPATH\Controllers\BaseController.php(59): App\Controllers\BaseController->loadNotificationData()
 2 SYSTEMPATH\CodeIgniter.php(904): App\Controllers\BaseController->initController(Object(CodeIgniter\HTTP\IncomingRequest), Object(CodeIgniter\HTTP\Response), Object(CodeIgniter\Log\Logger))
 3 SYSTEMPATH\CodeIgniter.php(498): CodeIgniter\CodeIgniter->createController()
 4 SYSTEMPATH\CodeIgniter.php(354): CodeIgniter\CodeIgniter->handleRequest(null, Object(Config\Cache), false)
 5 SYSTEMPATH\Boot.php(363): CodeIgniter\CodeIgniter->run()
 6 SYSTEMPATH\Boot.php(68): CodeIgniter\Boot::runCodeIgniter(Object(CodeIgniter\CodeIgniter))
 7 FCPATH\index.php(59): CodeIgniter\Boot::bootWeb(Object(Config\Paths))
DEBUG - 2025-12-13 03:17:20 --> Session: Class initialized using 'CodeIgniter\Session\Handlers\FileHandler' driver.
WARNING - 2025-12-13 03:17:20 --> [DEPRECATED] Creation of dynamic property App\Controllers\Notifications::$data is deprecated in APPPATH\Controllers\BaseController.php on line 74.
 1 APPPATH\Controllers\BaseController.php(59): App\Controllers\BaseController->loadNotificationData()
 2 SYSTEMPATH\CodeIgniter.php(904): App\Controllers\BaseController->initController(Object(CodeIgniter\HTTP\IncomingRequest), Object(CodeIgniter\HTTP\Response), Object(CodeIgniter\Log\Logger))
 3 SYSTEMPATH\CodeIgniter.php(498): CodeIgniter\CodeIgniter->createController()
 4 SYSTEMPATH\CodeIgniter.php(354): CodeIgniter\CodeIgniter->handleRequest(null, Object(Config\Cache), false)
 5 SYSTEMPATH\Boot.php(363): CodeIgniter\CodeIgniter->run()
 6 SYSTEMPATH\Boot.php(68): CodeIgniter\Boot::runCodeIgniter(Object(CodeIgniter\CodeIgniter))
 7 FCPATH\index.php(59): CodeIgniter\Boot::bootWeb(Object(Config\Paths))
DEBUG - 2025-12-13 03:17:30 --> Session: Class initialized using 'CodeIgniter\Session\Handlers\FileHandler' driver.
WARNING - 2025-12-13 03:17:30 --> [DEPRECATED] Creation of dynamic property App\Controllers\UserManagement::$data is deprecated in APPPATH\Controllers\BaseController.php on line 74.
 1 APPPATH\Controllers\BaseController.php(59): App\Controllers\BaseController->loadNotificationData()
 2 SYSTEMPATH\CodeIgniter.php(904): App\Controllers\BaseController->initController(Object(CodeIgniter\HTTP\IncomingRequest), Object(CodeIgniter\HTTP\Response), Object(CodeIgniter\Log\Logger))
 3 SYSTEMPATH\CodeIgniter.php(498): CodeIgniter\CodeIgniter->createController()
 4 SYSTEMPATH\CodeIgniter.php(354): CodeIgniter\CodeIgniter->handleRequest(null, Object(Config\Cache), false)
 5 SYSTEMPATH\Boot.php(363): CodeIgniter\CodeIgniter->run()
 6 SYSTEMPATH\Boot.php(68): CodeIgniter\Boot::runCodeIgniter(Object(CodeIgniter\CodeIgniter))
 7 FCPATH\index.php(59): CodeIgniter\Boot::bootWeb(Object(Config\Paths))
DEBUG - 2025-12-13 03:17:30 --> Session: Class initialized using 'CodeIgniter\Session\Handlers\FileHandler' driver.
WARNING - 2025-12-13 03:17:30 --> [DEPRECATED] Creation of dynamic property App\Controllers\UserManagement::$data is deprecated in APPPATH\Controllers\BaseController.php on line 74.
 1 APPPATH\Controllers\BaseController.php(59): App\Controllers\BaseController->loadNotificationData()
 2 SYSTEMPATH\CodeIgniter.php(904): App\Controllers\BaseController->initController(Object(CodeIgniter\HTTP\IncomingRequest), Object(CodeIgniter\HTTP\Response), Object(CodeIgniter\Log\Logger))
 3 SYSTEMPATH\CodeIgniter.php(498): CodeIgniter\CodeIgniter->createController()
 4 SYSTEMPATH\CodeIgniter.php(354): CodeIgniter\CodeIgniter->handleRequest(null, Object(Config\Cache), false)
 5 SYSTEMPATH\Boot.php(363): CodeIgniter\CodeIgniter->run()
 6 SYSTEMPATH\Boot.php(68): CodeIgniter\Boot::runCodeIgniter(Object(CodeIgniter\CodeIgniter))
 7 FCPATH\index.php(59): CodeIgniter\Boot::bootWeb(Object(Config\Paths))
DEBUG - 2025-12-13 03:17:31 --> Session: Class initialized using 'CodeIgniter\Session\Handlers\FileHandler' driver.
WARNING - 2025-12-13 03:17:31 --> [DEPRECATED] Creation of dynamic property App\Controllers\Notifications::$data is deprecated in APPPATH\Controllers\BaseController.php on line 74.
 1 APPPATH\Controllers\BaseController.php(59): App\Controllers\BaseController->loadNotificationData()
 2 SYSTEMPATH\CodeIgniter.php(904): App\Controllers\BaseController->initController(Object(CodeIgniter\HTTP\IncomingRequest), Object(CodeIgniter\HTTP\Response), Object(CodeIgniter\Log\Logger))
 3 SYSTEMPATH\CodeIgniter.php(498): CodeIgniter\CodeIgniter->createController()
 4 SYSTEMPATH\CodeIgniter.php(354): CodeIgniter\CodeIgniter->handleRequest(null, Object(Config\Cache), false)
 5 SYSTEMPATH\Boot.php(363): CodeIgniter\CodeIgniter->run()
 6 SYSTEMPATH\Boot.php(68): CodeIgniter\Boot::runCodeIgniter(Object(CodeIgniter\CodeIgniter))
 7 FCPATH\index.php(59): CodeIgniter\Boot::bootWeb(Object(Config\Paths))
DEBUG - 2025-12-13 03:17:33 --> Session: Class initialized using 'CodeIgniter\Session\Handlers\FileHandler' driver.
WARNING - 2025-12-13 03:17:33 --> [DEPRECATED] Creation of dynamic property App\Controllers\UserManagement::$data is deprecated in APPPATH\Controllers\BaseController.php on line 74.
 1 APPPATH\Controllers\BaseController.php(59): App\Controllers\BaseController->loadNotificationData()
 2 SYSTEMPATH\CodeIgniter.php(904): App\Controllers\BaseController->initController(Object(CodeIgniter\HTTP\IncomingRequest), Object(CodeIgniter\HTTP\Response), Object(CodeIgniter\Log\Logger))
 3 SYSTEMPATH\CodeIgniter.php(498): CodeIgniter\CodeIgniter->createController()
 4 SYSTEMPATH\CodeIgniter.php(354): CodeIgniter\CodeIgniter->handleRequest(null, Object(Config\Cache), false)
 5 SYSTEMPATH\Boot.php(363): CodeIgniter\CodeIgniter->run()
 6 SYSTEMPATH\Boot.php(68): CodeIgniter\Boot::runCodeIgniter(Object(CodeIgniter\CodeIgniter))
 7 FCPATH\index.php(59): CodeIgniter\Boot::bootWeb(Object(Config\Paths))
DEBUG - 2025-12-13 03:17:33 --> Session: Class initialized using 'CodeIgniter\Session\Handlers\FileHandler' driver.
WARNING - 2025-12-13 03:17:33 --> [DEPRECATED] Creation of dynamic property App\Controllers\Notifications::$data is deprecated in APPPATH\Controllers\BaseController.php on line 74.
 1 APPPATH\Controllers\BaseController.php(59): App\Controllers\BaseController->loadNotificationData()
 2 SYSTEMPATH\CodeIgniter.php(904): App\Controllers\BaseController->initController(Object(CodeIgniter\HTTP\IncomingRequest), Object(CodeIgniter\HTTP\Response), Object(CodeIgniter\Log\Logger))
 3 SYSTEMPATH\CodeIgniter.php(498): CodeIgniter\CodeIgniter->createController()
 4 SYSTEMPATH\CodeIgniter.php(354): CodeIgniter\CodeIgniter->handleRequest(null, Object(Config\Cache), false)
 5 SYSTEMPATH\Boot.php(363): CodeIgniter\CodeIgniter->run()
 6 SYSTEMPATH\Boot.php(68): CodeIgniter\Boot::runCodeIgniter(Object(CodeIgniter\CodeIgniter))
 7 FCPATH\index.php(59): CodeIgniter\Boot::bootWeb(Object(Config\Paths))
DEBUG - 2025-12-13 03:17:48 --> Session: Class initialized using 'CodeIgniter\Session\Handlers\FileHandler' driver.
WARNING - 2025-12-13 03:17:48 --> [DEPRECATED] Creation of dynamic property App\Controllers\UserManagement::$data is deprecated in APPPATH\Controllers\BaseController.php on line 74.
 1 APPPATH\Controllers\BaseController.php(59): App\Controllers\BaseController->loadNotificationData()
 2 SYSTEMPATH\CodeIgniter.php(904): App\Controllers\BaseController->initController(Object(CodeIgniter\HTTP\IncomingRequest), Object(CodeIgniter\HTTP\Response), Object(CodeIgniter\Log\Logger))
 3 SYSTEMPATH\CodeIgniter.php(498): CodeIgniter\CodeIgniter->createController()
 4 SYSTEMPATH\CodeIgniter.php(354): CodeIgniter\CodeIgniter->handleRequest(null, Object(Config\Cache), false)
 5 SYSTEMPATH\Boot.php(363): CodeIgniter\CodeIgniter->run()
 6 SYSTEMPATH\Boot.php(68): CodeIgniter\Boot::runCodeIgniter(Object(CodeIgniter\CodeIgniter))
 7 FCPATH\index.php(59): CodeIgniter\Boot::bootWeb(Object(Config\Paths))
DEBUG - 2025-12-13 03:17:49 --> Session: Class initialized using 'CodeIgniter\Session\Handlers\FileHandler' driver.
WARNING - 2025-12-13 03:17:49 --> [DEPRECATED] Creation of dynamic property App\Controllers\UserManagement::$data is deprecated in APPPATH\Controllers\BaseController.php on line 74.
 1 APPPATH\Controllers\BaseController.php(59): App\Controllers\BaseController->loadNotificationData()
 2 SYSTEMPATH\CodeIgniter.php(904): App\Controllers\BaseController->initController(Object(CodeIgniter\HTTP\IncomingRequest), Object(CodeIgniter\HTTP\Response), Object(CodeIgniter\Log\Logger))
 3 SYSTEMPATH\CodeIgniter.php(498): CodeIgniter\CodeIgniter->createController()
 4 SYSTEMPATH\CodeIgniter.php(354): CodeIgniter\CodeIgniter->handleRequest(null, Object(Config\Cache), false)
 5 SYSTEMPATH\Boot.php(363): CodeIgniter\CodeIgniter->run()
 6 SYSTEMPATH\Boot.php(68): CodeIgniter\Boot::runCodeIgniter(Object(CodeIgniter\CodeIgniter))
 7 FCPATH\index.php(59): CodeIgniter\Boot::bootWeb(Object(Config\Paths))
DEBUG - 2025-12-13 03:17:50 --> Session: Class initialized using 'CodeIgniter\Session\Handlers\FileHandler' driver.
WARNING - 2025-12-13 03:17:50 --> [DEPRECATED] Creation of dynamic property App\Controllers\Notifications::$data is deprecated in APPPATH\Controllers\BaseController.php on line 74.
 1 APPPATH\Controllers\BaseController.php(59): App\Controllers\BaseController->loadNotificationData()
 2 SYSTEMPATH\CodeIgniter.php(904): App\Controllers\BaseController->initController(Object(CodeIgniter\HTTP\IncomingRequest), Object(CodeIgniter\HTTP\Response), Object(CodeIgniter\Log\Logger))
 3 SYSTEMPATH\CodeIgniter.php(498): CodeIgniter\CodeIgniter->createController()
 4 SYSTEMPATH\CodeIgniter.php(354): CodeIgniter\CodeIgniter->handleRequest(null, Object(Config\Cache), false)
 5 SYSTEMPATH\Boot.php(363): CodeIgniter\CodeIgniter->run()
 6 SYSTEMPATH\Boot.php(68): CodeIgniter\Boot::runCodeIgniter(Object(CodeIgniter\CodeIgniter))
 7 FCPATH\index.php(59): CodeIgniter\Boot::bootWeb(Object(Config\Paths))
DEBUG - 2025-12-13 03:17:52 --> Session: Class initialized using 'CodeIgniter\Session\Handlers\FileHandler' driver.
WARNING - 2025-12-13 03:17:52 --> [DEPRECATED] Creation of dynamic property App\Controllers\Auth::$data is deprecated in APPPATH\Controllers\BaseController.php on line 74.
 1 APPPATH\Controllers\BaseController.php(59): App\Controllers\BaseController->loadNotificationData()
 2 SYSTEMPATH\CodeIgniter.php(904): App\Controllers\BaseController->initController(Object(CodeIgniter\HTTP\IncomingRequest), Object(CodeIgniter\HTTP\Response), Object(CodeIgniter\Log\Logger))
 3 SYSTEMPATH\CodeIgniter.php(498): CodeIgniter\CodeIgniter->createController()
 4 SYSTEMPATH\CodeIgniter.php(354): CodeIgniter\CodeIgniter->handleRequest(null, Object(Config\Cache), false)
 5 SYSTEMPATH\Boot.php(363): CodeIgniter\CodeIgniter->run()
 6 SYSTEMPATH\Boot.php(68): CodeIgniter\Boot::runCodeIgniter(Object(CodeIgniter\CodeIgniter))
 7 FCPATH\index.php(59): CodeIgniter\Boot::bootWeb(Object(Config\Paths))
DEBUG - 2025-12-13 03:17:53 --> Session: Class initialized using 'CodeIgniter\Session\Handlers\FileHandler' driver.
WARNING - 2025-12-13 03:17:53 --> [DEPRECATED] Creation of dynamic property App\Controllers\Auth::$data is deprecated in APPPATH\Controllers\BaseController.php on line 76.
 1 APPPATH\Controllers\BaseController.php(59): App\Controllers\BaseController->loadNotificationData()
 2 SYSTEMPATH\CodeIgniter.php(904): App\Controllers\BaseController->initController(Object(CodeIgniter\HTTP\IncomingRequest), Object(CodeIgniter\HTTP\Response), Object(CodeIgniter\Log\Logger))
 3 SYSTEMPATH\CodeIgniter.php(498): CodeIgniter\CodeIgniter->createController()
 4 SYSTEMPATH\CodeIgniter.php(354): CodeIgniter\CodeIgniter->handleRequest(null, Object(Config\Cache), false)
 5 SYSTEMPATH\Boot.php(363): CodeIgniter\CodeIgniter->run()
 6 SYSTEMPATH\Boot.php(68): CodeIgniter\Boot::runCodeIgniter(Object(CodeIgniter\CodeIgniter))
 7 FCPATH\index.php(59): CodeIgniter\Boot::bootWeb(Object(Config\Paths))
DEBUG - 2025-12-13 03:17:53 --> Session: Class initialized using 'CodeIgniter\Session\Handlers\FileHandler' driver.
WARNING - 2025-12-13 03:17:53 --> [DEPRECATED] Creation of dynamic property App\Controllers\Notifications::$data is deprecated in APPPATH\Controllers\BaseController.php on line 76.
 1 APPPATH\Controllers\BaseController.php(59): App\Controllers\BaseController->loadNotificationData()
 2 SYSTEMPATH\CodeIgniter.php(904): App\Controllers\BaseController->initController(Object(CodeIgniter\HTTP\IncomingRequest), Object(CodeIgniter\HTTP\Response), Object(CodeIgniter\Log\Logger))
 3 SYSTEMPATH\CodeIgniter.php(498): CodeIgniter\CodeIgniter->createController()
 4 SYSTEMPATH\CodeIgniter.php(354): CodeIgniter\CodeIgniter->handleRequest(null, Object(Config\Cache), false)
 5 SYSTEMPATH\Boot.php(363): CodeIgniter\CodeIgniter->run()
 6 SYSTEMPATH\Boot.php(68): CodeIgniter\Boot::runCodeIgniter(Object(CodeIgniter\CodeIgniter))
 7 FCPATH\index.php(59): CodeIgniter\Boot::bootWeb(Object(Config\Paths))
INFO - 2025-12-13 03:17:58 --> CSRF token verified.
DEBUG - 2025-12-13 03:17:58 --> Session: Class initialized using 'CodeIgniter\Session\Handlers\FileHandler' driver.
WARNING - 2025-12-13 03:17:58 --> [DEPRECATED] Creation of dynamic property App\Controllers\Auth::$data is deprecated in APPPATH\Controllers\BaseController.php on line 76.
 1 APPPATH\Controllers\BaseController.php(59): App\Controllers\BaseController->loadNotificationData()
 2 SYSTEMPATH\CodeIgniter.php(904): App\Controllers\BaseController->initController(Object(CodeIgniter\HTTP\IncomingRequest), Object(CodeIgniter\HTTP\Response), Object(CodeIgniter\Log\Logger))
 3 SYSTEMPATH\CodeIgniter.php(498): CodeIgniter\CodeIgniter->createController()
 4 SYSTEMPATH\CodeIgniter.php(354): CodeIgniter\CodeIgniter->handleRequest(null, Object(Config\Cache), false)
 5 SYSTEMPATH\Boot.php(363): CodeIgniter\CodeIgniter->run()
 6 SYSTEMPATH\Boot.php(68): CodeIgniter\Boot::runCodeIgniter(Object(CodeIgniter\CodeIgniter))
 7 FCPATH\index.php(59): CodeIgniter\Boot::bootWeb(Object(Config\Paths))
DEBUG - 2025-12-13 03:17:59 --> Session: Class initialized using 'CodeIgniter\Session\Handlers\FileHandler' driver.
WARNING - 2025-12-13 03:17:59 --> [DEPRECATED] Creation of dynamic property App\Controllers\Auth::$data is deprecated in APPPATH\Controllers\BaseController.php on line 74.
 1 APPPATH\Controllers\BaseController.php(59): App\Controllers\BaseController->loadNotificationData()
 2 SYSTEMPATH\CodeIgniter.php(904): App\Controllers\BaseController->initController(Object(CodeIgniter\HTTP\IncomingRequest), Object(CodeIgniter\HTTP\Response), Object(CodeIgniter\Log\Logger))
 3 SYSTEMPATH\CodeIgniter.php(498): CodeIgniter\CodeIgniter->createController()
 4 SYSTEMPATH\CodeIgniter.php(354): CodeIgniter\CodeIgniter->handleRequest(null, Object(Config\Cache), false)
 5 SYSTEMPATH\Boot.php(363): CodeIgniter\CodeIgniter->run()
 6 SYSTEMPATH\Boot.php(68): CodeIgniter\Boot::runCodeIgniter(Object(CodeIgniter\CodeIgniter))
 7 FCPATH\index.php(59): CodeIgniter\Boot::bootWeb(Object(Config\Paths))
DEBUG - 2025-12-13 03:17:59 --> Session: Class initialized using 'CodeIgniter\Session\Handlers\FileHandler' driver.
WARNING - 2025-12-13 03:17:59 --> [DEPRECATED] Creation of dynamic property App\Controllers\Notifications::$data is deprecated in APPPATH\Controllers\BaseController.php on line 74.
 1 APPPATH\Controllers\BaseController.php(59): App\Controllers\BaseController->loadNotificationData()
 2 SYSTEMPATH\CodeIgniter.php(904): App\Controllers\BaseController->initController(Object(CodeIgniter\HTTP\IncomingRequest), Object(CodeIgniter\HTTP\Response), Object(CodeIgniter\Log\Logger))
 3 SYSTEMPATH\CodeIgniter.php(498): CodeIgniter\CodeIgniter->createController()
 4 SYSTEMPATH\CodeIgniter.php(354): CodeIgniter\CodeIgniter->handleRequest(null, Object(Config\Cache), false)
 5 SYSTEMPATH\Boot.php(363): CodeIgniter\CodeIgniter->run()
 6 SYSTEMPATH\Boot.php(68): CodeIgniter\Boot::runCodeIgniter(Object(CodeIgniter\CodeIgniter))
 7 FCPATH\index.php(59): CodeIgniter\Boot::bootWeb(Object(Config\Paths))
DEBUG - 2025-12-13 03:18:05 --> Session: Class initialized using 'CodeIgniter\Session\Handlers\FileHandler' driver.
WARNING - 2025-12-13 03:18:05 --> [DEPRECATED] Creation of dynamic property App\Controllers\Course::$data is deprecated in APPPATH\Controllers\BaseController.php on line 74.
 1 APPPATH\Controllers\BaseController.php(59): App\Controllers\BaseController->loadNotificationData()
 2 SYSTEMPATH\CodeIgniter.php(904): App\Controllers\BaseController->initController(Object(CodeIgniter\HTTP\IncomingRequest), Object(CodeIgniter\HTTP\Response), Object(CodeIgniter\Log\Logger))
 3 SYSTEMPATH\CodeIgniter.php(498): CodeIgniter\CodeIgniter->createController()
 4 SYSTEMPATH\CodeIgniter.php(354): CodeIgniter\CodeIgniter->handleRequest(null, Object(Config\Cache), false)
 5 SYSTEMPATH\Boot.php(363): CodeIgniter\CodeIgniter->run()
 6 SYSTEMPATH\Boot.php(68): CodeIgniter\Boot::runCodeIgniter(Object(CodeIgniter\CodeIgniter))
 7 FCPATH\index.php(59): CodeIgniter\Boot::bootWeb(Object(Config\Paths))
DEBUG - 2025-12-13 03:18:06 --> Session: Class initialized using 'CodeIgniter\Session\Handlers\FileHandler' driver.
WARNING - 2025-12-13 03:18:06 --> [DEPRECATED] Creation of dynamic property App\Controllers\Notifications::$data is deprecated in APPPATH\Controllers\BaseController.php on line 74.
 1 APPPATH\Controllers\BaseController.php(59): App\Controllers\BaseController->loadNotificationData()
 2 SYSTEMPATH\CodeIgniter.php(904): App\Controllers\BaseController->initController(Object(CodeIgniter\HTTP\IncomingRequest), Object(CodeIgniter\HTTP\Response), Object(CodeIgniter\Log\Logger))
 3 SYSTEMPATH\CodeIgniter.php(498): CodeIgniter\CodeIgniter->createController()
 4 SYSTEMPATH\CodeIgniter.php(354): CodeIgniter\CodeIgniter->handleRequest(null, Object(Config\Cache), false)
 5 SYSTEMPATH\Boot.php(363): CodeIgniter\CodeIgniter->run()
 6 SYSTEMPATH\Boot.php(68): CodeIgniter\Boot::runCodeIgniter(Object(CodeIgniter\CodeIgniter))
 7 FCPATH\index.php(59): CodeIgniter\Boot::bootWeb(Object(Config\Paths))
DEBUG - 2025-12-13 03:18:16 --> Session: Class initialized using 'CodeIgniter\Session\Handlers\FileHandler' driver.
WARNING - 2025-12-13 03:18:16 --> [DEPRECATED] Creation of dynamic property App\Controllers\Home::$data is deprecated in APPPATH\Controllers\BaseController.php on line 76.
 1 APPPATH\Controllers\BaseController.php(59): App\Controllers\BaseController->loadNotificationData()
 2 SYSTEMPATH\CodeIgniter.php(904): App\Controllers\BaseController->initController(Object(CodeIgniter\HTTP\IncomingRequest), Object(CodeIgniter\HTTP\Response), Object(CodeIgniter\Log\Logger))
 3 SYSTEMPATH\CodeIgniter.php(498): CodeIgniter\CodeIgniter->createController()
 4 SYSTEMPATH\CodeIgniter.php(354): CodeIgniter\CodeIgniter->handleRequest(null, Object(Config\Cache), false)
 5 SYSTEMPATH\Boot.php(363): CodeIgniter\CodeIgniter->run()
 6 SYSTEMPATH\Boot.php(68): CodeIgniter\Boot::runCodeIgniter(Object(CodeIgniter\CodeIgniter))
 7 FCPATH\index.php(59): CodeIgniter\Boot::bootWeb(Object(Config\Paths))
DEBUG - 2025-12-13 03:18:17 --> Session: Class initialized using 'CodeIgniter\Session\Handlers\FileHandler' driver.
WARNING - 2025-12-13 03:18:17 --> [DEPRECATED] Creation of dynamic property App\Controllers\Notifications::$data is deprecated in APPPATH\Controllers\BaseController.php on line 76.
 1 APPPATH\Controllers\BaseController.php(59): App\Controllers\BaseController->loadNotificationData()
 2 SYSTEMPATH\CodeIgniter.php(904): App\Controllers\BaseController->initController(Object(CodeIgniter\HTTP\IncomingRequest), Object(CodeIgniter\HTTP\Response), Object(CodeIgniter\Log\Logger))
 3 SYSTEMPATH\CodeIgniter.php(498): CodeIgniter\CodeIgniter->createController()
 4 SYSTEMPATH\CodeIgniter.php(354): CodeIgniter\CodeIgniter->handleRequest(null, Object(Config\Cache), false)
 5 SYSTEMPATH\Boot.php(363): CodeIgniter\CodeIgniter->run()
 6 SYSTEMPATH\Boot.php(68): CodeIgniter\Boot::runCodeIgniter(Object(CodeIgniter\CodeIgniter))
 7 FCPATH\index.php(59): CodeIgniter\Boot::bootWeb(Object(Config\Paths))
DEBUG - 2025-12-13 03:18:21 --> Session: Class initialized using 'CodeIgniter\Session\Handlers\FileHandler' driver.
WARNING - 2025-12-13 03:18:21 --> [DEPRECATED] Creation of dynamic property App\Controllers\Auth::$data is deprecated in APPPATH\Controllers\BaseController.php on line 76.
 1 APPPATH\Controllers\BaseController.php(59): App\Controllers\BaseController->loadNotificationData()
 2 SYSTEMPATH\CodeIgniter.php(904): App\Controllers\BaseController->initController(Object(CodeIgniter\HTTP\IncomingRequest), Object(CodeIgniter\HTTP\Response), Object(CodeIgniter\Log\Logger))
 3 SYSTEMPATH\CodeIgniter.php(498): CodeIgniter\CodeIgniter->createController()
 4 SYSTEMPATH\CodeIgniter.php(354): CodeIgniter\CodeIgniter->handleRequest(null, Object(Config\Cache), false)
 5 SYSTEMPATH\Boot.php(363): CodeIgniter\CodeIgniter->run()
 6 SYSTEMPATH\Boot.php(68): CodeIgniter\Boot::runCodeIgniter(Object(CodeIgniter\CodeIgniter))
 7 FCPATH\index.php(59): CodeIgniter\Boot::bootWeb(Object(Config\Paths))
DEBUG - 2025-12-13 03:18:22 --> Session: Class initialized using 'CodeIgniter\Session\Handlers\FileHandler' driver.
WARNING - 2025-12-13 03:18:22 --> [DEPRECATED] Creation of dynamic property App\Controllers\Notifications::$data is deprecated in APPPATH\Controllers\BaseController.php on line 76.
 1 APPPATH\Controllers\BaseController.php(59): App\Controllers\BaseController->loadNotificationData()
 2 SYSTEMPATH\CodeIgniter.php(904): App\Controllers\BaseController->initController(Object(CodeIgniter\HTTP\IncomingRequest), Object(CodeIgniter\HTTP\Response), Object(CodeIgniter\Log\Logger))
 3 SYSTEMPATH\CodeIgniter.php(498): CodeIgniter\CodeIgniter->createController()
 4 SYSTEMPATH\CodeIgniter.php(354): CodeIgniter\CodeIgniter->handleRequest(null, Object(Config\Cache), false)
 5 SYSTEMPATH\Boot.php(363): CodeIgniter\CodeIgniter->run()
 6 SYSTEMPATH\Boot.php(68): CodeIgniter\Boot::runCodeIgniter(Object(CodeIgniter\CodeIgniter))
 7 FCPATH\index.php(59): CodeIgniter\Boot::bootWeb(Object(Config\Paths))
INFO - 2025-12-13 03:18:29 --> CSRF token verified.
DEBUG - 2025-12-13 03:18:29 --> Session: Class initialized using 'CodeIgniter\Session\Handlers\FileHandler' driver.
WARNING - 2025-12-13 03:18:29 --> [DEPRECATED] Creation of dynamic property App\Controllers\Auth::$data is deprecated in APPPATH\Controllers\BaseController.php on line 76.
 1 APPPATH\Controllers\BaseController.php(59): App\Controllers\BaseController->loadNotificationData()
 2 SYSTEMPATH\CodeIgniter.php(904): App\Controllers\BaseController->initController(Object(CodeIgniter\HTTP\IncomingRequest), Object(CodeIgniter\HTTP\Response), Object(CodeIgniter\Log\Logger))
 3 SYSTEMPATH\CodeIgniter.php(498): CodeIgniter\CodeIgniter->createController()
 4 SYSTEMPATH\CodeIgniter.php(354): CodeIgniter\CodeIgniter->handleRequest(null, Object(Config\Cache), false)
 5 SYSTEMPATH\Boot.php(363): CodeIgniter\CodeIgniter->run()
 6 SYSTEMPATH\Boot.php(68): CodeIgniter\Boot::runCodeIgniter(Object(CodeIgniter\CodeIgniter))
 7 FCPATH\index.php(59): CodeIgniter\Boot::bootWeb(Object(Config\Paths))
DEBUG - 2025-12-13 03:18:29 --> Session: Class initialized using 'CodeIgniter\Session\Handlers\FileHandler' driver.
WARNING - 2025-12-13 03:18:29 --> [DEPRECATED] Creation of dynamic property App\Controllers\Announcement::$data is deprecated in APPPATH\Controllers\BaseController.php on line 74.
 1 APPPATH\Controllers\BaseController.php(59): App\Controllers\BaseController->loadNotificationData()
 2 SYSTEMPATH\CodeIgniter.php(904): App\Controllers\BaseController->initController(Object(CodeIgniter\HTTP\IncomingRequest), Object(CodeIgniter\HTTP\Response), Object(CodeIgniter\Log\Logger))
 3 SYSTEMPATH\CodeIgniter.php(498): CodeIgniter\CodeIgniter->createController()
 4 SYSTEMPATH\CodeIgniter.php(354): CodeIgniter\CodeIgniter->handleRequest(null, Object(Config\Cache), false)
 5 SYSTEMPATH\Boot.php(363): CodeIgniter\CodeIgniter->run()
 6 SYSTEMPATH\Boot.php(68): CodeIgniter\Boot::runCodeIgniter(Object(CodeIgniter\CodeIgniter))
 7 FCPATH\index.php(59): CodeIgniter\Boot::bootWeb(Object(Config\Paths))
DEBUG - 2025-12-13 03:18:30 --> Session: Class initialized using 'CodeIgniter\Session\Handlers\FileHandler' driver.
WARNING - 2025-12-13 03:18:30 --> [DEPRECATED] Creation of dynamic property App\Controllers\Notifications::$data is deprecated in APPPATH\Controllers\BaseController.php on line 74.
 1 APPPATH\Controllers\BaseController.php(59): App\Controllers\BaseController->loadNotificationData()
 2 SYSTEMPATH\CodeIgniter.php(904): App\Controllers\BaseController->initController(Object(CodeIgniter\HTTP\IncomingRequest), Object(CodeIgniter\HTTP\Response), Object(CodeIgniter\Log\Logger))
 3 SYSTEMPATH\CodeIgniter.php(498): CodeIgniter\CodeIgniter->createController()
 4 SYSTEMPATH\CodeIgniter.php(354): CodeIgniter\CodeIgniter->handleRequest(null, Object(Config\Cache), false)
 5 SYSTEMPATH\Boot.php(363): CodeIgniter\CodeIgniter->run()
 6 SYSTEMPATH\Boot.php(68): CodeIgniter\Boot::runCodeIgniter(Object(CodeIgniter\CodeIgniter))
 7 FCPATH\index.php(59): CodeIgniter\Boot::bootWeb(Object(Config\Paths))
DEBUG - 2025-12-13 03:18:32 --> Session: Class initialized using 'CodeIgniter\Session\Handlers\FileHandler' driver.
WARNING - 2025-12-13 03:18:32 --> [DEPRECATED] Creation of dynamic property App\Controllers\Auth::$data is deprecated in APPPATH\Controllers\BaseController.php on line 74.
 1 APPPATH\Controllers\BaseController.php(59): App\Controllers\BaseController->loadNotificationData()
 2 SYSTEMPATH\CodeIgniter.php(904): App\Controllers\BaseController->initController(Object(CodeIgniter\HTTP\IncomingRequest), Object(CodeIgniter\HTTP\Response), Object(CodeIgniter\Log\Logger))
 3 SYSTEMPATH\CodeIgniter.php(498): CodeIgniter\CodeIgniter->createController()
 4 SYSTEMPATH\CodeIgniter.php(354): CodeIgniter\CodeIgniter->handleRequest(null, Object(Config\Cache), false)
 5 SYSTEMPATH\Boot.php(363): CodeIgniter\CodeIgniter->run()
 6 SYSTEMPATH\Boot.php(68): CodeIgniter\Boot::runCodeIgniter(Object(CodeIgniter\CodeIgniter))
 7 FCPATH\index.php(59): CodeIgniter\Boot::bootWeb(Object(Config\Paths))
DEBUG - 2025-12-13 03:18:32 --> Session: Class initialized using 'CodeIgniter\Session\Handlers\FileHandler' driver.
WARNING - 2025-12-13 03:18:32 --> [DEPRECATED] Creation of dynamic property App\Controllers\Auth::$data is deprecated in APPPATH\Controllers\BaseController.php on line 74.
 1 APPPATH\Controllers\BaseController.php(59): App\Controllers\BaseController->loadNotificationData()
 2 SYSTEMPATH\CodeIgniter.php(904): App\Controllers\BaseController->initController(Object(CodeIgniter\HTTP\IncomingRequest), Object(CodeIgniter\HTTP\Response), Object(CodeIgniter\Log\Logger))
 3 SYSTEMPATH\CodeIgniter.php(498): CodeIgniter\CodeIgniter->createController()
 4 SYSTEMPATH\CodeIgniter.php(354): CodeIgniter\CodeIgniter->handleRequest(null, Object(Config\Cache), false)
 5 SYSTEMPATH\Boot.php(363): CodeIgniter\CodeIgniter->run()
 6 SYSTEMPATH\Boot.php(68): CodeIgniter\Boot::runCodeIgniter(Object(CodeIgniter\CodeIgniter))
 7 FCPATH\index.php(59): CodeIgniter\Boot::bootWeb(Object(Config\Paths))
DEBUG - 2025-12-13 03:18:33 --> Session: Class initialized using 'CodeIgniter\Session\Handlers\FileHandler' driver.
WARNING - 2025-12-13 03:18:33 --> [DEPRECATED] Creation of dynamic property App\Controllers\Notifications::$data is deprecated in APPPATH\Controllers\BaseController.php on line 74.
 1 APPPATH\Controllers\BaseController.php(59): App\Controllers\BaseController->loadNotificationData()
 2 SYSTEMPATH\CodeIgniter.php(904): App\Controllers\BaseController->initController(Object(CodeIgniter\HTTP\IncomingRequest), Object(CodeIgniter\HTTP\Response), Object(CodeIgniter\Log\Logger))
 3 SYSTEMPATH\CodeIgniter.php(498): CodeIgniter\CodeIgniter->createController()
 4 SYSTEMPATH\CodeIgniter.php(354): CodeIgniter\CodeIgniter->handleRequest(null, Object(Config\Cache), false)
 5 SYSTEMPATH\Boot.php(363): CodeIgniter\CodeIgniter->run()
 6 SYSTEMPATH\Boot.php(68): CodeIgniter\Boot::runCodeIgniter(Object(CodeIgniter\CodeIgniter))
 7 FCPATH\index.php(59): CodeIgniter\Boot::bootWeb(Object(Config\Paths))
DEBUG - 2025-12-13 03:19:06 --> Session: Class initialized using 'CodeIgniter\Session\Handlers\FileHandler' driver.
WARNING - 2025-12-13 03:19:06 --> [DEPRECATED] Creation of dynamic property App\Controllers\Notifications::$data is deprecated in APPPATH\Controllers\BaseController.php on line 74.
 1 APPPATH\Controllers\BaseController.php(59): App\Controllers\BaseController->loadNotificationData()
 2 SYSTEMPATH\CodeIgniter.php(904): App\Controllers\BaseController->initController(Object(CodeIgniter\HTTP\IncomingRequest), Object(CodeIgniter\HTTP\Response), Object(CodeIgniter\Log\Logger))
 3 SYSTEMPATH\CodeIgniter.php(498): CodeIgniter\CodeIgniter->createController()
 4 SYSTEMPATH\CodeIgniter.php(354): CodeIgniter\CodeIgniter->handleRequest(null, Object(Config\Cache), false)
 5 SYSTEMPATH\Boot.php(363): CodeIgniter\CodeIgniter->run()
 6 SYSTEMPATH\Boot.php(68): CodeIgniter\Boot::runCodeIgniter(Object(CodeIgniter\CodeIgniter))
 7 FCPATH\index.php(59): CodeIgniter\Boot::bootWeb(Object(Config\Paths))
INFO - 2025-12-13 03:19:17 --> CSRF token verified.
DEBUG - 2025-12-13 03:19:17 --> Session: Class initialized using 'CodeIgniter\Session\Handlers\FileHandler' driver.
WARNING - 2025-12-13 03:19:17 --> [DEPRECATED] Creation of dynamic property App\Controllers\Course::$data is deprecated in APPPATH\Controllers\BaseController.php on line 74.
 1 APPPATH\Controllers\BaseController.php(59): App\Controllers\BaseController->loadNotificationData()
 2 SYSTEMPATH\CodeIgniter.php(904): App\Controllers\BaseController->initController(Object(CodeIgniter\HTTP\IncomingRequest), Object(CodeIgniter\HTTP\Response), Object(CodeIgniter\Log\Logger))
 3 SYSTEMPATH\CodeIgniter.php(498): CodeIgniter\CodeIgniter->createController()
 4 SYSTEMPATH\CodeIgniter.php(354): CodeIgniter\CodeIgniter->handleRequest(null, Object(Config\Cache), false)
 5 SYSTEMPATH\Boot.php(363): CodeIgniter\CodeIgniter->run()
 6 SYSTEMPATH\Boot.php(68): CodeIgniter\Boot::runCodeIgniter(Object(CodeIgniter\CodeIgniter))
 7 FCPATH\index.php(59): CodeIgniter\Boot::bootWeb(Object(Config\Paths))
DEBUG - 2025-12-13 03:19:18 --> Session: Class initialized using 'CodeIgniter\Session\Handlers\FileHandler' driver.
WARNING - 2025-12-13 03:19:19 --> [DEPRECATED] Creation of dynamic property App\Controllers\Course::$data is deprecated in APPPATH\Controllers\BaseController.php on line 74.
 1 APPPATH\Controllers\BaseController.php(59): App\Controllers\BaseController->loadNotificationData()
 2 SYSTEMPATH\CodeIgniter.php(904): App\Controllers\BaseController->initController(Object(CodeIgniter\HTTP\IncomingRequest), Object(CodeIgniter\HTTP\Response), Object(CodeIgniter\Log\Logger))
 3 SYSTEMPATH\CodeIgniter.php(498): CodeIgniter\CodeIgniter->createController()
 4 SYSTEMPATH\CodeIgniter.php(354): CodeIgniter\CodeIgniter->handleRequest(null, Object(Config\Cache), false)
 5 SYSTEMPATH\Boot.php(363): CodeIgniter\CodeIgniter->run()
 6 SYSTEMPATH\Boot.php(68): CodeIgniter\Boot::runCodeIgniter(Object(CodeIgniter\CodeIgniter))
 7 FCPATH\index.php(59): CodeIgniter\Boot::bootWeb(Object(Config\Paths))
DEBUG - 2025-12-13 03:19:20 --> Session: Class initialized using 'CodeIgniter\Session\Handlers\FileHandler' driver.
WARNING - 2025-12-13 03:19:20 --> [DEPRECATED] Creation of dynamic property App\Controllers\Notifications::$data is deprecated in APPPATH\Controllers\BaseController.php on line 74.
 1 APPPATH\Controllers\BaseController.php(59): App\Controllers\BaseController->loadNotificationData()
 2 SYSTEMPATH\CodeIgniter.php(904): App\Controllers\BaseController->initController(Object(CodeIgniter\HTTP\IncomingRequest), Object(CodeIgniter\HTTP\Response), Object(CodeIgniter\Log\Logger))
 3 SYSTEMPATH\CodeIgniter.php(498): CodeIgniter\CodeIgniter->createController()
 4 SYSTEMPATH\CodeIgniter.php(354): CodeIgniter\CodeIgniter->handleRequest(null, Object(Config\Cache), false)
 5 SYSTEMPATH\Boot.php(363): CodeIgniter\CodeIgniter->run()
 6 SYSTEMPATH\Boot.php(68): CodeIgniter\Boot::runCodeIgniter(Object(CodeIgniter\CodeIgniter))
 7 FCPATH\index.php(59): CodeIgniter\Boot::bootWeb(Object(Config\Paths))
DEBUG - 2025-12-13 03:19:23 --> Session: Class initialized using 'CodeIgniter\Session\Handlers\FileHandler' driver.
WARNING - 2025-12-13 03:19:23 --> [DEPRECATED] Creation of dynamic property App\Controllers\Course::$data is deprecated in APPPATH\Controllers\BaseController.php on line 74.
 1 APPPATH\Controllers\BaseController.php(59): App\Controllers\BaseController->loadNotificationData()
 2 SYSTEMPATH\CodeIgniter.php(904): App\Controllers\BaseController->initController(Object(CodeIgniter\HTTP\IncomingRequest), Object(CodeIgniter\HTTP\Response), Object(CodeIgniter\Log\Logger))
 3 SYSTEMPATH\CodeIgniter.php(498): CodeIgniter\CodeIgniter->createController()
 4 SYSTEMPATH\CodeIgniter.php(354): CodeIgniter\CodeIgniter->handleRequest(null, Object(Config\Cache), false)
 5 SYSTEMPATH\Boot.php(363): CodeIgniter\CodeIgniter->run()
 6 SYSTEMPATH\Boot.php(68): CodeIgniter\Boot::runCodeIgniter(Object(CodeIgniter\CodeIgniter))
 7 FCPATH\index.php(59): CodeIgniter\Boot::bootWeb(Object(Config\Paths))
DEBUG - 2025-12-13 03:19:24 --> Session: Class initialized using 'CodeIgniter\Session\Handlers\FileHandler' driver.
WARNING - 2025-12-13 03:19:24 --> [DEPRECATED] Creation of dynamic property App\Controllers\Notifications::$data is deprecated in APPPATH\Controllers\BaseController.php on line 74.
 1 APPPATH\Controllers\BaseController.php(59): App\Controllers\BaseController->loadNotificationData()
 2 SYSTEMPATH\CodeIgniter.php(904): App\Controllers\BaseController->initController(Object(CodeIgniter\HTTP\IncomingRequest), Object(CodeIgniter\HTTP\Response), Object(CodeIgniter\Log\Logger))
 3 SYSTEMPATH\CodeIgniter.php(498): CodeIgniter\CodeIgniter->createController()
 4 SYSTEMPATH\CodeIgniter.php(354): CodeIgniter\CodeIgniter->handleRequest(null, Object(Config\Cache), false)
 5 SYSTEMPATH\Boot.php(363): CodeIgniter\CodeIgniter->run()
 6 SYSTEMPATH\Boot.php(68): CodeIgniter\Boot::runCodeIgniter(Object(CodeIgniter\CodeIgniter))
 7 FCPATH\index.php(59): CodeIgniter\Boot::bootWeb(Object(Config\Paths))
DEBUG - 2025-12-13 03:19:34 --> Session: Class initialized using 'CodeIgniter\Session\Handlers\FileHandler' driver.
WARNING - 2025-12-13 03:19:34 --> [DEPRECATED] Creation of dynamic property App\Controllers\Notifications::$data is deprecated in APPPATH\Controllers\BaseController.php on line 74.
 1 APPPATH\Controllers\BaseController.php(59): App\Controllers\BaseController->loadNotificationData()
 2 SYSTEMPATH\CodeIgniter.php(904): App\Controllers\BaseController->initController(Object(CodeIgniter\HTTP\IncomingRequest), Object(CodeIgniter\HTTP\Response), Object(CodeIgniter\Log\Logger))
 3 SYSTEMPATH\CodeIgniter.php(498): CodeIgniter\CodeIgniter->createController()
 4 SYSTEMPATH\CodeIgniter.php(354): CodeIgniter\CodeIgniter->handleRequest(null, Object(Config\Cache), false)
 5 SYSTEMPATH\Boot.php(363): CodeIgniter\CodeIgniter->run()
 6 SYSTEMPATH\Boot.php(68): CodeIgniter\Boot::runCodeIgniter(Object(CodeIgniter\CodeIgniter))
 7 FCPATH\index.php(59): CodeIgniter\Boot::bootWeb(Object(Config\Paths))
INFO - 2025-12-13 03:19:49 --> CSRF token verified.
DEBUG - 2025-12-13 03:19:49 --> Session: Class initialized using 'CodeIgniter\Session\Handlers\FileHandler' driver.
WARNING - 2025-12-13 03:19:49 --> [DEPRECATED] Creation of dynamic property App\Controllers\Course::$data is deprecated in APPPATH\Controllers\BaseController.php on line 74.
 1 APPPATH\Controllers\BaseController.php(59): App\Controllers\BaseController->loadNotificationData()
 2 SYSTEMPATH\CodeIgniter.php(904): App\Controllers\BaseController->initController(Object(CodeIgniter\HTTP\IncomingRequest), Object(CodeIgniter\HTTP\Response), Object(CodeIgniter\Log\Logger))
 3 SYSTEMPATH\CodeIgniter.php(498): CodeIgniter\CodeIgniter->createController()
 4 SYSTEMPATH\CodeIgniter.php(354): CodeIgniter\CodeIgniter->handleRequest(null, Object(Config\Cache), false)
 5 SYSTEMPATH\Boot.php(363): CodeIgniter\CodeIgniter->run()
 6 SYSTEMPATH\Boot.php(68): CodeIgniter\Boot::runCodeIgniter(Object(CodeIgniter\CodeIgniter))
 7 FCPATH\index.php(59): CodeIgniter\Boot::bootWeb(Object(Config\Paths))
DEBUG - 2025-12-13 03:19:49 --> Session: Class initialized using 'CodeIgniter\Session\Handlers\FileHandler' driver.
WARNING - 2025-12-13 03:19:49 --> [DEPRECATED] Creation of dynamic property App\Controllers\Course::$data is deprecated in APPPATH\Controllers\BaseController.php on line 74.
 1 APPPATH\Controllers\BaseController.php(59): App\Controllers\BaseController->loadNotificationData()
 2 SYSTEMPATH\CodeIgniter.php(904): App\Controllers\BaseController->initController(Object(CodeIgniter\HTTP\IncomingRequest), Object(CodeIgniter\HTTP\Response), Object(CodeIgniter\Log\Logger))
 3 SYSTEMPATH\CodeIgniter.php(498): CodeIgniter\CodeIgniter->createController()
 4 SYSTEMPATH\CodeIgniter.php(354): CodeIgniter\CodeIgniter->handleRequest(null, Object(Config\Cache), false)
 5 SYSTEMPATH\Boot.php(363): CodeIgniter\CodeIgniter->run()
 6 SYSTEMPATH\Boot.php(68): CodeIgniter\Boot::runCodeIgniter(Object(CodeIgniter\CodeIgniter))
 7 FCPATH\index.php(59): CodeIgniter\Boot::bootWeb(Object(Config\Paths))
DEBUG - 2025-12-13 03:19:50 --> Session: Class initialized using 'CodeIgniter\Session\Handlers\FileHandler' driver.
WARNING - 2025-12-13 03:19:50 --> [DEPRECATED] Creation of dynamic property App\Controllers\Notifications::$data is deprecated in APPPATH\Controllers\BaseController.php on line 74.
 1 APPPATH\Controllers\BaseController.php(59): App\Controllers\BaseController->loadNotificationData()
 2 SYSTEMPATH\CodeIgniter.php(904): App\Controllers\BaseController->initController(Object(CodeIgniter\HTTP\IncomingRequest), Object(CodeIgniter\HTTP\Response), Object(CodeIgniter\Log\Logger))
 3 SYSTEMPATH\CodeIgniter.php(498): CodeIgniter\CodeIgniter->createController()
 4 SYSTEMPATH\CodeIgniter.php(354): CodeIgniter\CodeIgniter->handleRequest(null, Object(Config\Cache), false)
 5 SYSTEMPATH\Boot.php(363): CodeIgniter\CodeIgniter->run()
 6 SYSTEMPATH\Boot.php(68): CodeIgniter\Boot::runCodeIgniter(Object(CodeIgniter\CodeIgniter))
 7 FCPATH\index.php(59): CodeIgniter\Boot::bootWeb(Object(Config\Paths))
DEBUG - 2025-12-13 03:19:54 --> Session: Class initialized using 'CodeIgniter\Session\Handlers\FileHandler' driver.
WARNING - 2025-12-13 03:19:54 --> [DEPRECATED] Creation of dynamic property App\Controllers\Auth::$data is deprecated in APPPATH\Controllers\BaseController.php on line 74.
 1 APPPATH\Controllers\BaseController.php(59): App\Controllers\BaseController->loadNotificationData()
 2 SYSTEMPATH\CodeIgniter.php(904): App\Controllers\BaseController->initController(Object(CodeIgniter\HTTP\IncomingRequest), Object(CodeIgniter\HTTP\Response), Object(CodeIgniter\Log\Logger))
 3 SYSTEMPATH\CodeIgniter.php(498): CodeIgniter\CodeIgniter->createController()
 4 SYSTEMPATH\CodeIgniter.php(354): CodeIgniter\CodeIgniter->handleRequest(null, Object(Config\Cache), false)
 5 SYSTEMPATH\Boot.php(363): CodeIgniter\CodeIgniter->run()
 6 SYSTEMPATH\Boot.php(68): CodeIgniter\Boot::runCodeIgniter(Object(CodeIgniter\CodeIgniter))
 7 FCPATH\index.php(59): CodeIgniter\Boot::bootWeb(Object(Config\Paths))
DEBUG - 2025-12-13 03:19:55 --> Session: Class initialized using 'CodeIgniter\Session\Handlers\FileHandler' driver.
WARNING - 2025-12-13 03:19:55 --> [DEPRECATED] Creation of dynamic property App\Controllers\Auth::$data is deprecated in APPPATH\Controllers\BaseController.php on line 76.
 1 APPPATH\Controllers\BaseController.php(59): App\Controllers\BaseController->loadNotificationData()
 2 SYSTEMPATH\CodeIgniter.php(904): App\Controllers\BaseController->initController(Object(CodeIgniter\HTTP\IncomingRequest), Object(CodeIgniter\HTTP\Response), Object(CodeIgniter\Log\Logger))
 3 SYSTEMPATH\CodeIgniter.php(498): CodeIgniter\CodeIgniter->createController()
 4 SYSTEMPATH\CodeIgniter.php(354): CodeIgniter\CodeIgniter->handleRequest(null, Object(Config\Cache), false)
 5 SYSTEMPATH\Boot.php(363): CodeIgniter\CodeIgniter->run()
 6 SYSTEMPATH\Boot.php(68): CodeIgniter\Boot::runCodeIgniter(Object(CodeIgniter\CodeIgniter))
 7 FCPATH\index.php(59): CodeIgniter\Boot::bootWeb(Object(Config\Paths))
DEBUG - 2025-12-13 03:19:55 --> Session: Class initialized using 'CodeIgniter\Session\Handlers\FileHandler' driver.
WARNING - 2025-12-13 03:19:55 --> [DEPRECATED] Creation of dynamic property App\Controllers\Notifications::$data is deprecated in APPPATH\Controllers\BaseController.php on line 76.
 1 APPPATH\Controllers\BaseController.php(59): App\Controllers\BaseController->loadNotificationData()
 2 SYSTEMPATH\CodeIgniter.php(904): App\Controllers\BaseController->initController(Object(CodeIgniter\HTTP\IncomingRequest), Object(CodeIgniter\HTTP\Response), Object(CodeIgniter\Log\Logger))
 3 SYSTEMPATH\CodeIgniter.php(498): CodeIgniter\CodeIgniter->createController()
 4 SYSTEMPATH\CodeIgniter.php(354): CodeIgniter\CodeIgniter->handleRequest(null, Object(Config\Cache), false)
 5 SYSTEMPATH\Boot.php(363): CodeIgniter\CodeIgniter->run()
 6 SYSTEMPATH\Boot.php(68): CodeIgniter\Boot::runCodeIgniter(Object(CodeIgniter\CodeIgniter))
 7 FCPATH\index.php(59): CodeIgniter\Boot::bootWeb(Object(Config\Paths))
INFO - 2025-12-13 03:20:01 --> CSRF token verified.
DEBUG - 2025-12-13 03:20:01 --> Session: Class initialized using 'CodeIgniter\Session\Handlers\FileHandler' driver.
WARNING - 2025-12-13 03:20:01 --> [DEPRECATED] Creation of dynamic property App\Controllers\Auth::$data is deprecated in APPPATH\Controllers\BaseController.php on line 76.
 1 APPPATH\Controllers\BaseController.php(59): App\Controllers\BaseController->loadNotificationData()
 2 SYSTEMPATH\CodeIgniter.php(904): App\Controllers\BaseController->initController(Object(CodeIgniter\HTTP\IncomingRequest), Object(CodeIgniter\HTTP\Response), Object(CodeIgniter\Log\Logger))
 3 SYSTEMPATH\CodeIgniter.php(498): CodeIgniter\CodeIgniter->createController()
 4 SYSTEMPATH\CodeIgniter.php(354): CodeIgniter\CodeIgniter->handleRequest(null, Object(Config\Cache), false)
 5 SYSTEMPATH\Boot.php(363): CodeIgniter\CodeIgniter->run()
 6 SYSTEMPATH\Boot.php(68): CodeIgniter\Boot::runCodeIgniter(Object(CodeIgniter\CodeIgniter))
 7 FCPATH\index.php(59): CodeIgniter\Boot::bootWeb(Object(Config\Paths))
DEBUG - 2025-12-13 03:20:02 --> Session: Class initialized using 'CodeIgniter\Session\Handlers\FileHandler' driver.
WARNING - 2025-12-13 03:20:02 --> [DEPRECATED] Creation of dynamic property App\Controllers\Auth::$data is deprecated in APPPATH\Controllers\BaseController.php on line 74.
 1 APPPATH\Controllers\BaseController.php(59): App\Controllers\BaseController->loadNotificationData()
 2 SYSTEMPATH\CodeIgniter.php(904): App\Controllers\BaseController->initController(Object(CodeIgniter\HTTP\IncomingRequest), Object(CodeIgniter\HTTP\Response), Object(CodeIgniter\Log\Logger))
 3 SYSTEMPATH\CodeIgniter.php(498): CodeIgniter\CodeIgniter->createController()
 4 SYSTEMPATH\CodeIgniter.php(354): CodeIgniter\CodeIgniter->handleRequest(null, Object(Config\Cache), false)
 5 SYSTEMPATH\Boot.php(363): CodeIgniter\CodeIgniter->run()
 6 SYSTEMPATH\Boot.php(68): CodeIgniter\Boot::runCodeIgniter(Object(CodeIgniter\CodeIgniter))
 7 FCPATH\index.php(59): CodeIgniter\Boot::bootWeb(Object(Config\Paths))
WARNING - 2025-12-13 03:20:02 --> [DEPRECATED] strtotime(): Passing null to parameter #1 ($datetime) of type string is deprecated in APPPATH\Views\auth\dashboard.php on line 102.
 1 APPPATH\Views\auth\dashboard.php(102): strtotime(null)
 2 SYSTEMPATH\View\View.php(226): include('C:\\xampp\\htdocs\\ITE311-MORIL\\app\\Views\\auth\\dashboard.php')
 3 SYSTEMPATH\View\View.php(229): CodeIgniter\View\View->CodeIgniter\View\{closure}()
 4 SYSTEMPATH\Common.php(1167): CodeIgniter\View\View->render('auth/dashboard', [], true)
 5 APPPATH\Controllers\Auth.php(357): view('auth/dashboard', [...])
 6 SYSTEMPATH\CodeIgniter.php(933): App\Controllers\Auth->dashboard()
 7 SYSTEMPATH\CodeIgniter.php(507): CodeIgniter\CodeIgniter->runController(Object(App\Controllers\Auth))
 8 SYSTEMPATH\CodeIgniter.php(354): CodeIgniter\CodeIgniter->handleRequest(null, Object(Config\Cache), false)
 9 SYSTEMPATH\Boot.php(363): CodeIgniter\CodeIgniter->run()
10 SYSTEMPATH\Boot.php(68): CodeIgniter\Boot::runCodeIgniter(Object(CodeIgniter\CodeIgniter))
11 FCPATH\index.php(59): CodeIgniter\Boot::bootWeb(Object(Config\Paths))
WARNING - 2025-12-13 03:20:02 --> [DEPRECATED] strtotime(): Passing null to parameter #1 ($datetime) of type string is deprecated in APPPATH\Views\auth\dashboard.php on line 102.
 1 APPPATH\Views\auth\dashboard.php(102): strtotime(null)
 2 SYSTEMPATH\View\View.php(226): include('C:\\xampp\\htdocs\\ITE311-MORIL\\app\\Views\\auth\\dashboard.php')
 3 SYSTEMPATH\View\View.php(229): CodeIgniter\View\View->CodeIgniter\View\{closure}()
 4 SYSTEMPATH\Common.php(1167): CodeIgniter\View\View->render('auth/dashboard', [], true)
 5 APPPATH\Controllers\Auth.php(357): view('auth/dashboard', [...])
 6 SYSTEMPATH\CodeIgniter.php(933): App\Controllers\Auth->dashboard()
 7 SYSTEMPATH\CodeIgniter.php(507): CodeIgniter\CodeIgniter->runController(Object(App\Controllers\Auth))
 8 SYSTEMPATH\CodeIgniter.php(354): CodeIgniter\CodeIgniter->handleRequest(null, Object(Config\Cache), false)
 9 SYSTEMPATH\Boot.php(363): CodeIgniter\CodeIgniter->run()
10 SYSTEMPATH\Boot.php(68): CodeIgniter\Boot::runCodeIgniter(Object(CodeIgniter\CodeIgniter))
11 FCPATH\index.php(59): CodeIgniter\Boot::bootWeb(Object(Config\Paths))
DEBUG - 2025-12-13 03:20:02 --> Session: Class initialized using 'CodeIgniter\Session\Handlers\FileHandler' driver.
WARNING - 2025-12-13 03:20:02 --> [DEPRECATED] Creation of dynamic property App\Controllers\Notifications::$data is deprecated in APPPATH\Controllers\BaseController.php on line 74.
 1 APPPATH\Controllers\BaseController.php(59): App\Controllers\BaseController->loadNotificationData()
 2 SYSTEMPATH\CodeIgniter.php(904): App\Controllers\BaseController->initController(Object(CodeIgniter\HTTP\IncomingRequest), Object(CodeIgniter\HTTP\Response), Object(CodeIgniter\Log\Logger))
 3 SYSTEMPATH\CodeIgniter.php(498): CodeIgniter\CodeIgniter->createController()
 4 SYSTEMPATH\CodeIgniter.php(354): CodeIgniter\CodeIgniter->handleRequest(null, Object(Config\Cache), false)
 5 SYSTEMPATH\Boot.php(363): CodeIgniter\CodeIgniter->run()
 6 SYSTEMPATH\Boot.php(68): CodeIgniter\Boot::runCodeIgniter(Object(CodeIgniter\CodeIgniter))
 7 FCPATH\index.php(59): CodeIgniter\Boot::bootWeb(Object(Config\Paths))
DEBUG - 2025-12-13 03:20:10 --> Session: Class initialized using 'CodeIgniter\Session\Handlers\FileHandler' driver.
WARNING - 2025-12-13 03:20:10 --> [DEPRECATED] Creation of dynamic property App\Controllers\UserManagement::$data is deprecated in APPPATH\Controllers\BaseController.php on line 74.
 1 APPPATH\Controllers\BaseController.php(59): App\Controllers\BaseController->loadNotificationData()
 2 SYSTEMPATH\CodeIgniter.php(904): App\Controllers\BaseController->initController(Object(CodeIgniter\HTTP\IncomingRequest), Object(CodeIgniter\HTTP\Response), Object(CodeIgniter\Log\Logger))
 3 SYSTEMPATH\CodeIgniter.php(498): CodeIgniter\CodeIgniter->createController()
 4 SYSTEMPATH\CodeIgniter.php(354): CodeIgniter\CodeIgniter->handleRequest(null, Object(Config\Cache), false)
 5 SYSTEMPATH\Boot.php(363): CodeIgniter\CodeIgniter->run()
 6 SYSTEMPATH\Boot.php(68): CodeIgniter\Boot::runCodeIgniter(Object(CodeIgniter\CodeIgniter))
 7 FCPATH\index.php(59): CodeIgniter\Boot::bootWeb(Object(Config\Paths))
DEBUG - 2025-12-13 03:20:10 --> Session: Class initialized using 'CodeIgniter\Session\Handlers\FileHandler' driver.
WARNING - 2025-12-13 03:20:10 --> [DEPRECATED] Creation of dynamic property App\Controllers\Notifications::$data is deprecated in APPPATH\Controllers\BaseController.php on line 74.
 1 APPPATH\Controllers\BaseController.php(59): App\Controllers\BaseController->loadNotificationData()
 2 SYSTEMPATH\CodeIgniter.php(904): App\Controllers\BaseController->initController(Object(CodeIgniter\HTTP\IncomingRequest), Object(CodeIgniter\HTTP\Response), Object(CodeIgniter\Log\Logger))
 3 SYSTEMPATH\CodeIgniter.php(498): CodeIgniter\CodeIgniter->createController()
 4 SYSTEMPATH\CodeIgniter.php(354): CodeIgniter\CodeIgniter->handleRequest(null, Object(Config\Cache), false)
 5 SYSTEMPATH\Boot.php(363): CodeIgniter\CodeIgniter->run()
 6 SYSTEMPATH\Boot.php(68): CodeIgniter\Boot::runCodeIgniter(Object(CodeIgniter\CodeIgniter))
 7 FCPATH\index.php(59): CodeIgniter\Boot::bootWeb(Object(Config\Paths))
DEBUG - 2025-12-13 03:20:14 --> Session: Class initialized using 'CodeIgniter\Session\Handlers\FileHandler' driver.
WARNING - 2025-12-13 03:20:14 --> [DEPRECATED] Creation of dynamic property App\Controllers\Course::$data is deprecated in APPPATH\Controllers\BaseController.php on line 74.
 1 APPPATH\Controllers\BaseController.php(59): App\Controllers\BaseController->loadNotificationData()
 2 SYSTEMPATH\CodeIgniter.php(904): App\Controllers\BaseController->initController(Object(CodeIgniter\HTTP\IncomingRequest), Object(CodeIgniter\HTTP\Response), Object(CodeIgniter\Log\Logger))
 3 SYSTEMPATH\CodeIgniter.php(498): CodeIgniter\CodeIgniter->createController()
 4 SYSTEMPATH\CodeIgniter.php(354): CodeIgniter\CodeIgniter->handleRequest(null, Object(Config\Cache), false)
 5 SYSTEMPATH\Boot.php(363): CodeIgniter\CodeIgniter->run()
 6 SYSTEMPATH\Boot.php(68): CodeIgniter\Boot::runCodeIgniter(Object(CodeIgniter\CodeIgniter))
 7 FCPATH\index.php(59): CodeIgniter\Boot::bootWeb(Object(Config\Paths))
DEBUG - 2025-12-13 03:20:15 --> Session: Class initialized using 'CodeIgniter\Session\Handlers\FileHandler' driver.
WARNING - 2025-12-13 03:20:15 --> [DEPRECATED] Creation of dynamic property App\Controllers\Notifications::$data is deprecated in APPPATH\Controllers\BaseController.php on line 74.
 1 APPPATH\Controllers\BaseController.php(59): App\Controllers\BaseController->loadNotificationData()
 2 SYSTEMPATH\CodeIgniter.php(904): App\Controllers\BaseController->initController(Object(CodeIgniter\HTTP\IncomingRequest), Object(CodeIgniter\HTTP\Response), Object(CodeIgniter\Log\Logger))
 3 SYSTEMPATH\CodeIgniter.php(498): CodeIgniter\CodeIgniter->createController()
 4 SYSTEMPATH\CodeIgniter.php(354): CodeIgniter\CodeIgniter->handleRequest(null, Object(Config\Cache), false)
 5 SYSTEMPATH\Boot.php(363): CodeIgniter\CodeIgniter->run()
 6 SYSTEMPATH\Boot.php(68): CodeIgniter\Boot::runCodeIgniter(Object(CodeIgniter\CodeIgniter))
 7 FCPATH\index.php(59): CodeIgniter\Boot::bootWeb(Object(Config\Paths))
DEBUG - 2025-12-13 03:20:34 --> Session: Class initialized using 'CodeIgniter\Session\Handlers\FileHandler' driver.
WARNING - 2025-12-13 03:20:34 --> [DEPRECATED] Creation of dynamic property App\Controllers\Notifications::$data is deprecated in APPPATH\Controllers\BaseController.php on line 74.
 1 APPPATH\Controllers\BaseController.php(59): App\Controllers\BaseController->loadNotificationData()
 2 SYSTEMPATH\CodeIgniter.php(904): App\Controllers\BaseController->initController(Object(CodeIgniter\HTTP\IncomingRequest), Object(CodeIgniter\HTTP\Response), Object(CodeIgniter\Log\Logger))
 3 SYSTEMPATH\CodeIgniter.php(498): CodeIgniter\CodeIgniter->createController()
 4 SYSTEMPATH\CodeIgniter.php(354): CodeIgniter\CodeIgniter->handleRequest(null, Object(Config\Cache), false)
 5 SYSTEMPATH\Boot.php(363): CodeIgniter\CodeIgniter->run()
 6 SYSTEMPATH\Boot.php(68): CodeIgniter\Boot::runCodeIgniter(Object(CodeIgniter\CodeIgniter))
 7 FCPATH\index.php(59): CodeIgniter\Boot::bootWeb(Object(Config\Paths))
DEBUG - 2025-12-13 03:21:07 --> Session: Class initialized using 'CodeIgniter\Session\Handlers\FileHandler' driver.
WARNING - 2025-12-13 03:21:07 --> [DEPRECATED] Creation of dynamic property App\Controllers\Course::$data is deprecated in APPPATH\Controllers\BaseController.php on line 74.
 1 APPPATH\Controllers\BaseController.php(59): App\Controllers\BaseController->loadNotificationData()
 2 SYSTEMPATH\CodeIgniter.php(904): App\Controllers\BaseController->initController(Object(CodeIgniter\HTTP\IncomingRequest), Object(CodeIgniter\HTTP\Response), Object(CodeIgniter\Log\Logger))
 3 SYSTEMPATH\CodeIgniter.php(498): CodeIgniter\CodeIgniter->createController()
 4 SYSTEMPATH\CodeIgniter.php(354): CodeIgniter\CodeIgniter->handleRequest(null, Object(Config\Cache), false)
 5 SYSTEMPATH\Boot.php(363): CodeIgniter\CodeIgniter->run()
 6 SYSTEMPATH\Boot.php(68): CodeIgniter\Boot::runCodeIgniter(Object(CodeIgniter\CodeIgniter))
 7 FCPATH\index.php(59): CodeIgniter\Boot::bootWeb(Object(Config\Paths))
DEBUG - 2025-12-13 03:21:08 --> Session: Class initialized using 'CodeIgniter\Session\Handlers\FileHandler' driver.
WARNING - 2025-12-13 03:21:08 --> [DEPRECATED] Creation of dynamic property App\Controllers\Notifications::$data is deprecated in APPPATH\Controllers\BaseController.php on line 74.
 1 APPPATH\Controllers\BaseController.php(59): App\Controllers\BaseController->loadNotificationData()
 2 SYSTEMPATH\CodeIgniter.php(904): App\Controllers\BaseController->initController(Object(CodeIgniter\HTTP\IncomingRequest), Object(CodeIgniter\HTTP\Response), Object(CodeIgniter\Log\Logger))
 3 SYSTEMPATH\CodeIgniter.php(498): CodeIgniter\CodeIgniter->createController()
 4 SYSTEMPATH\CodeIgniter.php(354): CodeIgniter\CodeIgniter->handleRequest(null, Object(Config\Cache), false)
 5 SYSTEMPATH\Boot.php(363): CodeIgniter\CodeIgniter->run()
 6 SYSTEMPATH\Boot.php(68): CodeIgniter\Boot::runCodeIgniter(Object(CodeIgniter\CodeIgniter))
 7 FCPATH\index.php(59): CodeIgniter\Boot::bootWeb(Object(Config\Paths))
DEBUG - 2025-12-13 03:21:27 --> Session: Class initialized using 'CodeIgniter\Session\Handlers\FileHandler' driver.
WARNING - 2025-12-13 03:21:27 --> [DEPRECATED] Creation of dynamic property App\Controllers\UserManagement::$data is deprecated in APPPATH\Controllers\BaseController.php on line 74.
 1 APPPATH\Controllers\BaseController.php(59): App\Controllers\BaseController->loadNotificationData()
 2 SYSTEMPATH\CodeIgniter.php(904): App\Controllers\BaseController->initController(Object(CodeIgniter\HTTP\IncomingRequest), Object(CodeIgniter\HTTP\Response), Object(CodeIgniter\Log\Logger))
 3 SYSTEMPATH\CodeIgniter.php(498): CodeIgniter\CodeIgniter->createController()
 4 SYSTEMPATH\CodeIgniter.php(354): CodeIgniter\CodeIgniter->handleRequest(null, Object(Config\Cache), false)
 5 SYSTEMPATH\Boot.php(363): CodeIgniter\CodeIgniter->run()
 6 SYSTEMPATH\Boot.php(68): CodeIgniter\Boot::runCodeIgniter(Object(CodeIgniter\CodeIgniter))
 7 FCPATH\index.php(59): CodeIgniter\Boot::bootWeb(Object(Config\Paths))
DEBUG - 2025-12-13 03:21:28 --> Session: Class initialized using 'CodeIgniter\Session\Handlers\FileHandler' driver.
WARNING - 2025-12-13 03:21:28 --> [DEPRECATED] Creation of dynamic property App\Controllers\Notifications::$data is deprecated in APPPATH\Controllers\BaseController.php on line 74.
 1 APPPATH\Controllers\BaseController.php(59): App\Controllers\BaseController->loadNotificationData()
 2 SYSTEMPATH\CodeIgniter.php(904): App\Controllers\BaseController->initController(Object(CodeIgniter\HTTP\IncomingRequest), Object(CodeIgniter\HTTP\Response), Object(CodeIgniter\Log\Logger))
 3 SYSTEMPATH\CodeIgniter.php(498): CodeIgniter\CodeIgniter->createController()
 4 SYSTEMPATH\CodeIgniter.php(354): CodeIgniter\CodeIgniter->handleRequest(null, Object(Config\Cache), false)
 5 SYSTEMPATH\Boot.php(363): CodeIgniter\CodeIgniter->run()
 6 SYSTEMPATH\Boot.php(68): CodeIgniter\Boot::runCodeIgniter(Object(CodeIgniter\CodeIgniter))
 7 FCPATH\index.php(59): CodeIgniter\Boot::bootWeb(Object(Config\Paths))
DEBUG - 2025-12-13 03:21:29 --> Session: Class initialized using 'CodeIgniter\Session\Handlers\FileHandler' driver.
WARNING - 2025-12-13 03:21:29 --> [DEPRECATED] Creation of dynamic property App\Controllers\Course::$data is deprecated in APPPATH\Controllers\BaseController.php on line 74.
 1 APPPATH\Controllers\BaseController.php(59): App\Controllers\BaseController->loadNotificationData()
 2 SYSTEMPATH\CodeIgniter.php(904): App\Controllers\BaseController->initController(Object(CodeIgniter\HTTP\IncomingRequest), Object(CodeIgniter\HTTP\Response), Object(CodeIgniter\Log\Logger))
 3 SYSTEMPATH\CodeIgniter.php(498): CodeIgniter\CodeIgniter->createController()
 4 SYSTEMPATH\CodeIgniter.php(354): CodeIgniter\CodeIgniter->handleRequest(null, Object(Config\Cache), false)
 5 SYSTEMPATH\Boot.php(363): CodeIgniter\CodeIgniter->run()
 6 SYSTEMPATH\Boot.php(68): CodeIgniter\Boot::runCodeIgniter(Object(CodeIgniter\CodeIgniter))
 7 FCPATH\index.php(59): CodeIgniter\Boot::bootWeb(Object(Config\Paths))
DEBUG - 2025-12-13 03:21:30 --> Session: Class initialized using 'CodeIgniter\Session\Handlers\FileHandler' driver.
WARNING - 2025-12-13 03:21:30 --> [DEPRECATED] Creation of dynamic property App\Controllers\Notifications::$data is deprecated in APPPATH\Controllers\BaseController.php on line 74.
 1 APPPATH\Controllers\BaseController.php(59): App\Controllers\BaseController->loadNotificationData()
 2 SYSTEMPATH\CodeIgniter.php(904): App\Controllers\BaseController->initController(Object(CodeIgniter\HTTP\IncomingRequest), Object(CodeIgniter\HTTP\Response), Object(CodeIgniter\Log\Logger))
 3 SYSTEMPATH\CodeIgniter.php(498): CodeIgniter\CodeIgniter->createController()
 4 SYSTEMPATH\CodeIgniter.php(354): CodeIgniter\CodeIgniter->handleRequest(null, Object(Config\Cache), false)
 5 SYSTEMPATH\Boot.php(363): CodeIgniter\CodeIgniter->run()
 6 SYSTEMPATH\Boot.php(68): CodeIgniter\Boot::runCodeIgniter(Object(CodeIgniter\CodeIgniter))
 7 FCPATH\index.php(59): CodeIgniter\Boot::bootWeb(Object(Config\Paths))
DEBUG - 2025-12-13 03:21:34 --> Session: Class initialized using 'CodeIgniter\Session\Handlers\FileHandler' driver.
WARNING - 2025-12-13 03:21:34 --> [DEPRECATED] Creation of dynamic property App\Controllers\Notifications::$data is deprecated in APPPATH\Controllers\BaseController.php on line 74.
 1 APPPATH\Controllers\BaseController.php(59): App\Controllers\BaseController->loadNotificationData()
 2 SYSTEMPATH\CodeIgniter.php(904): App\Controllers\BaseController->initController(Object(CodeIgniter\HTTP\IncomingRequest), Object(CodeIgniter\HTTP\Response), Object(CodeIgniter\Log\Logger))
 3 SYSTEMPATH\CodeIgniter.php(498): CodeIgniter\CodeIgniter->createController()
 4 SYSTEMPATH\CodeIgniter.php(354): CodeIgniter\CodeIgniter->handleRequest(null, Object(Config\Cache), false)
 5 SYSTEMPATH\Boot.php(363): CodeIgniter\CodeIgniter->run()
 6 SYSTEMPATH\Boot.php(68): CodeIgniter\Boot::runCodeIgniter(Object(CodeIgniter\CodeIgniter))
 7 FCPATH\index.php(59): CodeIgniter\Boot::bootWeb(Object(Config\Paths))
DEBUG - 2025-12-13 03:21:38 --> Session: Class initialized using 'CodeIgniter\Session\Handlers\FileHandler' driver.
WARNING - 2025-12-13 03:21:38 --> [DEPRECATED] Creation of dynamic property App\Controllers\Course::$data is deprecated in APPPATH\Controllers\BaseController.php on line 74.
 1 APPPATH\Controllers\BaseController.php(59): App\Controllers\BaseController->loadNotificationData()
 2 SYSTEMPATH\CodeIgniter.php(904): App\Controllers\BaseController->initController(Object(CodeIgniter\HTTP\IncomingRequest), Object(CodeIgniter\HTTP\Response), Object(CodeIgniter\Log\Logger))
 3 SYSTEMPATH\CodeIgniter.php(498): CodeIgniter\CodeIgniter->createController()
 4 SYSTEMPATH\CodeIgniter.php(354): CodeIgniter\CodeIgniter->handleRequest(null, Object(Config\Cache), false)
 5 SYSTEMPATH\Boot.php(363): CodeIgniter\CodeIgniter->run()
 6 SYSTEMPATH\Boot.php(68): CodeIgniter\Boot::runCodeIgniter(Object(CodeIgniter\CodeIgniter))
 7 FCPATH\index.php(59): CodeIgniter\Boot::bootWeb(Object(Config\Paths))
DEBUG - 2025-12-13 03:21:39 --> Session: Class initialized using 'CodeIgniter\Session\Handlers\FileHandler' driver.
WARNING - 2025-12-13 03:21:39 --> [DEPRECATED] Creation of dynamic property App\Controllers\Notifications::$data is deprecated in APPPATH\Controllers\BaseController.php on line 74.
 1 APPPATH\Controllers\BaseController.php(59): App\Controllers\BaseController->loadNotificationData()
 2 SYSTEMPATH\CodeIgniter.php(904): App\Controllers\BaseController->initController(Object(CodeIgniter\HTTP\IncomingRequest), Object(CodeIgniter\HTTP\Response), Object(CodeIgniter\Log\Logger))
 3 SYSTEMPATH\CodeIgniter.php(498): CodeIgniter\CodeIgniter->createController()
 4 SYSTEMPATH\CodeIgniter.php(354): CodeIgniter\CodeIgniter->handleRequest(null, Object(Config\Cache), false)
 5 SYSTEMPATH\Boot.php(363): CodeIgniter\CodeIgniter->run()
 6 SYSTEMPATH\Boot.php(68): CodeIgniter\Boot::runCodeIgniter(Object(CodeIgniter\CodeIgniter))
 7 FCPATH\index.php(59): CodeIgniter\Boot::bootWeb(Object(Config\Paths))
DEBUG - 2025-12-13 03:21:48 --> Session: Class initialized using 'CodeIgniter\Session\Handlers\FileHandler' driver.
WARNING - 2025-12-13 03:21:48 --> [DEPRECATED] Creation of dynamic property App\Controllers\Auth::$data is deprecated in APPPATH\Controllers\BaseController.php on line 74.
 1 APPPATH\Controllers\BaseController.php(59): App\Controllers\BaseController->loadNotificationData()
 2 SYSTEMPATH\CodeIgniter.php(904): App\Controllers\BaseController->initController(Object(CodeIgniter\HTTP\IncomingRequest), Object(CodeIgniter\HTTP\Response), Object(CodeIgniter\Log\Logger))
 3 SYSTEMPATH\CodeIgniter.php(498): CodeIgniter\CodeIgniter->createController()
 4 SYSTEMPATH\CodeIgniter.php(354): CodeIgniter\CodeIgniter->handleRequest(null, Object(Config\Cache), false)
 5 SYSTEMPATH\Boot.php(363): CodeIgniter\CodeIgniter->run()
 6 SYSTEMPATH\Boot.php(68): CodeIgniter\Boot::runCodeIgniter(Object(CodeIgniter\CodeIgniter))
 7 FCPATH\index.php(59): CodeIgniter\Boot::bootWeb(Object(Config\Paths))
DEBUG - 2025-12-13 03:21:49 --> Session: Class initialized using 'CodeIgniter\Session\Handlers\FileHandler' driver.
WARNING - 2025-12-13 03:21:49 --> [DEPRECATED] Creation of dynamic property App\Controllers\Auth::$data is deprecated in APPPATH\Controllers\BaseController.php on line 76.
 1 APPPATH\Controllers\BaseController.php(59): App\Controllers\BaseController->loadNotificationData()
 2 SYSTEMPATH\CodeIgniter.php(904): App\Controllers\BaseController->initController(Object(CodeIgniter\HTTP\IncomingRequest), Object(CodeIgniter\HTTP\Response), Object(CodeIgniter\Log\Logger))
 3 SYSTEMPATH\CodeIgniter.php(498): CodeIgniter\CodeIgniter->createController()
 4 SYSTEMPATH\CodeIgniter.php(354): CodeIgniter\CodeIgniter->handleRequest(null, Object(Config\Cache), false)
 5 SYSTEMPATH\Boot.php(363): CodeIgniter\CodeIgniter->run()
 6 SYSTEMPATH\Boot.php(68): CodeIgniter\Boot::runCodeIgniter(Object(CodeIgniter\CodeIgniter))
 7 FCPATH\index.php(59): CodeIgniter\Boot::bootWeb(Object(Config\Paths))
DEBUG - 2025-12-13 03:21:49 --> Session: Class initialized using 'CodeIgniter\Session\Handlers\FileHandler' driver.
WARNING - 2025-12-13 03:21:49 --> [DEPRECATED] Creation of dynamic property App\Controllers\Notifications::$data is deprecated in APPPATH\Controllers\BaseController.php on line 76.
 1 APPPATH\Controllers\BaseController.php(59): App\Controllers\BaseController->loadNotificationData()
 2 SYSTEMPATH\CodeIgniter.php(904): App\Controllers\BaseController->initController(Object(CodeIgniter\HTTP\IncomingRequest), Object(CodeIgniter\HTTP\Response), Object(CodeIgniter\Log\Logger))
 3 SYSTEMPATH\CodeIgniter.php(498): CodeIgniter\CodeIgniter->createController()
 4 SYSTEMPATH\CodeIgniter.php(354): CodeIgniter\CodeIgniter->handleRequest(null, Object(Config\Cache), false)
 5 SYSTEMPATH\Boot.php(363): CodeIgniter\CodeIgniter->run()
 6 SYSTEMPATH\Boot.php(68): CodeIgniter\Boot::runCodeIgniter(Object(CodeIgniter\CodeIgniter))
 7 FCPATH\index.php(59): CodeIgniter\Boot::bootWeb(Object(Config\Paths))
INFO - 2025-12-13 03:21:55 --> CSRF token verified.
DEBUG - 2025-12-13 03:21:55 --> Session: Class initialized using 'CodeIgniter\Session\Handlers\FileHandler' driver.
WARNING - 2025-12-13 03:21:55 --> [DEPRECATED] Creation of dynamic property App\Controllers\Auth::$data is deprecated in APPPATH\Controllers\BaseController.php on line 76.
 1 APPPATH\Controllers\BaseController.php(59): App\Controllers\BaseController->loadNotificationData()
 2 SYSTEMPATH\CodeIgniter.php(904): App\Controllers\BaseController->initController(Object(CodeIgniter\HTTP\IncomingRequest), Object(CodeIgniter\HTTP\Response), Object(CodeIgniter\Log\Logger))
 3 SYSTEMPATH\CodeIgniter.php(498): CodeIgniter\CodeIgniter->createController()
 4 SYSTEMPATH\CodeIgniter.php(354): CodeIgniter\CodeIgniter->handleRequest(null, Object(Config\Cache), false)
 5 SYSTEMPATH\Boot.php(363): CodeIgniter\CodeIgniter->run()
 6 SYSTEMPATH\Boot.php(68): CodeIgniter\Boot::runCodeIgniter(Object(CodeIgniter\CodeIgniter))
 7 FCPATH\index.php(59): CodeIgniter\Boot::bootWeb(Object(Config\Paths))
DEBUG - 2025-12-13 03:21:55 --> Session: Class initialized using 'CodeIgniter\Session\Handlers\FileHandler' driver.
WARNING - 2025-12-13 03:21:55 --> [DEPRECATED] Creation of dynamic property App\Controllers\Auth::$data is deprecated in APPPATH\Controllers\BaseController.php on line 76.
 1 APPPATH\Controllers\BaseController.php(59): App\Controllers\BaseController->loadNotificationData()
 2 SYSTEMPATH\CodeIgniter.php(904): App\Controllers\BaseController->initController(Object(CodeIgniter\HTTP\IncomingRequest), Object(CodeIgniter\HTTP\Response), Object(CodeIgniter\Log\Logger))
 3 SYSTEMPATH\CodeIgniter.php(498): CodeIgniter\CodeIgniter->createController()
 4 SYSTEMPATH\CodeIgniter.php(354): CodeIgniter\CodeIgniter->handleRequest(null, Object(Config\Cache), false)
 5 SYSTEMPATH\Boot.php(363): CodeIgniter\CodeIgniter->run()
 6 SYSTEMPATH\Boot.php(68): CodeIgniter\Boot::runCodeIgniter(Object(CodeIgniter\CodeIgniter))
 7 FCPATH\index.php(59): CodeIgniter\Boot::bootWeb(Object(Config\Paths))
DEBUG - 2025-12-13 03:21:56 --> Session: Class initialized using 'CodeIgniter\Session\Handlers\FileHandler' driver.
WARNING - 2025-12-13 03:21:56 --> [DEPRECATED] Creation of dynamic property App\Controllers\Notifications::$data is deprecated in APPPATH\Controllers\BaseController.php on line 76.
 1 APPPATH\Controllers\BaseController.php(59): App\Controllers\BaseController->loadNotificationData()
 2 SYSTEMPATH\CodeIgniter.php(904): App\Controllers\BaseController->initController(Object(CodeIgniter\HTTP\IncomingRequest), Object(CodeIgniter\HTTP\Response), Object(CodeIgniter\Log\Logger))
 3 SYSTEMPATH\CodeIgniter.php(498): CodeIgniter\CodeIgniter->createController()
 4 SYSTEMPATH\CodeIgniter.php(354): CodeIgniter\CodeIgniter->handleRequest(null, Object(Config\Cache), false)
 5 SYSTEMPATH\Boot.php(363): CodeIgniter\CodeIgniter->run()
 6 SYSTEMPATH\Boot.php(68): CodeIgniter\Boot::runCodeIgniter(Object(CodeIgniter\CodeIgniter))
 7 FCPATH\index.php(59): CodeIgniter\Boot::bootWeb(Object(Config\Paths))
INFO - 2025-12-13 03:22:02 --> CSRF token verified.
DEBUG - 2025-12-13 03:22:02 --> Session: Class initialized using 'CodeIgniter\Session\Handlers\FileHandler' driver.
WARNING - 2025-12-13 03:22:02 --> [DEPRECATED] Creation of dynamic property App\Controllers\Auth::$data is deprecated in APPPATH\Controllers\BaseController.php on line 76.
 1 APPPATH\Controllers\BaseController.php(59): App\Controllers\BaseController->loadNotificationData()
 2 SYSTEMPATH\CodeIgniter.php(904): App\Controllers\BaseController->initController(Object(CodeIgniter\HTTP\IncomingRequest), Object(CodeIgniter\HTTP\Response), Object(CodeIgniter\Log\Logger))
 3 SYSTEMPATH\CodeIgniter.php(498): CodeIgniter\CodeIgniter->createController()
 4 SYSTEMPATH\CodeIgniter.php(354): CodeIgniter\CodeIgniter->handleRequest(null, Object(Config\Cache), false)
 5 SYSTEMPATH\Boot.php(363): CodeIgniter\CodeIgniter->run()
 6 SYSTEMPATH\Boot.php(68): CodeIgniter\Boot::runCodeIgniter(Object(CodeIgniter\CodeIgniter))
 7 FCPATH\index.php(59): CodeIgniter\Boot::bootWeb(Object(Config\Paths))
DEBUG - 2025-12-13 03:22:02 --> Session: Class initialized using 'CodeIgniter\Session\Handlers\FileHandler' driver.
WARNING - 2025-12-13 03:22:02 --> [DEPRECATED] Creation of dynamic property App\Controllers\Auth::$data is deprecated in APPPATH\Controllers\BaseController.php on line 74.
 1 APPPATH\Controllers\BaseController.php(59): App\Controllers\BaseController->loadNotificationData()
 2 SYSTEMPATH\CodeIgniter.php(904): App\Controllers\BaseController->initController(Object(CodeIgniter\HTTP\IncomingRequest), Object(CodeIgniter\HTTP\Response), Object(CodeIgniter\Log\Logger))
 3 SYSTEMPATH\CodeIgniter.php(498): CodeIgniter\CodeIgniter->createController()
 4 SYSTEMPATH\CodeIgniter.php(354): CodeIgniter\CodeIgniter->handleRequest(null, Object(Config\Cache), false)
 5 SYSTEMPATH\Boot.php(363): CodeIgniter\CodeIgniter->run()
 6 SYSTEMPATH\Boot.php(68): CodeIgniter\Boot::runCodeIgniter(Object(CodeIgniter\CodeIgniter))
 7 FCPATH\index.php(59): CodeIgniter\Boot::bootWeb(Object(Config\Paths))
WARNING - 2025-12-13 03:22:02 --> [DEPRECATED] strtotime(): Passing null to parameter #1 ($datetime) of type string is deprecated in APPPATH\Views\auth\dashboard.php on line 102.
 1 APPPATH\Views\auth\dashboard.php(102): strtotime(null)
 2 SYSTEMPATH\View\View.php(226): include('C:\\xampp\\htdocs\\ITE311-MORIL\\app\\Views\\auth\\dashboard.php')
 3 SYSTEMPATH\View\View.php(229): CodeIgniter\View\View->CodeIgniter\View\{closure}()
 4 SYSTEMPATH\Common.php(1167): CodeIgniter\View\View->render('auth/dashboard', [], true)
 5 APPPATH\Controllers\Auth.php(357): view('auth/dashboard', [...])
 6 SYSTEMPATH\CodeIgniter.php(933): App\Controllers\Auth->dashboard()
 7 SYSTEMPATH\CodeIgniter.php(507): CodeIgniter\CodeIgniter->runController(Object(App\Controllers\Auth))
 8 SYSTEMPATH\CodeIgniter.php(354): CodeIgniter\CodeIgniter->handleRequest(null, Object(Config\Cache), false)
 9 SYSTEMPATH\Boot.php(363): CodeIgniter\CodeIgniter->run()
10 SYSTEMPATH\Boot.php(68): CodeIgniter\Boot::runCodeIgniter(Object(CodeIgniter\CodeIgniter))
11 FCPATH\index.php(59): CodeIgniter\Boot::bootWeb(Object(Config\Paths))
WARNING - 2025-12-13 03:22:02 --> [DEPRECATED] strtotime(): Passing null to parameter #1 ($datetime) of type string is deprecated in APPPATH\Views\auth\dashboard.php on line 102.
 1 APPPATH\Views\auth\dashboard.php(102): strtotime(null)
 2 SYSTEMPATH\View\View.php(226): include('C:\\xampp\\htdocs\\ITE311-MORIL\\app\\Views\\auth\\dashboard.php')
 3 SYSTEMPATH\View\View.php(229): CodeIgniter\View\View->CodeIgniter\View\{closure}()
 4 SYSTEMPATH\Common.php(1167): CodeIgniter\View\View->render('auth/dashboard', [], true)
 5 APPPATH\Controllers\Auth.php(357): view('auth/dashboard', [...])
 6 SYSTEMPATH\CodeIgniter.php(933): App\Controllers\Auth->dashboard()
 7 SYSTEMPATH\CodeIgniter.php(507): CodeIgniter\CodeIgniter->runController(Object(App\Controllers\Auth))
 8 SYSTEMPATH\CodeIgniter.php(354): CodeIgniter\CodeIgniter->handleRequest(null, Object(Config\Cache), false)
 9 SYSTEMPATH\Boot.php(363): CodeIgniter\CodeIgniter->run()
10 SYSTEMPATH\Boot.php(68): CodeIgniter\Boot::runCodeIgniter(Object(CodeIgniter\CodeIgniter))
11 FCPATH\index.php(59): CodeIgniter\Boot::bootWeb(Object(Config\Paths))
DEBUG - 2025-12-13 03:22:03 --> Session: Class initialized using 'CodeIgniter\Session\Handlers\FileHandler' driver.
WARNING - 2025-12-13 03:22:03 --> [DEPRECATED] Creation of dynamic property App\Controllers\Notifications::$data is deprecated in APPPATH\Controllers\BaseController.php on line 74.
 1 APPPATH\Controllers\BaseController.php(59): App\Controllers\BaseController->loadNotificationData()
 2 SYSTEMPATH\CodeIgniter.php(904): App\Controllers\BaseController->initController(Object(CodeIgniter\HTTP\IncomingRequest), Object(CodeIgniter\HTTP\Response), Object(CodeIgniter\Log\Logger))
 3 SYSTEMPATH\CodeIgniter.php(498): CodeIgniter\CodeIgniter->createController()
 4 SYSTEMPATH\CodeIgniter.php(354): CodeIgniter\CodeIgniter->handleRequest(null, Object(Config\Cache), false)
 5 SYSTEMPATH\Boot.php(363): CodeIgniter\CodeIgniter->run()
 6 SYSTEMPATH\Boot.php(68): CodeIgniter\Boot::runCodeIgniter(Object(CodeIgniter\CodeIgniter))
 7 FCPATH\index.php(59): CodeIgniter\Boot::bootWeb(Object(Config\Paths))
DEBUG - 2025-12-13 03:22:06 --> Session: Class initialized using 'CodeIgniter\Session\Handlers\FileHandler' driver.
WARNING - 2025-12-13 03:22:06 --> [DEPRECATED] Creation of dynamic property App\Controllers\UserManagement::$data is deprecated in APPPATH\Controllers\BaseController.php on line 74.
 1 APPPATH\Controllers\BaseController.php(59): App\Controllers\BaseController->loadNotificationData()
 2 SYSTEMPATH\CodeIgniter.php(904): App\Controllers\BaseController->initController(Object(CodeIgniter\HTTP\IncomingRequest), Object(CodeIgniter\HTTP\Response), Object(CodeIgniter\Log\Logger))
 3 SYSTEMPATH\CodeIgniter.php(498): CodeIgniter\CodeIgniter->createController()
 4 SYSTEMPATH\CodeIgniter.php(354): CodeIgniter\CodeIgniter->handleRequest(null, Object(Config\Cache), false)
 5 SYSTEMPATH\Boot.php(363): CodeIgniter\CodeIgniter->run()
 6 SYSTEMPATH\Boot.php(68): CodeIgniter\Boot::runCodeIgniter(Object(CodeIgniter\CodeIgniter))
 7 FCPATH\index.php(59): CodeIgniter\Boot::bootWeb(Object(Config\Paths))
DEBUG - 2025-12-13 03:22:06 --> Session: Class initialized using 'CodeIgniter\Session\Handlers\FileHandler' driver.
WARNING - 2025-12-13 03:22:06 --> [DEPRECATED] Creation of dynamic property App\Controllers\Notifications::$data is deprecated in APPPATH\Controllers\BaseController.php on line 74.
 1 APPPATH\Controllers\BaseController.php(59): App\Controllers\BaseController->loadNotificationData()
 2 SYSTEMPATH\CodeIgniter.php(904): App\Controllers\BaseController->initController(Object(CodeIgniter\HTTP\IncomingRequest), Object(CodeIgniter\HTTP\Response), Object(CodeIgniter\Log\Logger))
 3 SYSTEMPATH\CodeIgniter.php(498): CodeIgniter\CodeIgniter->createController()
 4 SYSTEMPATH\CodeIgniter.php(354): CodeIgniter\CodeIgniter->handleRequest(null, Object(Config\Cache), false)
 5 SYSTEMPATH\Boot.php(363): CodeIgniter\CodeIgniter->run()
 6 SYSTEMPATH\Boot.php(68): CodeIgniter\Boot::runCodeIgniter(Object(CodeIgniter\CodeIgniter))
 7 FCPATH\index.php(59): CodeIgniter\Boot::bootWeb(Object(Config\Paths))
DEBUG - 2025-12-13 03:22:07 --> Session: Class initialized using 'CodeIgniter\Session\Handlers\FileHandler' driver.
WARNING - 2025-12-13 03:22:07 --> [DEPRECATED] Creation of dynamic property App\Controllers\UserManagement::$data is deprecated in APPPATH\Controllers\BaseController.php on line 74.
 1 APPPATH\Controllers\BaseController.php(59): App\Controllers\BaseController->loadNotificationData()
 2 SYSTEMPATH\CodeIgniter.php(904): App\Controllers\BaseController->initController(Object(CodeIgniter\HTTP\IncomingRequest), Object(CodeIgniter\HTTP\Response), Object(CodeIgniter\Log\Logger))
 3 SYSTEMPATH\CodeIgniter.php(498): CodeIgniter\CodeIgniter->createController()
 4 SYSTEMPATH\CodeIgniter.php(354): CodeIgniter\CodeIgniter->handleRequest(null, Object(Config\Cache), false)
 5 SYSTEMPATH\Boot.php(363): CodeIgniter\CodeIgniter->run()
 6 SYSTEMPATH\Boot.php(68): CodeIgniter\Boot::runCodeIgniter(Object(CodeIgniter\CodeIgniter))
 7 FCPATH\index.php(59): CodeIgniter\Boot::bootWeb(Object(Config\Paths))
DEBUG - 2025-12-13 03:22:08 --> Session: Class initialized using 'CodeIgniter\Session\Handlers\FileHandler' driver.
WARNING - 2025-12-13 03:22:08 --> [DEPRECATED] Creation of dynamic property App\Controllers\Notifications::$data is deprecated in APPPATH\Controllers\BaseController.php on line 74.
 1 APPPATH\Controllers\BaseController.php(59): App\Controllers\BaseController->loadNotificationData()
 2 SYSTEMPATH\CodeIgniter.php(904): App\Controllers\BaseController->initController(Object(CodeIgniter\HTTP\IncomingRequest), Object(CodeIgniter\HTTP\Response), Object(CodeIgniter\Log\Logger))
 3 SYSTEMPATH\CodeIgniter.php(498): CodeIgniter\CodeIgniter->createController()
 4 SYSTEMPATH\CodeIgniter.php(354): CodeIgniter\CodeIgniter->handleRequest(null, Object(Config\Cache), false)
 5 SYSTEMPATH\Boot.php(363): CodeIgniter\CodeIgniter->run()
 6 SYSTEMPATH\Boot.php(68): CodeIgniter\Boot::runCodeIgniter(Object(CodeIgniter\CodeIgniter))
 7 FCPATH\index.php(59): CodeIgniter\Boot::bootWeb(Object(Config\Paths))
DEBUG - 2025-12-13 03:22:34 --> Session: Class initialized using 'CodeIgniter\Session\Handlers\FileHandler' driver.
WARNING - 2025-12-13 03:22:34 --> [DEPRECATED] Creation of dynamic property App\Controllers\UserManagement::$data is deprecated in APPPATH\Controllers\BaseController.php on line 74.
 1 APPPATH\Controllers\BaseController.php(59): App\Controllers\BaseController->loadNotificationData()
 2 SYSTEMPATH\CodeIgniter.php(904): App\Controllers\BaseController->initController(Object(CodeIgniter\HTTP\IncomingRequest), Object(CodeIgniter\HTTP\Response), Object(CodeIgniter\Log\Logger))
 3 SYSTEMPATH\CodeIgniter.php(498): CodeIgniter\CodeIgniter->createController()
 4 SYSTEMPATH\CodeIgniter.php(354): CodeIgniter\CodeIgniter->handleRequest(null, Object(Config\Cache), false)
 5 SYSTEMPATH\Boot.php(363): CodeIgniter\CodeIgniter->run()
 6 SYSTEMPATH\Boot.php(68): CodeIgniter\Boot::runCodeIgniter(Object(CodeIgniter\CodeIgniter))
 7 FCPATH\index.php(59): CodeIgniter\Boot::bootWeb(Object(Config\Paths))
DEBUG - 2025-12-13 03:22:35 --> Session: Class initialized using 'CodeIgniter\Session\Handlers\FileHandler' driver.
WARNING - 2025-12-13 03:22:35 --> [DEPRECATED] Creation of dynamic property App\Controllers\UserManagement::$data is deprecated in APPPATH\Controllers\BaseController.php on line 74.
 1 APPPATH\Controllers\BaseController.php(59): App\Controllers\BaseController->loadNotificationData()
 2 SYSTEMPATH\CodeIgniter.php(904): App\Controllers\BaseController->initController(Object(CodeIgniter\HTTP\IncomingRequest), Object(CodeIgniter\HTTP\Response), Object(CodeIgniter\Log\Logger))
 3 SYSTEMPATH\CodeIgniter.php(498): CodeIgniter\CodeIgniter->createController()
 4 SYSTEMPATH\CodeIgniter.php(354): CodeIgniter\CodeIgniter->handleRequest(null, Object(Config\Cache), false)
 5 SYSTEMPATH\Boot.php(363): CodeIgniter\CodeIgniter->run()
 6 SYSTEMPATH\Boot.php(68): CodeIgniter\Boot::runCodeIgniter(Object(CodeIgniter\CodeIgniter))
 7 FCPATH\index.php(59): CodeIgniter\Boot::bootWeb(Object(Config\Paths))
DEBUG - 2025-12-13 03:22:35 --> Session: Class initialized using 'CodeIgniter\Session\Handlers\FileHandler' driver.
WARNING - 2025-12-13 03:22:35 --> [DEPRECATED] Creation of dynamic property App\Controllers\Notifications::$data is deprecated in APPPATH\Controllers\BaseController.php on line 74.
 1 APPPATH\Controllers\BaseController.php(59): App\Controllers\BaseController->loadNotificationData()
 2 SYSTEMPATH\CodeIgniter.php(904): App\Controllers\BaseController->initController(Object(CodeIgniter\HTTP\IncomingRequest), Object(CodeIgniter\HTTP\Response), Object(CodeIgniter\Log\Logger))
 3 SYSTEMPATH\CodeIgniter.php(498): CodeIgniter\CodeIgniter->createController()
 4 SYSTEMPATH\CodeIgniter.php(354): CodeIgniter\CodeIgniter->handleRequest(null, Object(Config\Cache), false)
 5 SYSTEMPATH\Boot.php(363): CodeIgniter\CodeIgniter->run()
 6 SYSTEMPATH\Boot.php(68): CodeIgniter\Boot::runCodeIgniter(Object(CodeIgniter\CodeIgniter))
 7 FCPATH\index.php(59): CodeIgniter\Boot::bootWeb(Object(Config\Paths))
DEBUG - 2025-12-13 03:22:39 --> Session: Class initialized using 'CodeIgniter\Session\Handlers\FileHandler' driver.
WARNING - 2025-12-13 03:22:39 --> [DEPRECATED] Creation of dynamic property App\Controllers\Notifications::$data is deprecated in APPPATH\Controllers\BaseController.php on line 74.
 1 APPPATH\Controllers\BaseController.php(59): App\Controllers\BaseController->loadNotificationData()
 2 SYSTEMPATH\CodeIgniter.php(904): App\Controllers\BaseController->initController(Object(CodeIgniter\HTTP\IncomingRequest), Object(CodeIgniter\HTTP\Response), Object(CodeIgniter\Log\Logger))
 3 SYSTEMPATH\CodeIgniter.php(498): CodeIgniter\CodeIgniter->createController()
 4 SYSTEMPATH\CodeIgniter.php(354): CodeIgniter\CodeIgniter->handleRequest(null, Object(Config\Cache), false)
 5 SYSTEMPATH\Boot.php(363): CodeIgniter\CodeIgniter->run()
 6 SYSTEMPATH\Boot.php(68): CodeIgniter\Boot::runCodeIgniter(Object(CodeIgniter\CodeIgniter))
 7 FCPATH\index.php(59): CodeIgniter\Boot::bootWeb(Object(Config\Paths))
DEBUG - 2025-12-13 03:22:46 --> Session: Class initialized using 'CodeIgniter\Session\Handlers\FileHandler' driver.
WARNING - 2025-12-13 03:22:46 --> [DEPRECATED] Creation of dynamic property App\Controllers\Auth::$data is deprecated in APPPATH\Controllers\BaseController.php on line 74.
 1 APPPATH\Controllers\BaseController.php(59): App\Controllers\BaseController->loadNotificationData()
 2 SYSTEMPATH\CodeIgniter.php(904): App\Controllers\BaseController->initController(Object(CodeIgniter\HTTP\IncomingRequest), Object(CodeIgniter\HTTP\Response), Object(CodeIgniter\Log\Logger))
 3 SYSTEMPATH\CodeIgniter.php(498): CodeIgniter\CodeIgniter->createController()
 4 SYSTEMPATH\CodeIgniter.php(354): CodeIgniter\CodeIgniter->handleRequest(null, Object(Config\Cache), false)
 5 SYSTEMPATH\Boot.php(363): CodeIgniter\CodeIgniter->run()
 6 SYSTEMPATH\Boot.php(68): CodeIgniter\Boot::runCodeIgniter(Object(CodeIgniter\CodeIgniter))
 7 FCPATH\index.php(59): CodeIgniter\Boot::bootWeb(Object(Config\Paths))
DEBUG - 2025-12-13 03:22:46 --> Session: Class initialized using 'CodeIgniter\Session\Handlers\FileHandler' driver.
WARNING - 2025-12-13 03:22:46 --> [DEPRECATED] Creation of dynamic property App\Controllers\Auth::$data is deprecated in APPPATH\Controllers\BaseController.php on line 76.
 1 APPPATH\Controllers\BaseController.php(59): App\Controllers\BaseController->loadNotificationData()
 2 SYSTEMPATH\CodeIgniter.php(904): App\Controllers\BaseController->initController(Object(CodeIgniter\HTTP\IncomingRequest), Object(CodeIgniter\HTTP\Response), Object(CodeIgniter\Log\Logger))
 3 SYSTEMPATH\CodeIgniter.php(498): CodeIgniter\CodeIgniter->createController()
 4 SYSTEMPATH\CodeIgniter.php(354): CodeIgniter\CodeIgniter->handleRequest(null, Object(Config\Cache), false)
 5 SYSTEMPATH\Boot.php(363): CodeIgniter\CodeIgniter->run()
 6 SYSTEMPATH\Boot.php(68): CodeIgniter\Boot::runCodeIgniter(Object(CodeIgniter\CodeIgniter))
 7 FCPATH\index.php(59): CodeIgniter\Boot::bootWeb(Object(Config\Paths))
DEBUG - 2025-12-13 03:22:47 --> Session: Class initialized using 'CodeIgniter\Session\Handlers\FileHandler' driver.
WARNING - 2025-12-13 03:22:47 --> [DEPRECATED] Creation of dynamic property App\Controllers\Notifications::$data is deprecated in APPPATH\Controllers\BaseController.php on line 76.
 1 APPPATH\Controllers\BaseController.php(59): App\Controllers\BaseController->loadNotificationData()
 2 SYSTEMPATH\CodeIgniter.php(904): App\Controllers\BaseController->initController(Object(CodeIgniter\HTTP\IncomingRequest), Object(CodeIgniter\HTTP\Response), Object(CodeIgniter\Log\Logger))
 3 SYSTEMPATH\CodeIgniter.php(498): CodeIgniter\CodeIgniter->createController()
 4 SYSTEMPATH\CodeIgniter.php(354): CodeIgniter\CodeIgniter->handleRequest(null, Object(Config\Cache), false)
 5 SYSTEMPATH\Boot.php(363): CodeIgniter\CodeIgniter->run()
 6 SYSTEMPATH\Boot.php(68): CodeIgniter\Boot::runCodeIgniter(Object(CodeIgniter\CodeIgniter))
 7 FCPATH\index.php(59): CodeIgniter\Boot::bootWeb(Object(Config\Paths))
DEBUG - 2025-12-13 03:23:03 --> Session: Class initialized using 'CodeIgniter\Session\Handlers\FileHandler' driver.
WARNING - 2025-12-13 03:23:03 --> [DEPRECATED] Creation of dynamic property App\Controllers\Course::$data is deprecated in APPPATH\Controllers\BaseController.php on line 74.
 1 APPPATH\Controllers\BaseController.php(59): App\Controllers\BaseController->loadNotificationData()
 2 SYSTEMPATH\CodeIgniter.php(904): App\Controllers\BaseController->initController(Object(CodeIgniter\HTTP\IncomingRequest), Object(CodeIgniter\HTTP\Response), Object(CodeIgniter\Log\Logger))
 3 SYSTEMPATH\CodeIgniter.php(498): CodeIgniter\CodeIgniter->createController()
 4 SYSTEMPATH\CodeIgniter.php(354): CodeIgniter\CodeIgniter->handleRequest(null, Object(Config\Cache), false)
 5 SYSTEMPATH\Boot.php(363): CodeIgniter\CodeIgniter->run()
 6 SYSTEMPATH\Boot.php(68): CodeIgniter\Boot::runCodeIgniter(Object(CodeIgniter\CodeIgniter))
 7 FCPATH\index.php(59): CodeIgniter\Boot::bootWeb(Object(Config\Paths))
DEBUG - 2025-12-13 03:23:03 --> Session: Class initialized using 'CodeIgniter\Session\Handlers\FileHandler' driver.
WARNING - 2025-12-13 03:23:03 --> [DEPRECATED] Creation of dynamic property App\Controllers\Notifications::$data is deprecated in APPPATH\Controllers\BaseController.php on line 74.
 1 APPPATH\Controllers\BaseController.php(59): App\Controllers\BaseController->loadNotificationData()
 2 SYSTEMPATH\CodeIgniter.php(904): App\Controllers\BaseController->initController(Object(CodeIgniter\HTTP\IncomingRequest), Object(CodeIgniter\HTTP\Response), Object(CodeIgniter\Log\Logger))
 3 SYSTEMPATH\CodeIgniter.php(498): CodeIgniter\CodeIgniter->createController()
 4 SYSTEMPATH\CodeIgniter.php(354): CodeIgniter\CodeIgniter->handleRequest(null, Object(Config\Cache), false)
 5 SYSTEMPATH\Boot.php(363): CodeIgniter\CodeIgniter->run()
 6 SYSTEMPATH\Boot.php(68): CodeIgniter\Boot::runCodeIgniter(Object(CodeIgniter\CodeIgniter))
 7 FCPATH\index.php(59): CodeIgniter\Boot::bootWeb(Object(Config\Paths))
DEBUG - 2025-12-13 03:23:10 --> Session: Class initialized using 'CodeIgniter\Session\Handlers\FileHandler' driver.
WARNING - 2025-12-13 03:23:10 --> [DEPRECATED] Creation of dynamic property App\Controllers\Auth::$data is deprecated in APPPATH\Controllers\BaseController.php on line 74.
 1 APPPATH\Controllers\BaseController.php(59): App\Controllers\BaseController->loadNotificationData()
 2 SYSTEMPATH\CodeIgniter.php(904): App\Controllers\BaseController->initController(Object(CodeIgniter\HTTP\IncomingRequest), Object(CodeIgniter\HTTP\Response), Object(CodeIgniter\Log\Logger))
 3 SYSTEMPATH\CodeIgniter.php(498): CodeIgniter\CodeIgniter->createController()
 4 SYSTEMPATH\CodeIgniter.php(354): CodeIgniter\CodeIgniter->handleRequest(null, Object(Config\Cache), false)
 5 SYSTEMPATH\Boot.php(363): CodeIgniter\CodeIgniter->run()
 6 SYSTEMPATH\Boot.php(68): CodeIgniter\Boot::runCodeIgniter(Object(CodeIgniter\CodeIgniter))
 7 FCPATH\index.php(59): CodeIgniter\Boot::bootWeb(Object(Config\Paths))
WARNING - 2025-12-13 03:23:10 --> [DEPRECATED] strtotime(): Passing null to parameter #1 ($datetime) of type string is deprecated in APPPATH\Views\auth\dashboard.php on line 102.
 1 APPPATH\Views\auth\dashboard.php(102): strtotime(null)
 2 SYSTEMPATH\View\View.php(226): include('C:\\xampp\\htdocs\\ITE311-MORIL\\app\\Views\\auth\\dashboard.php')
 3 SYSTEMPATH\View\View.php(229): CodeIgniter\View\View->CodeIgniter\View\{closure}()
 4 SYSTEMPATH\Common.php(1167): CodeIgniter\View\View->render('auth/dashboard', [], true)
 5 APPPATH\Controllers\Auth.php(357): view('auth/dashboard', [...])
 6 SYSTEMPATH\CodeIgniter.php(933): App\Controllers\Auth->dashboard()
 7 SYSTEMPATH\CodeIgniter.php(507): CodeIgniter\CodeIgniter->runController(Object(App\Controllers\Auth))
 8 SYSTEMPATH\CodeIgniter.php(354): CodeIgniter\CodeIgniter->handleRequest(null, Object(Config\Cache), false)
 9 SYSTEMPATH\Boot.php(363): CodeIgniter\CodeIgniter->run()
10 SYSTEMPATH\Boot.php(68): CodeIgniter\Boot::runCodeIgniter(Object(CodeIgniter\CodeIgniter))
11 FCPATH\index.php(59): CodeIgniter\Boot::bootWeb(Object(Config\Paths))
WARNING - 2025-12-13 03:23:10 --> [DEPRECATED] strtotime(): Passing null to parameter #1 ($datetime) of type string is deprecated in APPPATH\Views\auth\dashboard.php on line 102.
 1 APPPATH\Views\auth\dashboard.php(102): strtotime(null)
 2 SYSTEMPATH\View\View.php(226): include('C:\\xampp\\htdocs\\ITE311-MORIL\\app\\Views\\auth\\dashboard.php')
 3 SYSTEMPATH\View\View.php(229): CodeIgniter\View\View->CodeIgniter\View\{closure}()
 4 SYSTEMPATH\Common.php(1167): CodeIgniter\View\View->render('auth/dashboard', [], true)
 5 APPPATH\Controllers\Auth.php(357): view('auth/dashboard', [...])
 6 SYSTEMPATH\CodeIgniter.php(933): App\Controllers\Auth->dashboard()
 7 SYSTEMPATH\CodeIgniter.php(507): CodeIgniter\CodeIgniter->runController(Object(App\Controllers\Auth))
 8 SYSTEMPATH\CodeIgniter.php(354): CodeIgniter\CodeIgniter->handleRequest(null, Object(Config\Cache), false)
 9 SYSTEMPATH\Boot.php(363): CodeIgniter\CodeIgniter->run()
10 SYSTEMPATH\Boot.php(68): CodeIgniter\Boot::runCodeIgniter(Object(CodeIgniter\CodeIgniter))
11 FCPATH\index.php(59): CodeIgniter\Boot::bootWeb(Object(Config\Paths))
DEBUG - 2025-12-13 03:23:11 --> Session: Class initialized using 'CodeIgniter\Session\Handlers\FileHandler' driver.
WARNING - 2025-12-13 03:23:11 --> [DEPRECATED] Creation of dynamic property App\Controllers\Notifications::$data is deprecated in APPPATH\Controllers\BaseController.php on line 74.
 1 APPPATH\Controllers\BaseController.php(59): App\Controllers\BaseController->loadNotificationData()
 2 SYSTEMPATH\CodeIgniter.php(904): App\Controllers\BaseController->initController(Object(CodeIgniter\HTTP\IncomingRequest), Object(CodeIgniter\HTTP\Response), Object(CodeIgniter\Log\Logger))
 3 SYSTEMPATH\CodeIgniter.php(498): CodeIgniter\CodeIgniter->createController()
 4 SYSTEMPATH\CodeIgniter.php(354): CodeIgniter\CodeIgniter->handleRequest(null, Object(Config\Cache), false)
 5 SYSTEMPATH\Boot.php(363): CodeIgniter\CodeIgniter->run()
 6 SYSTEMPATH\Boot.php(68): CodeIgniter\Boot::runCodeIgniter(Object(CodeIgniter\CodeIgniter))
 7 FCPATH\index.php(59): CodeIgniter\Boot::bootWeb(Object(Config\Paths))
DEBUG - 2025-12-13 03:23:13 --> Session: Class initialized using 'CodeIgniter\Session\Handlers\FileHandler' driver.
WARNING - 2025-12-13 03:23:13 --> [DEPRECATED] Creation of dynamic property App\Controllers\Course::$data is deprecated in APPPATH\Controllers\BaseController.php on line 74.
 1 APPPATH\Controllers\BaseController.php(59): App\Controllers\BaseController->loadNotificationData()
 2 SYSTEMPATH\CodeIgniter.php(904): App\Controllers\BaseController->initController(Object(CodeIgniter\HTTP\IncomingRequest), Object(CodeIgniter\HTTP\Response), Object(CodeIgniter\Log\Logger))
 3 SYSTEMPATH\CodeIgniter.php(498): CodeIgniter\CodeIgniter->createController()
 4 SYSTEMPATH\CodeIgniter.php(354): CodeIgniter\CodeIgniter->handleRequest(null, Object(Config\Cache), false)
 5 SYSTEMPATH\Boot.php(363): CodeIgniter\CodeIgniter->run()
 6 SYSTEMPATH\Boot.php(68): CodeIgniter\Boot::runCodeIgniter(Object(CodeIgniter\CodeIgniter))
 7 FCPATH\index.php(59): CodeIgniter\Boot::bootWeb(Object(Config\Paths))
DEBUG - 2025-12-13 03:23:14 --> Session: Class initialized using 'CodeIgniter\Session\Handlers\FileHandler' driver.
WARNING - 2025-12-13 03:23:14 --> [DEPRECATED] Creation of dynamic property App\Controllers\Notifications::$data is deprecated in APPPATH\Controllers\BaseController.php on line 74.
 1 APPPATH\Controllers\BaseController.php(59): App\Controllers\BaseController->loadNotificationData()
 2 SYSTEMPATH\CodeIgniter.php(904): App\Controllers\BaseController->initController(Object(CodeIgniter\HTTP\IncomingRequest), Object(CodeIgniter\HTTP\Response), Object(CodeIgniter\Log\Logger))
 3 SYSTEMPATH\CodeIgniter.php(498): CodeIgniter\CodeIgniter->createController()
 4 SYSTEMPATH\CodeIgniter.php(354): CodeIgniter\CodeIgniter->handleRequest(null, Object(Config\Cache), false)
 5 SYSTEMPATH\Boot.php(363): CodeIgniter\CodeIgniter->run()
 6 SYSTEMPATH\Boot.php(68): CodeIgniter\Boot::runCodeIgniter(Object(CodeIgniter\CodeIgniter))
 7 FCPATH\index.php(59): CodeIgniter\Boot::bootWeb(Object(Config\Paths))
DEBUG - 2025-12-13 03:23:47 --> Session: Class initialized using 'CodeIgniter\Session\Handlers\FileHandler' driver.
WARNING - 2025-12-13 03:23:47 --> [DEPRECATED] Creation of dynamic property App\Controllers\Notifications::$data is deprecated in APPPATH\Controllers\BaseController.php on line 76.
 1 APPPATH\Controllers\BaseController.php(59): App\Controllers\BaseController->loadNotificationData()
 2 SYSTEMPATH\CodeIgniter.php(904): App\Controllers\BaseController->initController(Object(CodeIgniter\HTTP\IncomingRequest), Object(CodeIgniter\HTTP\Response), Object(CodeIgniter\Log\Logger))
 3 SYSTEMPATH\CodeIgniter.php(498): CodeIgniter\CodeIgniter->createController()
 4 SYSTEMPATH\CodeIgniter.php(354): CodeIgniter\CodeIgniter->handleRequest(null, Object(Config\Cache), false)
 5 SYSTEMPATH\Boot.php(363): CodeIgniter\CodeIgniter->run()
 6 SYSTEMPATH\Boot.php(68): CodeIgniter\Boot::runCodeIgniter(Object(CodeIgniter\CodeIgniter))
 7 FCPATH\index.php(59): CodeIgniter\Boot::bootWeb(Object(Config\Paths))
DEBUG - 2025-12-13 03:23:57 --> Session: Class initialized using 'CodeIgniter\Session\Handlers\FileHandler' driver.
WARNING - 2025-12-13 03:23:57 --> [DEPRECATED] Creation of dynamic property App\Controllers\Auth::$data is deprecated in APPPATH\Controllers\BaseController.php on line 74.
 1 APPPATH\Controllers\BaseController.php(59): App\Controllers\BaseController->loadNotificationData()
 2 SYSTEMPATH\CodeIgniter.php(904): App\Controllers\BaseController->initController(Object(CodeIgniter\HTTP\IncomingRequest), Object(CodeIgniter\HTTP\Response), Object(CodeIgniter\Log\Logger))
 3 SYSTEMPATH\CodeIgniter.php(498): CodeIgniter\CodeIgniter->createController()
 4 SYSTEMPATH\CodeIgniter.php(354): CodeIgniter\CodeIgniter->handleRequest(null, Object(Config\Cache), false)
 5 SYSTEMPATH\Boot.php(363): CodeIgniter\CodeIgniter->run()
 6 SYSTEMPATH\Boot.php(68): CodeIgniter\Boot::runCodeIgniter(Object(CodeIgniter\CodeIgniter))
 7 FCPATH\index.php(59): CodeIgniter\Boot::bootWeb(Object(Config\Paths))
DEBUG - 2025-12-13 03:23:57 --> Session: Class initialized using 'CodeIgniter\Session\Handlers\FileHandler' driver.
WARNING - 2025-12-13 03:23:57 --> [DEPRECATED] Creation of dynamic property App\Controllers\Auth::$data is deprecated in APPPATH\Controllers\BaseController.php on line 74.
 1 APPPATH\Controllers\BaseController.php(59): App\Controllers\BaseController->loadNotificationData()
 2 SYSTEMPATH\CodeIgniter.php(904): App\Controllers\BaseController->initController(Object(CodeIgniter\HTTP\IncomingRequest), Object(CodeIgniter\HTTP\Response), Object(CodeIgniter\Log\Logger))
 3 SYSTEMPATH\CodeIgniter.php(498): CodeIgniter\CodeIgniter->createController()
 4 SYSTEMPATH\CodeIgniter.php(354): CodeIgniter\CodeIgniter->handleRequest(null, Object(Config\Cache), false)
 5 SYSTEMPATH\Boot.php(363): CodeIgniter\CodeIgniter->run()
 6 SYSTEMPATH\Boot.php(68): CodeIgniter\Boot::runCodeIgniter(Object(CodeIgniter\CodeIgniter))
 7 FCPATH\index.php(59): CodeIgniter\Boot::bootWeb(Object(Config\Paths))
WARNING - 2025-12-13 03:23:57 --> [DEPRECATED] strtotime(): Passing null to parameter #1 ($datetime) of type string is deprecated in APPPATH\Views\auth\dashboard.php on line 102.
 1 APPPATH\Views\auth\dashboard.php(102): strtotime(null)
 2 SYSTEMPATH\View\View.php(226): include('C:\\xampp\\htdocs\\ITE311-MORIL\\app\\Views\\auth\\dashboard.php')
 3 SYSTEMPATH\View\View.php(229): CodeIgniter\View\View->CodeIgniter\View\{closure}()
 4 SYSTEMPATH\Common.php(1167): CodeIgniter\View\View->render('auth/dashboard', [], true)
 5 APPPATH\Controllers\Auth.php(357): view('auth/dashboard', [...])
 6 SYSTEMPATH\CodeIgniter.php(933): App\Controllers\Auth->dashboard()
 7 SYSTEMPATH\CodeIgniter.php(507): CodeIgniter\CodeIgniter->runController(Object(App\Controllers\Auth))
 8 SYSTEMPATH\CodeIgniter.php(354): CodeIgniter\CodeIgniter->handleRequest(null, Object(Config\Cache), false)
 9 SYSTEMPATH\Boot.php(363): CodeIgniter\CodeIgniter->run()
10 SYSTEMPATH\Boot.php(68): CodeIgniter\Boot::runCodeIgniter(Object(CodeIgniter\CodeIgniter))
11 FCPATH\index.php(59): CodeIgniter\Boot::bootWeb(Object(Config\Paths))
WARNING - 2025-12-13 03:23:57 --> [DEPRECATED] strtotime(): Passing null to parameter #1 ($datetime) of type string is deprecated in APPPATH\Views\auth\dashboard.php on line 102.
 1 APPPATH\Views\auth\dashboard.php(102): strtotime(null)
 2 SYSTEMPATH\View\View.php(226): include('C:\\xampp\\htdocs\\ITE311-MORIL\\app\\Views\\auth\\dashboard.php')
 3 SYSTEMPATH\View\View.php(229): CodeIgniter\View\View->CodeIgniter\View\{closure}()
 4 SYSTEMPATH\Common.php(1167): CodeIgniter\View\View->render('auth/dashboard', [], true)
 5 APPPATH\Controllers\Auth.php(357): view('auth/dashboard', [...])
 6 SYSTEMPATH\CodeIgniter.php(933): App\Controllers\Auth->dashboard()
 7 SYSTEMPATH\CodeIgniter.php(507): CodeIgniter\CodeIgniter->runController(Object(App\Controllers\Auth))
 8 SYSTEMPATH\CodeIgniter.php(354): CodeIgniter\CodeIgniter->handleRequest(null, Object(Config\Cache), false)
 9 SYSTEMPATH\Boot.php(363): CodeIgniter\CodeIgniter->run()
10 SYSTEMPATH\Boot.php(68): CodeIgniter\Boot::runCodeIgniter(Object(CodeIgniter\CodeIgniter))
11 FCPATH\index.php(59): CodeIgniter\Boot::bootWeb(Object(Config\Paths))
DEBUG - 2025-12-13 03:23:58 --> Session: Class initialized using 'CodeIgniter\Session\Handlers\FileHandler' driver.
WARNING - 2025-12-13 03:23:58 --> [DEPRECATED] Creation of dynamic property App\Controllers\Notifications::$data is deprecated in APPPATH\Controllers\BaseController.php on line 74.
 1 APPPATH\Controllers\BaseController.php(59): App\Controllers\BaseController->loadNotificationData()
 2 SYSTEMPATH\CodeIgniter.php(904): App\Controllers\BaseController->initController(Object(CodeIgniter\HTTP\IncomingRequest), Object(CodeIgniter\HTTP\Response), Object(CodeIgniter\Log\Logger))
 3 SYSTEMPATH\CodeIgniter.php(498): CodeIgniter\CodeIgniter->createController()
 4 SYSTEMPATH\CodeIgniter.php(354): CodeIgniter\CodeIgniter->handleRequest(null, Object(Config\Cache), false)
 5 SYSTEMPATH\Boot.php(363): CodeIgniter\CodeIgniter->run()
 6 SYSTEMPATH\Boot.php(68): CodeIgniter\Boot::runCodeIgniter(Object(CodeIgniter\CodeIgniter))
 7 FCPATH\index.php(59): CodeIgniter\Boot::bootWeb(Object(Config\Paths))
DEBUG - 2025-12-13 03:24:14 --> Session: Class initialized using 'CodeIgniter\Session\Handlers\FileHandler' driver.
WARNING - 2025-12-13 03:24:14 --> [DEPRECATED] Creation of dynamic property App\Controllers\Notifications::$data is deprecated in APPPATH\Controllers\BaseController.php on line 74.
 1 APPPATH\Controllers\BaseController.php(59): App\Controllers\BaseController->loadNotificationData()
 2 SYSTEMPATH\CodeIgniter.php(904): App\Controllers\BaseController->initController(Object(CodeIgniter\HTTP\IncomingRequest), Object(CodeIgniter\HTTP\Response), Object(CodeIgniter\Log\Logger))
 3 SYSTEMPATH\CodeIgniter.php(498): CodeIgniter\CodeIgniter->createController()
 4 SYSTEMPATH\CodeIgniter.php(354): CodeIgniter\CodeIgniter->handleRequest(null, Object(Config\Cache), false)
 5 SYSTEMPATH\Boot.php(363): CodeIgniter\CodeIgniter->run()
 6 SYSTEMPATH\Boot.php(68): CodeIgniter\Boot::runCodeIgniter(Object(CodeIgniter\CodeIgniter))
 7 FCPATH\index.php(59): CodeIgniter\Boot::bootWeb(Object(Config\Paths))
DEBUG - 2025-12-13 03:24:47 --> Session: Class initialized using 'CodeIgniter\Session\Handlers\FileHandler' driver.
WARNING - 2025-12-13 03:24:47 --> [DEPRECATED] Creation of dynamic property App\Controllers\Notifications::$data is deprecated in APPPATH\Controllers\BaseController.php on line 76.
 1 APPPATH\Controllers\BaseController.php(59): App\Controllers\BaseController->loadNotificationData()
 2 SYSTEMPATH\CodeIgniter.php(904): App\Controllers\BaseController->initController(Object(CodeIgniter\HTTP\IncomingRequest), Object(CodeIgniter\HTTP\Response), Object(CodeIgniter\Log\Logger))
 3 SYSTEMPATH\CodeIgniter.php(498): CodeIgniter\CodeIgniter->createController()
 4 SYSTEMPATH\CodeIgniter.php(354): CodeIgniter\CodeIgniter->handleRequest(null, Object(Config\Cache), false)
 5 SYSTEMPATH\Boot.php(363): CodeIgniter\CodeIgniter->run()
 6 SYSTEMPATH\Boot.php(68): CodeIgniter\Boot::runCodeIgniter(Object(CodeIgniter\CodeIgniter))
 7 FCPATH\index.php(59): CodeIgniter\Boot::bootWeb(Object(Config\Paths))
DEBUG - 2025-12-13 03:25:14 --> Session: Class initialized using 'CodeIgniter\Session\Handlers\FileHandler' driver.
WARNING - 2025-12-13 03:25:14 --> [DEPRECATED] Creation of dynamic property App\Controllers\Notifications::$data is deprecated in APPPATH\Controllers\BaseController.php on line 74.
 1 APPPATH\Controllers\BaseController.php(59): App\Controllers\BaseController->loadNotificationData()
 2 SYSTEMPATH\CodeIgniter.php(904): App\Controllers\BaseController->initController(Object(CodeIgniter\HTTP\IncomingRequest), Object(CodeIgniter\HTTP\Response), Object(CodeIgniter\Log\Logger))
 3 SYSTEMPATH\CodeIgniter.php(498): CodeIgniter\CodeIgniter->createController()
 4 SYSTEMPATH\CodeIgniter.php(354): CodeIgniter\CodeIgniter->handleRequest(null, Object(Config\Cache), false)
 5 SYSTEMPATH\Boot.php(363): CodeIgniter\CodeIgniter->run()
 6 SYSTEMPATH\Boot.php(68): CodeIgniter\Boot::runCodeIgniter(Object(CodeIgniter\CodeIgniter))
 7 FCPATH\index.php(59): CodeIgniter\Boot::bootWeb(Object(Config\Paths))
DEBUG - 2025-12-13 03:25:48 --> Session: Class initialized using 'CodeIgniter\Session\Handlers\FileHandler' driver.
WARNING - 2025-12-13 03:25:48 --> [DEPRECATED] Creation of dynamic property App\Controllers\Notifications::$data is deprecated in APPPATH\Controllers\BaseController.php on line 76.
 1 APPPATH\Controllers\BaseController.php(59): App\Controllers\BaseController->loadNotificationData()
 2 SYSTEMPATH\CodeIgniter.php(904): App\Controllers\BaseController->initController(Object(CodeIgniter\HTTP\IncomingRequest), Object(CodeIgniter\HTTP\Response), Object(CodeIgniter\Log\Logger))
 3 SYSTEMPATH\CodeIgniter.php(498): CodeIgniter\CodeIgniter->createController()
 4 SYSTEMPATH\CodeIgniter.php(354): CodeIgniter\CodeIgniter->handleRequest(null, Object(Config\Cache), false)
 5 SYSTEMPATH\Boot.php(363): CodeIgniter\CodeIgniter->run()
 6 SYSTEMPATH\Boot.php(68): CodeIgniter\Boot::runCodeIgniter(Object(CodeIgniter\CodeIgniter))
 7 FCPATH\index.php(59): CodeIgniter\Boot::bootWeb(Object(Config\Paths))
DEBUG - 2025-12-13 03:26:15 --> Session: Class initialized using 'CodeIgniter\Session\Handlers\FileHandler' driver.
WARNING - 2025-12-13 03:26:15 --> [DEPRECATED] Creation of dynamic property App\Controllers\Notifications::$data is deprecated in APPPATH\Controllers\BaseController.php on line 74.
 1 APPPATH\Controllers\BaseController.php(59): App\Controllers\BaseController->loadNotificationData()
 2 SYSTEMPATH\CodeIgniter.php(904): App\Controllers\BaseController->initController(Object(CodeIgniter\HTTP\IncomingRequest), Object(CodeIgniter\HTTP\Response), Object(CodeIgniter\Log\Logger))
 3 SYSTEMPATH\CodeIgniter.php(498): CodeIgniter\CodeIgniter->createController()
 4 SYSTEMPATH\CodeIgniter.php(354): CodeIgniter\CodeIgniter->handleRequest(null, Object(Config\Cache), false)
 5 SYSTEMPATH\Boot.php(363): CodeIgniter\CodeIgniter->run()
 6 SYSTEMPATH\Boot.php(68): CodeIgniter\Boot::runCodeIgniter(Object(CodeIgniter\CodeIgniter))
 7 FCPATH\index.php(59): CodeIgniter\Boot::bootWeb(Object(Config\Paths))
DEBUG - 2025-12-13 03:26:47 --> Session: Class initialized using 'CodeIgniter\Session\Handlers\FileHandler' driver.
WARNING - 2025-12-13 03:26:47 --> [DEPRECATED] Creation of dynamic property App\Controllers\Notifications::$data is deprecated in APPPATH\Controllers\BaseController.php on line 76.
 1 APPPATH\Controllers\BaseController.php(59): App\Controllers\BaseController->loadNotificationData()
 2 SYSTEMPATH\CodeIgniter.php(904): App\Controllers\BaseController->initController(Object(CodeIgniter\HTTP\IncomingRequest), Object(CodeIgniter\HTTP\Response), Object(CodeIgniter\Log\Logger))
 3 SYSTEMPATH\CodeIgniter.php(498): CodeIgniter\CodeIgniter->createController()
 4 SYSTEMPATH\CodeIgniter.php(354): CodeIgniter\CodeIgniter->handleRequest(null, Object(Config\Cache), false)
 5 SYSTEMPATH\Boot.php(363): CodeIgniter\CodeIgniter->run()
 6 SYSTEMPATH\Boot.php(68): CodeIgniter\Boot::runCodeIgniter(Object(CodeIgniter\CodeIgniter))
 7 FCPATH\index.php(59): CodeIgniter\Boot::bootWeb(Object(Config\Paths))
DEBUG - 2025-12-13 03:27:15 --> Session: Class initialized using 'CodeIgniter\Session\Handlers\FileHandler' driver.
WARNING - 2025-12-13 03:27:15 --> [DEPRECATED] Creation of dynamic property App\Controllers\Notifications::$data is deprecated in APPPATH\Controllers\BaseController.php on line 74.
 1 APPPATH\Controllers\BaseController.php(59): App\Controllers\BaseController->loadNotificationData()
 2 SYSTEMPATH\CodeIgniter.php(904): App\Controllers\BaseController->initController(Object(CodeIgniter\HTTP\IncomingRequest), Object(CodeIgniter\HTTP\Response), Object(CodeIgniter\Log\Logger))
 3 SYSTEMPATH\CodeIgniter.php(498): CodeIgniter\CodeIgniter->createController()
 4 SYSTEMPATH\CodeIgniter.php(354): CodeIgniter\CodeIgniter->handleRequest(null, Object(Config\Cache), false)
 5 SYSTEMPATH\Boot.php(363): CodeIgniter\CodeIgniter->run()
 6 SYSTEMPATH\Boot.php(68): CodeIgniter\Boot::runCodeIgniter(Object(CodeIgniter\CodeIgniter))
 7 FCPATH\index.php(59): CodeIgniter\Boot::bootWeb(Object(Config\Paths))
DEBUG - 2025-12-13 03:27:47 --> Session: Class initialized using 'CodeIgniter\Session\Handlers\FileHandler' driver.
WARNING - 2025-12-13 03:27:47 --> [DEPRECATED] Creation of dynamic property App\Controllers\Notifications::$data is deprecated in APPPATH\Controllers\BaseController.php on line 76.
 1 APPPATH\Controllers\BaseController.php(59): App\Controllers\BaseController->loadNotificationData()
 2 SYSTEMPATH\CodeIgniter.php(904): App\Controllers\BaseController->initController(Object(CodeIgniter\HTTP\IncomingRequest), Object(CodeIgniter\HTTP\Response), Object(CodeIgniter\Log\Logger))
 3 SYSTEMPATH\CodeIgniter.php(498): CodeIgniter\CodeIgniter->createController()
 4 SYSTEMPATH\CodeIgniter.php(354): CodeIgniter\CodeIgniter->handleRequest(null, Object(Config\Cache), false)
 5 SYSTEMPATH\Boot.php(363): CodeIgniter\CodeIgniter->run()
 6 SYSTEMPATH\Boot.php(68): CodeIgniter\Boot::runCodeIgniter(Object(CodeIgniter\CodeIgniter))
 7 FCPATH\index.php(59): CodeIgniter\Boot::bootWeb(Object(Config\Paths))
DEBUG - 2025-12-13 03:28:14 --> Session: Class initialized using 'CodeIgniter\Session\Handlers\FileHandler' driver.
WARNING - 2025-12-13 03:28:14 --> [DEPRECATED] Creation of dynamic property App\Controllers\Notifications::$data is deprecated in APPPATH\Controllers\BaseController.php on line 74.
 1 APPPATH\Controllers\BaseController.php(59): App\Controllers\BaseController->loadNotificationData()
 2 SYSTEMPATH\CodeIgniter.php(904): App\Controllers\BaseController->initController(Object(CodeIgniter\HTTP\IncomingRequest), Object(CodeIgniter\HTTP\Response), Object(CodeIgniter\Log\Logger))
 3 SYSTEMPATH\CodeIgniter.php(498): CodeIgniter\CodeIgniter->createController()
 4 SYSTEMPATH\CodeIgniter.php(354): CodeIgniter\CodeIgniter->handleRequest(null, Object(Config\Cache), false)
 5 SYSTEMPATH\Boot.php(363): CodeIgniter\CodeIgniter->run()
 6 SYSTEMPATH\Boot.php(68): CodeIgniter\Boot::runCodeIgniter(Object(CodeIgniter\CodeIgniter))
 7 FCPATH\index.php(59): CodeIgniter\Boot::bootWeb(Object(Config\Paths))
DEBUG - 2025-12-13 03:28:47 --> Session: Class initialized using 'CodeIgniter\Session\Handlers\FileHandler' driver.
WARNING - 2025-12-13 03:28:47 --> [DEPRECATED] Creation of dynamic property App\Controllers\Notifications::$data is deprecated in APPPATH\Controllers\BaseController.php on line 76.
 1 APPPATH\Controllers\BaseController.php(59): App\Controllers\BaseController->loadNotificationData()
 2 SYSTEMPATH\CodeIgniter.php(904): App\Controllers\BaseController->initController(Object(CodeIgniter\HTTP\IncomingRequest), Object(CodeIgniter\HTTP\Response), Object(CodeIgniter\Log\Logger))
 3 SYSTEMPATH\CodeIgniter.php(498): CodeIgniter\CodeIgniter->createController()
 4 SYSTEMPATH\CodeIgniter.php(354): CodeIgniter\CodeIgniter->handleRequest(null, Object(Config\Cache), false)
 5 SYSTEMPATH\Boot.php(363): CodeIgniter\CodeIgniter->run()
 6 SYSTEMPATH\Boot.php(68): CodeIgniter\Boot::runCodeIgniter(Object(CodeIgniter\CodeIgniter))
 7 FCPATH\index.php(59): CodeIgniter\Boot::bootWeb(Object(Config\Paths))
DEBUG - 2025-12-13 03:29:14 --> Session: Class initialized using 'CodeIgniter\Session\Handlers\FileHandler' driver.
WARNING - 2025-12-13 03:29:14 --> [DEPRECATED] Creation of dynamic property App\Controllers\Notifications::$data is deprecated in APPPATH\Controllers\BaseController.php on line 74.
 1 APPPATH\Controllers\BaseController.php(59): App\Controllers\BaseController->loadNotificationData()
 2 SYSTEMPATH\CodeIgniter.php(904): App\Controllers\BaseController->initController(Object(CodeIgniter\HTTP\IncomingRequest), Object(CodeIgniter\HTTP\Response), Object(CodeIgniter\Log\Logger))
 3 SYSTEMPATH\CodeIgniter.php(498): CodeIgniter\CodeIgniter->createController()
 4 SYSTEMPATH\CodeIgniter.php(354): CodeIgniter\CodeIgniter->handleRequest(null, Object(Config\Cache), false)
 5 SYSTEMPATH\Boot.php(363): CodeIgniter\CodeIgniter->run()
 6 SYSTEMPATH\Boot.php(68): CodeIgniter\Boot::runCodeIgniter(Object(CodeIgniter\CodeIgniter))
 7 FCPATH\index.php(59): CodeIgniter\Boot::bootWeb(Object(Config\Paths))
DEBUG - 2025-12-13 03:29:48 --> Session: Class initialized using 'CodeIgniter\Session\Handlers\FileHandler' driver.
WARNING - 2025-12-13 03:29:48 --> [DEPRECATED] Creation of dynamic property App\Controllers\Notifications::$data is deprecated in APPPATH\Controllers\BaseController.php on line 76.
 1 APPPATH\Controllers\BaseController.php(59): App\Controllers\BaseController->loadNotificationData()
 2 SYSTEMPATH\CodeIgniter.php(904): App\Controllers\BaseController->initController(Object(CodeIgniter\HTTP\IncomingRequest), Object(CodeIgniter\HTTP\Response), Object(CodeIgniter\Log\Logger))
 3 SYSTEMPATH\CodeIgniter.php(498): CodeIgniter\CodeIgniter->createController()
 4 SYSTEMPATH\CodeIgniter.php(354): CodeIgniter\CodeIgniter->handleRequest(null, Object(Config\Cache), false)
 5 SYSTEMPATH\Boot.php(363): CodeIgniter\CodeIgniter->run()
 6 SYSTEMPATH\Boot.php(68): CodeIgniter\Boot::runCodeIgniter(Object(CodeIgniter\CodeIgniter))
 7 FCPATH\index.php(59): CodeIgniter\Boot::bootWeb(Object(Config\Paths))
DEBUG - 2025-12-13 03:30:16 --> Session: Class initialized using 'CodeIgniter\Session\Handlers\FileHandler' driver.
WARNING - 2025-12-13 03:30:16 --> [DEPRECATED] Creation of dynamic property App\Controllers\Notifications::$data is deprecated in APPPATH\Controllers\BaseController.php on line 74.
 1 APPPATH\Controllers\BaseController.php(59): App\Controllers\BaseController->loadNotificationData()
 2 SYSTEMPATH\CodeIgniter.php(904): App\Controllers\BaseController->initController(Object(CodeIgniter\HTTP\IncomingRequest), Object(CodeIgniter\HTTP\Response), Object(CodeIgniter\Log\Logger))
 3 SYSTEMPATH\CodeIgniter.php(498): CodeIgniter\CodeIgniter->createController()
 4 SYSTEMPATH\CodeIgniter.php(354): CodeIgniter\CodeIgniter->handleRequest(null, Object(Config\Cache), false)
 5 SYSTEMPATH\Boot.php(363): CodeIgniter\CodeIgniter->run()
 6 SYSTEMPATH\Boot.php(68): CodeIgniter\Boot::runCodeIgniter(Object(CodeIgniter\CodeIgniter))
 7 FCPATH\index.php(59): CodeIgniter\Boot::bootWeb(Object(Config\Paths))
DEBUG - 2025-12-13 03:30:49 --> Session: Class initialized using 'CodeIgniter\Session\Handlers\FileHandler' driver.
WARNING - 2025-12-13 03:30:49 --> [DEPRECATED] Creation of dynamic property App\Controllers\Notifications::$data is deprecated in APPPATH\Controllers\BaseController.php on line 76.
 1 APPPATH\Controllers\BaseController.php(59): App\Controllers\BaseController->loadNotificationData()
 2 SYSTEMPATH\CodeIgniter.php(904): App\Controllers\BaseController->initController(Object(CodeIgniter\HTTP\IncomingRequest), Object(CodeIgniter\HTTP\Response), Object(CodeIgniter\Log\Logger))
 3 SYSTEMPATH\CodeIgniter.php(498): CodeIgniter\CodeIgniter->createController()
 4 SYSTEMPATH\CodeIgniter.php(354): CodeIgniter\CodeIgniter->handleRequest(null, Object(Config\Cache), false)
 5 SYSTEMPATH\Boot.php(363): CodeIgniter\CodeIgniter->run()
 6 SYSTEMPATH\Boot.php(68): CodeIgniter\Boot::runCodeIgniter(Object(CodeIgniter\CodeIgniter))
 7 FCPATH\index.php(59): CodeIgniter\Boot::bootWeb(Object(Config\Paths))
DEBUG - 2025-12-13 03:31:16 --> Session: Class initialized using 'CodeIgniter\Session\Handlers\FileHandler' driver.
WARNING - 2025-12-13 03:31:16 --> [DEPRECATED] Creation of dynamic property App\Controllers\Notifications::$data is deprecated in APPPATH\Controllers\BaseController.php on line 76.
 1 APPPATH\Controllers\BaseController.php(59): App\Controllers\BaseController->loadNotificationData()
 2 SYSTEMPATH\CodeIgniter.php(904): App\Controllers\BaseController->initController(Object(CodeIgniter\HTTP\IncomingRequest), Object(CodeIgniter\HTTP\Response), Object(CodeIgniter\Log\Logger))
 3 SYSTEMPATH\CodeIgniter.php(498): CodeIgniter\CodeIgniter->createController()
 4 SYSTEMPATH\CodeIgniter.php(354): CodeIgniter\CodeIgniter->handleRequest(null, Object(Config\Cache), false)
 5 SYSTEMPATH\Boot.php(363): CodeIgniter\CodeIgniter->run()
 6 SYSTEMPATH\Boot.php(68): CodeIgniter\Boot::runCodeIgniter(Object(CodeIgniter\CodeIgniter))
 7 FCPATH\index.php(59): CodeIgniter\Boot::bootWeb(Object(Config\Paths))
DEBUG - 2025-12-13 03:31:50 --> Session: Class initialized using 'CodeIgniter\Session\Handlers\FileHandler' driver.
WARNING - 2025-12-13 03:31:50 --> [DEPRECATED] Creation of dynamic property App\Controllers\Notifications::$data is deprecated in APPPATH\Controllers\BaseController.php on line 76.
 1 APPPATH\Controllers\BaseController.php(59): App\Controllers\BaseController->loadNotificationData()
 2 SYSTEMPATH\CodeIgniter.php(904): App\Controllers\BaseController->initController(Object(CodeIgniter\HTTP\IncomingRequest), Object(CodeIgniter\HTTP\Response), Object(CodeIgniter\Log\Logger))
 3 SYSTEMPATH\CodeIgniter.php(498): CodeIgniter\CodeIgniter->createController()
 4 SYSTEMPATH\CodeIgniter.php(354): CodeIgniter\CodeIgniter->handleRequest(null, Object(Config\Cache), false)
 5 SYSTEMPATH\Boot.php(363): CodeIgniter\CodeIgniter->run()
 6 SYSTEMPATH\Boot.php(68): CodeIgniter\Boot::runCodeIgniter(Object(CodeIgniter\CodeIgniter))
 7 FCPATH\index.php(59): CodeIgniter\Boot::bootWeb(Object(Config\Paths))
DEBUG - 2025-12-13 03:32:18 --> Session: Class initialized using 'CodeIgniter\Session\Handlers\FileHandler' driver.
WARNING - 2025-12-13 03:32:18 --> [DEPRECATED] Creation of dynamic property App\Controllers\Notifications::$data is deprecated in APPPATH\Controllers\BaseController.php on line 76.
 1 APPPATH\Controllers\BaseController.php(59): App\Controllers\BaseController->loadNotificationData()
 2 SYSTEMPATH\CodeIgniter.php(904): App\Controllers\BaseController->initController(Object(CodeIgniter\HTTP\IncomingRequest), Object(CodeIgniter\HTTP\Response), Object(CodeIgniter\Log\Logger))
 3 SYSTEMPATH\CodeIgniter.php(498): CodeIgniter\CodeIgniter->createController()
 4 SYSTEMPATH\CodeIgniter.php(354): CodeIgniter\CodeIgniter->handleRequest(null, Object(Config\Cache), false)
 5 SYSTEMPATH\Boot.php(363): CodeIgniter\CodeIgniter->run()
 6 SYSTEMPATH\Boot.php(68): CodeIgniter\Boot::runCodeIgniter(Object(CodeIgniter\CodeIgniter))
 7 FCPATH\index.php(59): CodeIgniter\Boot::bootWeb(Object(Config\Paths))
DEBUG - 2025-12-13 03:32:51 --> Session: Class initialized using 'CodeIgniter\Session\Handlers\FileHandler' driver.
WARNING - 2025-12-13 03:32:51 --> [DEPRECATED] Creation of dynamic property App\Controllers\Notifications::$data is deprecated in APPPATH\Controllers\BaseController.php on line 76.
 1 APPPATH\Controllers\BaseController.php(59): App\Controllers\BaseController->loadNotificationData()
 2 SYSTEMPATH\CodeIgniter.php(904): App\Controllers\BaseController->initController(Object(CodeIgniter\HTTP\IncomingRequest), Object(CodeIgniter\HTTP\Response), Object(CodeIgniter\Log\Logger))
 3 SYSTEMPATH\CodeIgniter.php(498): CodeIgniter\CodeIgniter->createController()
 4 SYSTEMPATH\CodeIgniter.php(354): CodeIgniter\CodeIgniter->handleRequest(null, Object(Config\Cache), false)
 5 SYSTEMPATH\Boot.php(363): CodeIgniter\CodeIgniter->run()
 6 SYSTEMPATH\Boot.php(68): CodeIgniter\Boot::runCodeIgniter(Object(CodeIgniter\CodeIgniter))
 7 FCPATH\index.php(59): CodeIgniter\Boot::bootWeb(Object(Config\Paths))
DEBUG - 2025-12-13 03:33:18 --> Session: Class initialized using 'CodeIgniter\Session\Handlers\FileHandler' driver.
WARNING - 2025-12-13 03:33:18 --> [DEPRECATED] Creation of dynamic property App\Controllers\Notifications::$data is deprecated in APPPATH\Controllers\BaseController.php on line 76.
 1 APPPATH\Controllers\BaseController.php(59): App\Controllers\BaseController->loadNotificationData()
 2 SYSTEMPATH\CodeIgniter.php(904): App\Controllers\BaseController->initController(Object(CodeIgniter\HTTP\IncomingRequest), Object(CodeIgniter\HTTP\Response), Object(CodeIgniter\Log\Logger))
 3 SYSTEMPATH\CodeIgniter.php(498): CodeIgniter\CodeIgniter->createController()
 4 SYSTEMPATH\CodeIgniter.php(354): CodeIgniter\CodeIgniter->handleRequest(null, Object(Config\Cache), false)
 5 SYSTEMPATH\Boot.php(363): CodeIgniter\CodeIgniter->run()
 6 SYSTEMPATH\Boot.php(68): CodeIgniter\Boot::runCodeIgniter(Object(CodeIgniter\CodeIgniter))
 7 FCPATH\index.php(59): CodeIgniter\Boot::bootWeb(Object(Config\Paths))
DEBUG - 2025-12-13 03:33:52 --> Session: Class initialized using 'CodeIgniter\Session\Handlers\FileHandler' driver.
WARNING - 2025-12-13 03:33:52 --> [DEPRECATED] Creation of dynamic property App\Controllers\Notifications::$data is deprecated in APPPATH\Controllers\BaseController.php on line 76.
 1 APPPATH\Controllers\BaseController.php(59): App\Controllers\BaseController->loadNotificationData()
 2 SYSTEMPATH\CodeIgniter.php(904): App\Controllers\BaseController->initController(Object(CodeIgniter\HTTP\IncomingRequest), Object(CodeIgniter\HTTP\Response), Object(CodeIgniter\Log\Logger))
 3 SYSTEMPATH\CodeIgniter.php(498): CodeIgniter\CodeIgniter->createController()
 4 SYSTEMPATH\CodeIgniter.php(354): CodeIgniter\CodeIgniter->handleRequest(null, Object(Config\Cache), false)
 5 SYSTEMPATH\Boot.php(363): CodeIgniter\CodeIgniter->run()
 6 SYSTEMPATH\Boot.php(68): CodeIgniter\Boot::runCodeIgniter(Object(CodeIgniter\CodeIgniter))
 7 FCPATH\index.php(59): CodeIgniter\Boot::bootWeb(Object(Config\Paths))
DEBUG - 2025-12-13 03:34:20 --> Session: Class initialized using 'CodeIgniter\Session\Handlers\FileHandler' driver.
WARNING - 2025-12-13 03:34:20 --> [DEPRECATED] Creation of dynamic property App\Controllers\Notifications::$data is deprecated in APPPATH\Controllers\BaseController.php on line 76.
 1 APPPATH\Controllers\BaseController.php(59): App\Controllers\BaseController->loadNotificationData()
 2 SYSTEMPATH\CodeIgniter.php(904): App\Controllers\BaseController->initController(Object(CodeIgniter\HTTP\IncomingRequest), Object(CodeIgniter\HTTP\Response), Object(CodeIgniter\Log\Logger))
 3 SYSTEMPATH\CodeIgniter.php(498): CodeIgniter\CodeIgniter->createController()
 4 SYSTEMPATH\CodeIgniter.php(354): CodeIgniter\CodeIgniter->handleRequest(null, Object(Config\Cache), false)
 5 SYSTEMPATH\Boot.php(363): CodeIgniter\CodeIgniter->run()
 6 SYSTEMPATH\Boot.php(68): CodeIgniter\Boot::runCodeIgniter(Object(CodeIgniter\CodeIgniter))
 7 FCPATH\index.php(59): CodeIgniter\Boot::bootWeb(Object(Config\Paths))
DEBUG - 2025-12-13 03:34:53 --> Session: Class initialized using 'CodeIgniter\Session\Handlers\FileHandler' driver.
WARNING - 2025-12-13 03:34:53 --> [DEPRECATED] Creation of dynamic property App\Controllers\Notifications::$data is deprecated in APPPATH\Controllers\BaseController.php on line 76.
 1 APPPATH\Controllers\BaseController.php(59): App\Controllers\BaseController->loadNotificationData()
 2 SYSTEMPATH\CodeIgniter.php(904): App\Controllers\BaseController->initController(Object(CodeIgniter\HTTP\IncomingRequest), Object(CodeIgniter\HTTP\Response), Object(CodeIgniter\Log\Logger))
 3 SYSTEMPATH\CodeIgniter.php(498): CodeIgniter\CodeIgniter->createController()
 4 SYSTEMPATH\CodeIgniter.php(354): CodeIgniter\CodeIgniter->handleRequest(null, Object(Config\Cache), false)
 5 SYSTEMPATH\Boot.php(363): CodeIgniter\CodeIgniter->run()
 6 SYSTEMPATH\Boot.php(68): CodeIgniter\Boot::runCodeIgniter(Object(CodeIgniter\CodeIgniter))
 7 FCPATH\index.php(59): CodeIgniter\Boot::bootWeb(Object(Config\Paths))
DEBUG - 2025-12-13 03:35:21 --> Session: Class initialized using 'CodeIgniter\Session\Handlers\FileHandler' driver.
WARNING - 2025-12-13 03:35:21 --> [DEPRECATED] Creation of dynamic property App\Controllers\Notifications::$data is deprecated in APPPATH\Controllers\BaseController.php on line 76.
 1 APPPATH\Controllers\BaseController.php(59): App\Controllers\BaseController->loadNotificationData()
 2 SYSTEMPATH\CodeIgniter.php(904): App\Controllers\BaseController->initController(Object(CodeIgniter\HTTP\IncomingRequest), Object(CodeIgniter\HTTP\Response), Object(CodeIgniter\Log\Logger))
 3 SYSTEMPATH\CodeIgniter.php(498): CodeIgniter\CodeIgniter->createController()
 4 SYSTEMPATH\CodeIgniter.php(354): CodeIgniter\CodeIgniter->handleRequest(null, Object(Config\Cache), false)
 5 SYSTEMPATH\Boot.php(363): CodeIgniter\CodeIgniter->run()
 6 SYSTEMPATH\Boot.php(68): CodeIgniter\Boot::runCodeIgniter(Object(CodeIgniter\CodeIgniter))
 7 FCPATH\index.php(59): CodeIgniter\Boot::bootWeb(Object(Config\Paths))
DEBUG - 2025-12-13 03:35:54 --> Session: Class initialized using 'CodeIgniter\Session\Handlers\FileHandler' driver.
WARNING - 2025-12-13 03:35:54 --> [DEPRECATED] Creation of dynamic property App\Controllers\Notifications::$data is deprecated in APPPATH\Controllers\BaseController.php on line 76.
 1 APPPATH\Controllers\BaseController.php(59): App\Controllers\BaseController->loadNotificationData()
 2 SYSTEMPATH\CodeIgniter.php(904): App\Controllers\BaseController->initController(Object(CodeIgniter\HTTP\IncomingRequest), Object(CodeIgniter\HTTP\Response), Object(CodeIgniter\Log\Logger))
 3 SYSTEMPATH\CodeIgniter.php(498): CodeIgniter\CodeIgniter->createController()
 4 SYSTEMPATH\CodeIgniter.php(354): CodeIgniter\CodeIgniter->handleRequest(null, Object(Config\Cache), false)
 5 SYSTEMPATH\Boot.php(363): CodeIgniter\CodeIgniter->run()
 6 SYSTEMPATH\Boot.php(68): CodeIgniter\Boot::runCodeIgniter(Object(CodeIgniter\CodeIgniter))
 7 FCPATH\index.php(59): CodeIgniter\Boot::bootWeb(Object(Config\Paths))
DEBUG - 2025-12-13 03:36:21 --> Session: Class initialized using 'CodeIgniter\Session\Handlers\FileHandler' driver.
WARNING - 2025-12-13 03:36:21 --> [DEPRECATED] Creation of dynamic property App\Controllers\Notifications::$data is deprecated in APPPATH\Controllers\BaseController.php on line 76.
 1 APPPATH\Controllers\BaseController.php(59): App\Controllers\BaseController->loadNotificationData()
 2 SYSTEMPATH\CodeIgniter.php(904): App\Controllers\BaseController->initController(Object(CodeIgniter\HTTP\IncomingRequest), Object(CodeIgniter\HTTP\Response), Object(CodeIgniter\Log\Logger))
 3 SYSTEMPATH\CodeIgniter.php(498): CodeIgniter\CodeIgniter->createController()
 4 SYSTEMPATH\CodeIgniter.php(354): CodeIgniter\CodeIgniter->handleRequest(null, Object(Config\Cache), false)
 5 SYSTEMPATH\Boot.php(363): CodeIgniter\CodeIgniter->run()
 6 SYSTEMPATH\Boot.php(68): CodeIgniter\Boot::runCodeIgniter(Object(CodeIgniter\CodeIgniter))
 7 FCPATH\index.php(59): CodeIgniter\Boot::bootWeb(Object(Config\Paths))
DEBUG - 2025-12-13 03:36:55 --> Session: Class initialized using 'CodeIgniter\Session\Handlers\FileHandler' driver.
WARNING - 2025-12-13 03:36:55 --> [DEPRECATED] Creation of dynamic property App\Controllers\Notifications::$data is deprecated in APPPATH\Controllers\BaseController.php on line 76.
 1 APPPATH\Controllers\BaseController.php(59): App\Controllers\BaseController->loadNotificationData()
 2 SYSTEMPATH\CodeIgniter.php(904): App\Controllers\BaseController->initController(Object(CodeIgniter\HTTP\IncomingRequest), Object(CodeIgniter\HTTP\Response), Object(CodeIgniter\Log\Logger))
 3 SYSTEMPATH\CodeIgniter.php(498): CodeIgniter\CodeIgniter->createController()
 4 SYSTEMPATH\CodeIgniter.php(354): CodeIgniter\CodeIgniter->handleRequest(null, Object(Config\Cache), false)
 5 SYSTEMPATH\Boot.php(363): CodeIgniter\CodeIgniter->run()
 6 SYSTEMPATH\Boot.php(68): CodeIgniter\Boot::runCodeIgniter(Object(CodeIgniter\CodeIgniter))
 7 FCPATH\index.php(59): CodeIgniter\Boot::bootWeb(Object(Config\Paths))
DEBUG - 2025-12-13 03:37:22 --> Session: Class initialized using 'CodeIgniter\Session\Handlers\FileHandler' driver.
WARNING - 2025-12-13 03:37:22 --> [DEPRECATED] Creation of dynamic property App\Controllers\Notifications::$data is deprecated in APPPATH\Controllers\BaseController.php on line 76.
 1 APPPATH\Controllers\BaseController.php(59): App\Controllers\BaseController->loadNotificationData()
 2 SYSTEMPATH\CodeIgniter.php(904): App\Controllers\BaseController->initController(Object(CodeIgniter\HTTP\IncomingRequest), Object(CodeIgniter\HTTP\Response), Object(CodeIgniter\Log\Logger))
 3 SYSTEMPATH\CodeIgniter.php(498): CodeIgniter\CodeIgniter->createController()
 4 SYSTEMPATH\CodeIgniter.php(354): CodeIgniter\CodeIgniter->handleRequest(null, Object(Config\Cache), false)
 5 SYSTEMPATH\Boot.php(363): CodeIgniter\CodeIgniter->run()
 6 SYSTEMPATH\Boot.php(68): CodeIgniter\Boot::runCodeIgniter(Object(CodeIgniter\CodeIgniter))
 7 FCPATH\index.php(59): CodeIgniter\Boot::bootWeb(Object(Config\Paths))
DEBUG - 2025-12-13 03:37:56 --> Session: Class initialized using 'CodeIgniter\Session\Handlers\FileHandler' driver.
WARNING - 2025-12-13 03:37:56 --> [DEPRECATED] Creation of dynamic property App\Controllers\Notifications::$data is deprecated in APPPATH\Controllers\BaseController.php on line 76.
 1 APPPATH\Controllers\BaseController.php(59): App\Controllers\BaseController->loadNotificationData()
 2 SYSTEMPATH\CodeIgniter.php(904): App\Controllers\BaseController->initController(Object(CodeIgniter\HTTP\IncomingRequest), Object(CodeIgniter\HTTP\Response), Object(CodeIgniter\Log\Logger))
 3 SYSTEMPATH\CodeIgniter.php(498): CodeIgniter\CodeIgniter->createController()
 4 SYSTEMPATH\CodeIgniter.php(354): CodeIgniter\CodeIgniter->handleRequest(null, Object(Config\Cache), false)
 5 SYSTEMPATH\Boot.php(363): CodeIgniter\CodeIgniter->run()
 6 SYSTEMPATH\Boot.php(68): CodeIgniter\Boot::runCodeIgniter(Object(CodeIgniter\CodeIgniter))
 7 FCPATH\index.php(59): CodeIgniter\Boot::bootWeb(Object(Config\Paths))
DEBUG - 2025-12-13 03:38:23 --> Session: Class initialized using 'CodeIgniter\Session\Handlers\FileHandler' driver.
WARNING - 2025-12-13 03:38:23 --> [DEPRECATED] Creation of dynamic property App\Controllers\Notifications::$data is deprecated in APPPATH\Controllers\BaseController.php on line 76.
 1 APPPATH\Controllers\BaseController.php(59): App\Controllers\BaseController->loadNotificationData()
 2 SYSTEMPATH\CodeIgniter.php(904): App\Controllers\BaseController->initController(Object(CodeIgniter\HTTP\IncomingRequest), Object(CodeIgniter\HTTP\Response), Object(CodeIgniter\Log\Logger))
 3 SYSTEMPATH\CodeIgniter.php(498): CodeIgniter\CodeIgniter->createController()
 4 SYSTEMPATH\CodeIgniter.php(354): CodeIgniter\CodeIgniter->handleRequest(null, Object(Config\Cache), false)
 5 SYSTEMPATH\Boot.php(363): CodeIgniter\CodeIgniter->run()
 6 SYSTEMPATH\Boot.php(68): CodeIgniter\Boot::runCodeIgniter(Object(CodeIgniter\CodeIgniter))
 7 FCPATH\index.php(59): CodeIgniter\Boot::bootWeb(Object(Config\Paths))
DEBUG - 2025-12-13 03:38:58 --> Session: Class initialized using 'CodeIgniter\Session\Handlers\FileHandler' driver.
WARNING - 2025-12-13 03:38:58 --> [DEPRECATED] Creation of dynamic property App\Controllers\Notifications::$data is deprecated in APPPATH\Controllers\BaseController.php on line 76.
 1 APPPATH\Controllers\BaseController.php(59): App\Controllers\BaseController->loadNotificationData()
 2 SYSTEMPATH\CodeIgniter.php(904): App\Controllers\BaseController->initController(Object(CodeIgniter\HTTP\IncomingRequest), Object(CodeIgniter\HTTP\Response), Object(CodeIgniter\Log\Logger))
 3 SYSTEMPATH\CodeIgniter.php(498): CodeIgniter\CodeIgniter->createController()
 4 SYSTEMPATH\CodeIgniter.php(354): CodeIgniter\CodeIgniter->handleRequest(null, Object(Config\Cache), false)
 5 SYSTEMPATH\Boot.php(363): CodeIgniter\CodeIgniter->run()
 6 SYSTEMPATH\Boot.php(68): CodeIgniter\Boot::runCodeIgniter(Object(CodeIgniter\CodeIgniter))
 7 FCPATH\index.php(59): CodeIgniter\Boot::bootWeb(Object(Config\Paths))
DEBUG - 2025-12-13 03:39:24 --> Session: Class initialized using 'CodeIgniter\Session\Handlers\FileHandler' driver.
WARNING - 2025-12-13 03:39:24 --> [DEPRECATED] Creation of dynamic property App\Controllers\Notifications::$data is deprecated in APPPATH\Controllers\BaseController.php on line 76.
 1 APPPATH\Controllers\BaseController.php(59): App\Controllers\BaseController->loadNotificationData()
 2 SYSTEMPATH\CodeIgniter.php(904): App\Controllers\BaseController->initController(Object(CodeIgniter\HTTP\IncomingRequest), Object(CodeIgniter\HTTP\Response), Object(CodeIgniter\Log\Logger))
 3 SYSTEMPATH\CodeIgniter.php(498): CodeIgniter\CodeIgniter->createController()
 4 SYSTEMPATH\CodeIgniter.php(354): CodeIgniter\CodeIgniter->handleRequest(null, Object(Config\Cache), false)
 5 SYSTEMPATH\Boot.php(363): CodeIgniter\CodeIgniter->run()
 6 SYSTEMPATH\Boot.php(68): CodeIgniter\Boot::runCodeIgniter(Object(CodeIgniter\CodeIgniter))
 7 FCPATH\index.php(59): CodeIgniter\Boot::bootWeb(Object(Config\Paths))
DEBUG - 2025-12-13 03:39:58 --> Session: Class initialized using 'CodeIgniter\Session\Handlers\FileHandler' driver.
WARNING - 2025-12-13 03:39:58 --> [DEPRECATED] Creation of dynamic property App\Controllers\Notifications::$data is deprecated in APPPATH\Controllers\BaseController.php on line 76.
 1 APPPATH\Controllers\BaseController.php(59): App\Controllers\BaseController->loadNotificationData()
 2 SYSTEMPATH\CodeIgniter.php(904): App\Controllers\BaseController->initController(Object(CodeIgniter\HTTP\IncomingRequest), Object(CodeIgniter\HTTP\Response), Object(CodeIgniter\Log\Logger))
 3 SYSTEMPATH\CodeIgniter.php(498): CodeIgniter\CodeIgniter->createController()
 4 SYSTEMPATH\CodeIgniter.php(354): CodeIgniter\CodeIgniter->handleRequest(null, Object(Config\Cache), false)
 5 SYSTEMPATH\Boot.php(363): CodeIgniter\CodeIgniter->run()
 6 SYSTEMPATH\Boot.php(68): CodeIgniter\Boot::runCodeIgniter(Object(CodeIgniter\CodeIgniter))
 7 FCPATH\index.php(59): CodeIgniter\Boot::bootWeb(Object(Config\Paths))
DEBUG - 2025-12-13 03:40:26 --> Session: Class initialized using 'CodeIgniter\Session\Handlers\FileHandler' driver.
WARNING - 2025-12-13 03:40:26 --> [DEPRECATED] Creation of dynamic property App\Controllers\Notifications::$data is deprecated in APPPATH\Controllers\BaseController.php on line 76.
 1 APPPATH\Controllers\BaseController.php(59): App\Controllers\BaseController->loadNotificationData()
 2 SYSTEMPATH\CodeIgniter.php(904): App\Controllers\BaseController->initController(Object(CodeIgniter\HTTP\IncomingRequest), Object(CodeIgniter\HTTP\Response), Object(CodeIgniter\Log\Logger))
 3 SYSTEMPATH\CodeIgniter.php(498): CodeIgniter\CodeIgniter->createController()
 4 SYSTEMPATH\CodeIgniter.php(354): CodeIgniter\CodeIgniter->handleRequest(null, Object(Config\Cache), false)
 5 SYSTEMPATH\Boot.php(363): CodeIgniter\CodeIgniter->run()
 6 SYSTEMPATH\Boot.php(68): CodeIgniter\Boot::runCodeIgniter(Object(CodeIgniter\CodeIgniter))
 7 FCPATH\index.php(59): CodeIgniter\Boot::bootWeb(Object(Config\Paths))
DEBUG - 2025-12-13 03:40:59 --> Session: Class initialized using 'CodeIgniter\Session\Handlers\FileHandler' driver.
WARNING - 2025-12-13 03:40:59 --> [DEPRECATED] Creation of dynamic property App\Controllers\Notifications::$data is deprecated in APPPATH\Controllers\BaseController.php on line 76.
 1 APPPATH\Controllers\BaseController.php(59): App\Controllers\BaseController->loadNotificationData()
 2 SYSTEMPATH\CodeIgniter.php(904): App\Controllers\BaseController->initController(Object(CodeIgniter\HTTP\IncomingRequest), Object(CodeIgniter\HTTP\Response), Object(CodeIgniter\Log\Logger))
 3 SYSTEMPATH\CodeIgniter.php(498): CodeIgniter\CodeIgniter->createController()
 4 SYSTEMPATH\CodeIgniter.php(354): CodeIgniter\CodeIgniter->handleRequest(null, Object(Config\Cache), false)
 5 SYSTEMPATH\Boot.php(363): CodeIgniter\CodeIgniter->run()
 6 SYSTEMPATH\Boot.php(68): CodeIgniter\Boot::runCodeIgniter(Object(CodeIgniter\CodeIgniter))
 7 FCPATH\index.php(59): CodeIgniter\Boot::bootWeb(Object(Config\Paths))
DEBUG - 2025-12-13 03:41:26 --> Session: Class initialized using 'CodeIgniter\Session\Handlers\FileHandler' driver.
WARNING - 2025-12-13 03:41:26 --> [DEPRECATED] Creation of dynamic property App\Controllers\Notifications::$data is deprecated in APPPATH\Controllers\BaseController.php on line 76.
 1 APPPATH\Controllers\BaseController.php(59): App\Controllers\BaseController->loadNotificationData()
 2 SYSTEMPATH\CodeIgniter.php(904): App\Controllers\BaseController->initController(Object(CodeIgniter\HTTP\IncomingRequest), Object(CodeIgniter\HTTP\Response), Object(CodeIgniter\Log\Logger))
 3 SYSTEMPATH\CodeIgniter.php(498): CodeIgniter\CodeIgniter->createController()
 4 SYSTEMPATH\CodeIgniter.php(354): CodeIgniter\CodeIgniter->handleRequest(null, Object(Config\Cache), false)
 5 SYSTEMPATH\Boot.php(363): CodeIgniter\CodeIgniter->run()
 6 SYSTEMPATH\Boot.php(68): CodeIgniter\Boot::runCodeIgniter(Object(CodeIgniter\CodeIgniter))
 7 FCPATH\index.php(59): CodeIgniter\Boot::bootWeb(Object(Config\Paths))
DEBUG - 2025-12-13 03:42:00 --> Session: Class initialized using 'CodeIgniter\Session\Handlers\FileHandler' driver.
WARNING - 2025-12-13 03:42:00 --> [DEPRECATED] Creation of dynamic property App\Controllers\Notifications::$data is deprecated in APPPATH\Controllers\BaseController.php on line 76.
 1 APPPATH\Controllers\BaseController.php(59): App\Controllers\BaseController->loadNotificationData()
 2 SYSTEMPATH\CodeIgniter.php(904): App\Controllers\BaseController->initController(Object(CodeIgniter\HTTP\IncomingRequest), Object(CodeIgniter\HTTP\Response), Object(CodeIgniter\Log\Logger))
 3 SYSTEMPATH\CodeIgniter.php(498): CodeIgniter\CodeIgniter->createController()
 4 SYSTEMPATH\CodeIgniter.php(354): CodeIgniter\CodeIgniter->handleRequest(null, Object(Config\Cache), false)
 5 SYSTEMPATH\Boot.php(363): CodeIgniter\CodeIgniter->run()
 6 SYSTEMPATH\Boot.php(68): CodeIgniter\Boot::runCodeIgniter(Object(CodeIgniter\CodeIgniter))
 7 FCPATH\index.php(59): CodeIgniter\Boot::bootWeb(Object(Config\Paths))
DEBUG - 2025-12-13 03:42:27 --> Session: Class initialized using 'CodeIgniter\Session\Handlers\FileHandler' driver.
WARNING - 2025-12-13 03:42:27 --> [DEPRECATED] Creation of dynamic property App\Controllers\Notifications::$data is deprecated in APPPATH\Controllers\BaseController.php on line 76.
 1 APPPATH\Controllers\BaseController.php(59): App\Controllers\BaseController->loadNotificationData()
 2 SYSTEMPATH\CodeIgniter.php(904): App\Controllers\BaseController->initController(Object(CodeIgniter\HTTP\IncomingRequest), Object(CodeIgniter\HTTP\Response), Object(CodeIgniter\Log\Logger))
 3 SYSTEMPATH\CodeIgniter.php(498): CodeIgniter\CodeIgniter->createController()
 4 SYSTEMPATH\CodeIgniter.php(354): CodeIgniter\CodeIgniter->handleRequest(null, Object(Config\Cache), false)
 5 SYSTEMPATH\Boot.php(363): CodeIgniter\CodeIgniter->run()
 6 SYSTEMPATH\Boot.php(68): CodeIgniter\Boot::runCodeIgniter(Object(CodeIgniter\CodeIgniter))
 7 FCPATH\index.php(59): CodeIgniter\Boot::bootWeb(Object(Config\Paths))
DEBUG - 2025-12-13 03:43:01 --> Session: Class initialized using 'CodeIgniter\Session\Handlers\FileHandler' driver.
WARNING - 2025-12-13 03:43:01 --> [DEPRECATED] Creation of dynamic property App\Controllers\Notifications::$data is deprecated in APPPATH\Controllers\BaseController.php on line 76.
 1 APPPATH\Controllers\BaseController.php(59): App\Controllers\BaseController->loadNotificationData()
 2 SYSTEMPATH\CodeIgniter.php(904): App\Controllers\BaseController->initController(Object(CodeIgniter\HTTP\IncomingRequest), Object(CodeIgniter\HTTP\Response), Object(CodeIgniter\Log\Logger))
 3 SYSTEMPATH\CodeIgniter.php(498): CodeIgniter\CodeIgniter->createController()
 4 SYSTEMPATH\CodeIgniter.php(354): CodeIgniter\CodeIgniter->handleRequest(null, Object(Config\Cache), false)
 5 SYSTEMPATH\Boot.php(363): CodeIgniter\CodeIgniter->run()
 6 SYSTEMPATH\Boot.php(68): CodeIgniter\Boot::runCodeIgniter(Object(CodeIgniter\CodeIgniter))
 7 FCPATH\index.php(59): CodeIgniter\Boot::bootWeb(Object(Config\Paths))
DEBUG - 2025-12-13 03:43:28 --> Session: Class initialized using 'CodeIgniter\Session\Handlers\FileHandler' driver.
WARNING - 2025-12-13 03:43:28 --> [DEPRECATED] Creation of dynamic property App\Controllers\Notifications::$data is deprecated in APPPATH\Controllers\BaseController.php on line 76.
 1 APPPATH\Controllers\BaseController.php(59): App\Controllers\BaseController->loadNotificationData()
 2 SYSTEMPATH\CodeIgniter.php(904): App\Controllers\BaseController->initController(Object(CodeIgniter\HTTP\IncomingRequest), Object(CodeIgniter\HTTP\Response), Object(CodeIgniter\Log\Logger))
 3 SYSTEMPATH\CodeIgniter.php(498): CodeIgniter\CodeIgniter->createController()
 4 SYSTEMPATH\CodeIgniter.php(354): CodeIgniter\CodeIgniter->handleRequest(null, Object(Config\Cache), false)
 5 SYSTEMPATH\Boot.php(363): CodeIgniter\CodeIgniter->run()
 6 SYSTEMPATH\Boot.php(68): CodeIgniter\Boot::runCodeIgniter(Object(CodeIgniter\CodeIgniter))
 7 FCPATH\index.php(59): CodeIgniter\Boot::bootWeb(Object(Config\Paths))
DEBUG - 2025-12-13 03:43:47 --> Session: Class initialized using 'CodeIgniter\Session\Handlers\FileHandler' driver.
WARNING - 2025-12-13 03:43:47 --> [DEPRECATED] Creation of dynamic property App\Controllers\Notifications::$data is deprecated in APPPATH\Controllers\BaseController.php on line 76.
 1 APPPATH\Controllers\BaseController.php(59): App\Controllers\BaseController->loadNotificationData()
 2 SYSTEMPATH\CodeIgniter.php(904): App\Controllers\BaseController->initController(Object(CodeIgniter\HTTP\IncomingRequest), Object(CodeIgniter\HTTP\Response), Object(CodeIgniter\Log\Logger))
 3 SYSTEMPATH\CodeIgniter.php(498): CodeIgniter\CodeIgniter->createController()
 4 SYSTEMPATH\CodeIgniter.php(354): CodeIgniter\CodeIgniter->handleRequest(null, Object(Config\Cache), false)
 5 SYSTEMPATH\Boot.php(363): CodeIgniter\CodeIgniter->run()
 6 SYSTEMPATH\Boot.php(68): CodeIgniter\Boot::runCodeIgniter(Object(CodeIgniter\CodeIgniter))
 7 FCPATH\index.php(59): CodeIgniter\Boot::bootWeb(Object(Config\Paths))
DEBUG - 2025-12-13 03:44:30 --> Session: Class initialized using 'CodeIgniter\Session\Handlers\FileHandler' driver.
WARNING - 2025-12-13 03:44:30 --> [DEPRECATED] Creation of dynamic property App\Controllers\Notifications::$data is deprecated in APPPATH\Controllers\BaseController.php on line 76.
 1 APPPATH\Controllers\BaseController.php(59): App\Controllers\BaseController->loadNotificationData()
 2 SYSTEMPATH\CodeIgniter.php(904): App\Controllers\BaseController->initController(Object(CodeIgniter\HTTP\IncomingRequest), Object(CodeIgniter\HTTP\Response), Object(CodeIgniter\Log\Logger))
 3 SYSTEMPATH\CodeIgniter.php(498): CodeIgniter\CodeIgniter->createController()
 4 SYSTEMPATH\CodeIgniter.php(354): CodeIgniter\CodeIgniter->handleRequest(null, Object(Config\Cache), false)
 5 SYSTEMPATH\Boot.php(363): CodeIgniter\CodeIgniter->run()
 6 SYSTEMPATH\Boot.php(68): CodeIgniter\Boot::runCodeIgniter(Object(CodeIgniter\CodeIgniter))
 7 FCPATH\index.php(59): CodeIgniter\Boot::bootWeb(Object(Config\Paths))
DEBUG - 2025-12-13 03:44:47 --> Session: Class initialized using 'CodeIgniter\Session\Handlers\FileHandler' driver.
WARNING - 2025-12-13 03:44:47 --> [DEPRECATED] Creation of dynamic property App\Controllers\Notifications::$data is deprecated in APPPATH\Controllers\BaseController.php on line 76.
 1 APPPATH\Controllers\BaseController.php(59): App\Controllers\BaseController->loadNotificationData()
 2 SYSTEMPATH\CodeIgniter.php(904): App\Controllers\BaseController->initController(Object(CodeIgniter\HTTP\IncomingRequest), Object(CodeIgniter\HTTP\Response), Object(CodeIgniter\Log\Logger))
 3 SYSTEMPATH\CodeIgniter.php(498): CodeIgniter\CodeIgniter->createController()
 4 SYSTEMPATH\CodeIgniter.php(354): CodeIgniter\CodeIgniter->handleRequest(null, Object(Config\Cache), false)
 5 SYSTEMPATH\Boot.php(363): CodeIgniter\CodeIgniter->run()
 6 SYSTEMPATH\Boot.php(68): CodeIgniter\Boot::runCodeIgniter(Object(CodeIgniter\CodeIgniter))
 7 FCPATH\index.php(59): CodeIgniter\Boot::bootWeb(Object(Config\Paths))
DEBUG - 2025-12-13 03:45:30 --> Session: Class initialized using 'CodeIgniter\Session\Handlers\FileHandler' driver.
WARNING - 2025-12-13 03:45:30 --> [DEPRECATED] Creation of dynamic property App\Controllers\Notifications::$data is deprecated in APPPATH\Controllers\BaseController.php on line 76.
 1 APPPATH\Controllers\BaseController.php(59): App\Controllers\BaseController->loadNotificationData()
 2 SYSTEMPATH\CodeIgniter.php(904): App\Controllers\BaseController->initController(Object(CodeIgniter\HTTP\IncomingRequest), Object(CodeIgniter\HTTP\Response), Object(CodeIgniter\Log\Logger))
 3 SYSTEMPATH\CodeIgniter.php(498): CodeIgniter\CodeIgniter->createController()
 4 SYSTEMPATH\CodeIgniter.php(354): CodeIgniter\CodeIgniter->handleRequest(null, Object(Config\Cache), false)
 5 SYSTEMPATH\Boot.php(363): CodeIgniter\CodeIgniter->run()
 6 SYSTEMPATH\Boot.php(68): CodeIgniter\Boot::runCodeIgniter(Object(CodeIgniter\CodeIgniter))
 7 FCPATH\index.php(59): CodeIgniter\Boot::bootWeb(Object(Config\Paths))
DEBUG - 2025-12-13 03:45:48 --> Session: Class initialized using 'CodeIgniter\Session\Handlers\FileHandler' driver.
WARNING - 2025-12-13 03:45:48 --> [DEPRECATED] Creation of dynamic property App\Controllers\Notifications::$data is deprecated in APPPATH\Controllers\BaseController.php on line 76.
 1 APPPATH\Controllers\BaseController.php(59): App\Controllers\BaseController->loadNotificationData()
 2 SYSTEMPATH\CodeIgniter.php(904): App\Controllers\BaseController->initController(Object(CodeIgniter\HTTP\IncomingRequest), Object(CodeIgniter\HTTP\Response), Object(CodeIgniter\Log\Logger))
 3 SYSTEMPATH\CodeIgniter.php(498): CodeIgniter\CodeIgniter->createController()
 4 SYSTEMPATH\CodeIgniter.php(354): CodeIgniter\CodeIgniter->handleRequest(null, Object(Config\Cache), false)
 5 SYSTEMPATH\Boot.php(363): CodeIgniter\CodeIgniter->run()
 6 SYSTEMPATH\Boot.php(68): CodeIgniter\Boot::runCodeIgniter(Object(CodeIgniter\CodeIgniter))
 7 FCPATH\index.php(59): CodeIgniter\Boot::bootWeb(Object(Config\Paths))
DEBUG - 2025-12-13 03:46:31 --> Session: Class initialized using 'CodeIgniter\Session\Handlers\FileHandler' driver.
WARNING - 2025-12-13 03:46:31 --> [DEPRECATED] Creation of dynamic property App\Controllers\Notifications::$data is deprecated in APPPATH\Controllers\BaseController.php on line 76.
 1 APPPATH\Controllers\BaseController.php(59): App\Controllers\BaseController->loadNotificationData()
 2 SYSTEMPATH\CodeIgniter.php(904): App\Controllers\BaseController->initController(Object(CodeIgniter\HTTP\IncomingRequest), Object(CodeIgniter\HTTP\Response), Object(CodeIgniter\Log\Logger))
 3 SYSTEMPATH\CodeIgniter.php(498): CodeIgniter\CodeIgniter->createController()
 4 SYSTEMPATH\CodeIgniter.php(354): CodeIgniter\CodeIgniter->handleRequest(null, Object(Config\Cache), false)
 5 SYSTEMPATH\Boot.php(363): CodeIgniter\CodeIgniter->run()
 6 SYSTEMPATH\Boot.php(68): CodeIgniter\Boot::runCodeIgniter(Object(CodeIgniter\CodeIgniter))
 7 FCPATH\index.php(59): CodeIgniter\Boot::bootWeb(Object(Config\Paths))
DEBUG - 2025-12-13 03:46:50 --> Session: Class initialized using 'CodeIgniter\Session\Handlers\FileHandler' driver.
WARNING - 2025-12-13 03:46:50 --> [DEPRECATED] Creation of dynamic property App\Controllers\Notifications::$data is deprecated in APPPATH\Controllers\BaseController.php on line 76.
 1 APPPATH\Controllers\BaseController.php(59): App\Controllers\BaseController->loadNotificationData()
 2 SYSTEMPATH\CodeIgniter.php(904): App\Controllers\BaseController->initController(Object(CodeIgniter\HTTP\IncomingRequest), Object(CodeIgniter\HTTP\Response), Object(CodeIgniter\Log\Logger))
 3 SYSTEMPATH\CodeIgniter.php(498): CodeIgniter\CodeIgniter->createController()
 4 SYSTEMPATH\CodeIgniter.php(354): CodeIgniter\CodeIgniter->handleRequest(null, Object(Config\Cache), false)
 5 SYSTEMPATH\Boot.php(363): CodeIgniter\CodeIgniter->run()
 6 SYSTEMPATH\Boot.php(68): CodeIgniter\Boot::runCodeIgniter(Object(CodeIgniter\CodeIgniter))
 7 FCPATH\index.php(59): CodeIgniter\Boot::bootWeb(Object(Config\Paths))
DEBUG - 2025-12-13 03:47:32 --> Session: Class initialized using 'CodeIgniter\Session\Handlers\FileHandler' driver.
WARNING - 2025-12-13 03:47:32 --> [DEPRECATED] Creation of dynamic property App\Controllers\Notifications::$data is deprecated in APPPATH\Controllers\BaseController.php on line 76.
 1 APPPATH\Controllers\BaseController.php(59): App\Controllers\BaseController->loadNotificationData()
 2 SYSTEMPATH\CodeIgniter.php(904): App\Controllers\BaseController->initController(Object(CodeIgniter\HTTP\IncomingRequest), Object(CodeIgniter\HTTP\Response), Object(CodeIgniter\Log\Logger))
 3 SYSTEMPATH\CodeIgniter.php(498): CodeIgniter\CodeIgniter->createController()
 4 SYSTEMPATH\CodeIgniter.php(354): CodeIgniter\CodeIgniter->handleRequest(null, Object(Config\Cache), false)
 5 SYSTEMPATH\Boot.php(363): CodeIgniter\CodeIgniter->run()
 6 SYSTEMPATH\Boot.php(68): CodeIgniter\Boot::runCodeIgniter(Object(CodeIgniter\CodeIgniter))
 7 FCPATH\index.php(59): CodeIgniter\Boot::bootWeb(Object(Config\Paths))
DEBUG - 2025-12-13 03:47:51 --> Session: Class initialized using 'CodeIgniter\Session\Handlers\FileHandler' driver.
WARNING - 2025-12-13 03:47:51 --> [DEPRECATED] Creation of dynamic property App\Controllers\Notifications::$data is deprecated in APPPATH\Controllers\BaseController.php on line 76.
 1 APPPATH\Controllers\BaseController.php(59): App\Controllers\BaseController->loadNotificationData()
 2 SYSTEMPATH\CodeIgniter.php(904): App\Controllers\BaseController->initController(Object(CodeIgniter\HTTP\IncomingRequest), Object(CodeIgniter\HTTP\Response), Object(CodeIgniter\Log\Logger))
 3 SYSTEMPATH\CodeIgniter.php(498): CodeIgniter\CodeIgniter->createController()
 4 SYSTEMPATH\CodeIgniter.php(354): CodeIgniter\CodeIgniter->handleRequest(null, Object(Config\Cache), false)
 5 SYSTEMPATH\Boot.php(363): CodeIgniter\CodeIgniter->run()
 6 SYSTEMPATH\Boot.php(68): CodeIgniter\Boot::runCodeIgniter(Object(CodeIgniter\CodeIgniter))
 7 FCPATH\index.php(59): CodeIgniter\Boot::bootWeb(Object(Config\Paths))
DEBUG - 2025-12-13 03:48:14 --> Session: Class initialized using 'CodeIgniter\Session\Handlers\FileHandler' driver.
WARNING - 2025-12-13 03:48:14 --> [DEPRECATED] Creation of dynamic property App\Controllers\Notifications::$data is deprecated in APPPATH\Controllers\BaseController.php on line 76.
 1 APPPATH\Controllers\BaseController.php(59): App\Controllers\BaseController->loadNotificationData()
 2 SYSTEMPATH\CodeIgniter.php(904): App\Controllers\BaseController->initController(Object(CodeIgniter\HTTP\IncomingRequest), Object(CodeIgniter\HTTP\Response), Object(CodeIgniter\Log\Logger))
 3 SYSTEMPATH\CodeIgniter.php(498): CodeIgniter\CodeIgniter->createController()
 4 SYSTEMPATH\CodeIgniter.php(354): CodeIgniter\CodeIgniter->handleRequest(null, Object(Config\Cache), false)
 5 SYSTEMPATH\Boot.php(363): CodeIgniter\CodeIgniter->run()
 6 SYSTEMPATH\Boot.php(68): CodeIgniter\Boot::runCodeIgniter(Object(CodeIgniter\CodeIgniter))
 7 FCPATH\index.php(59): CodeIgniter\Boot::bootWeb(Object(Config\Paths))
DEBUG - 2025-12-13 03:48:51 --> Session: Class initialized using 'CodeIgniter\Session\Handlers\FileHandler' driver.
WARNING - 2025-12-13 03:48:51 --> [DEPRECATED] Creation of dynamic property App\Controllers\Notifications::$data is deprecated in APPPATH\Controllers\BaseController.php on line 76.
 1 APPPATH\Controllers\BaseController.php(59): App\Controllers\BaseController->loadNotificationData()
 2 SYSTEMPATH\CodeIgniter.php(904): App\Controllers\BaseController->initController(Object(CodeIgniter\HTTP\IncomingRequest), Object(CodeIgniter\HTTP\Response), Object(CodeIgniter\Log\Logger))
 3 SYSTEMPATH\CodeIgniter.php(498): CodeIgniter\CodeIgniter->createController()
 4 SYSTEMPATH\CodeIgniter.php(354): CodeIgniter\CodeIgniter->handleRequest(null, Object(Config\Cache), false)
 5 SYSTEMPATH\Boot.php(363): CodeIgniter\CodeIgniter->run()
 6 SYSTEMPATH\Boot.php(68): CodeIgniter\Boot::runCodeIgniter(Object(CodeIgniter\CodeIgniter))
 7 FCPATH\index.php(59): CodeIgniter\Boot::bootWeb(Object(Config\Paths))
DEBUG - 2025-12-13 03:49:14 --> Session: Class initialized using 'CodeIgniter\Session\Handlers\FileHandler' driver.
WARNING - 2025-12-13 03:49:14 --> [DEPRECATED] Creation of dynamic property App\Controllers\Notifications::$data is deprecated in APPPATH\Controllers\BaseController.php on line 76.
 1 APPPATH\Controllers\BaseController.php(59): App\Controllers\BaseController->loadNotificationData()
 2 SYSTEMPATH\CodeIgniter.php(904): App\Controllers\BaseController->initController(Object(CodeIgniter\HTTP\IncomingRequest), Object(CodeIgniter\HTTP\Response), Object(CodeIgniter\Log\Logger))
 3 SYSTEMPATH\CodeIgniter.php(498): CodeIgniter\CodeIgniter->createController()
 4 SYSTEMPATH\CodeIgniter.php(354): CodeIgniter\CodeIgniter->handleRequest(null, Object(Config\Cache), false)
 5 SYSTEMPATH\Boot.php(363): CodeIgniter\CodeIgniter->run()
 6 SYSTEMPATH\Boot.php(68): CodeIgniter\Boot::runCodeIgniter(Object(CodeIgniter\CodeIgniter))
 7 FCPATH\index.php(59): CodeIgniter\Boot::bootWeb(Object(Config\Paths))
DEBUG - 2025-12-13 03:49:40 --> Session: Class initialized using 'CodeIgniter\Session\Handlers\FileHandler' driver.
WARNING - 2025-12-13 03:49:40 --> [DEPRECATED] Creation of dynamic property App\Controllers\Course::$data is deprecated in APPPATH\Controllers\BaseController.php on line 76.
 1 APPPATH\Controllers\BaseController.php(59): App\Controllers\BaseController->loadNotificationData()
 2 SYSTEMPATH\CodeIgniter.php(904): App\Controllers\BaseController->initController(Object(CodeIgniter\HTTP\IncomingRequest), Object(CodeIgniter\HTTP\Response), Object(CodeIgniter\Log\Logger))
 3 SYSTEMPATH\CodeIgniter.php(498): CodeIgniter\CodeIgniter->createController()
 4 SYSTEMPATH\CodeIgniter.php(354): CodeIgniter\CodeIgniter->handleRequest(null, Object(Config\Cache), false)
 5 SYSTEMPATH\Boot.php(363): CodeIgniter\CodeIgniter->run()
 6 SYSTEMPATH\Boot.php(68): CodeIgniter\Boot::runCodeIgniter(Object(CodeIgniter\CodeIgniter))
 7 FCPATH\index.php(59): CodeIgniter\Boot::bootWeb(Object(Config\Paths))
DEBUG - 2025-12-13 03:49:40 --> Session: Class initialized using 'CodeIgniter\Session\Handlers\FileHandler' driver.
WARNING - 2025-12-13 03:49:40 --> [DEPRECATED] Creation of dynamic property App\Controllers\Auth::$data is deprecated in APPPATH\Controllers\BaseController.php on line 76.
 1 APPPATH\Controllers\BaseController.php(59): App\Controllers\BaseController->loadNotificationData()
 2 SYSTEMPATH\CodeIgniter.php(904): App\Controllers\BaseController->initController(Object(CodeIgniter\HTTP\IncomingRequest), Object(CodeIgniter\HTTP\Response), Object(CodeIgniter\Log\Logger))
 3 SYSTEMPATH\CodeIgniter.php(498): CodeIgniter\CodeIgniter->createController()
 4 SYSTEMPATH\CodeIgniter.php(354): CodeIgniter\CodeIgniter->handleRequest(null, Object(Config\Cache), false)
 5 SYSTEMPATH\Boot.php(363): CodeIgniter\CodeIgniter->run()
 6 SYSTEMPATH\Boot.php(68): CodeIgniter\Boot::runCodeIgniter(Object(CodeIgniter\CodeIgniter))
 7 FCPATH\index.php(59): CodeIgniter\Boot::bootWeb(Object(Config\Paths))
DEBUG - 2025-12-13 03:49:41 --> Session: Class initialized using 'CodeIgniter\Session\Handlers\FileHandler' driver.
WARNING - 2025-12-13 03:49:41 --> [DEPRECATED] Creation of dynamic property App\Controllers\Notifications::$data is deprecated in APPPATH\Controllers\BaseController.php on line 76.
 1 APPPATH\Controllers\BaseController.php(59): App\Controllers\BaseController->loadNotificationData()
 2 SYSTEMPATH\CodeIgniter.php(904): App\Controllers\BaseController->initController(Object(CodeIgniter\HTTP\IncomingRequest), Object(CodeIgniter\HTTP\Response), Object(CodeIgniter\Log\Logger))
 3 SYSTEMPATH\CodeIgniter.php(498): CodeIgniter\CodeIgniter->createController()
 4 SYSTEMPATH\CodeIgniter.php(354): CodeIgniter\CodeIgniter->handleRequest(null, Object(Config\Cache), false)
 5 SYSTEMPATH\Boot.php(363): CodeIgniter\CodeIgniter->run()
 6 SYSTEMPATH\Boot.php(68): CodeIgniter\Boot::runCodeIgniter(Object(CodeIgniter\CodeIgniter))
 7 FCPATH\index.php(59): CodeIgniter\Boot::bootWeb(Object(Config\Paths))
INFO - 2025-12-13 03:49:50 --> CSRF token verified.
DEBUG - 2025-12-13 03:49:50 --> Session: Class initialized using 'CodeIgniter\Session\Handlers\FileHandler' driver.
WARNING - 2025-12-13 03:49:50 --> [DEPRECATED] Creation of dynamic property App\Controllers\Auth::$data is deprecated in APPPATH\Controllers\BaseController.php on line 76.
 1 APPPATH\Controllers\BaseController.php(59): App\Controllers\BaseController->loadNotificationData()
 2 SYSTEMPATH\CodeIgniter.php(904): App\Controllers\BaseController->initController(Object(CodeIgniter\HTTP\IncomingRequest), Object(CodeIgniter\HTTP\Response), Object(CodeIgniter\Log\Logger))
 3 SYSTEMPATH\CodeIgniter.php(498): CodeIgniter\CodeIgniter->createController()
 4 SYSTEMPATH\CodeIgniter.php(354): CodeIgniter\CodeIgniter->handleRequest(null, Object(Config\Cache), false)
 5 SYSTEMPATH\Boot.php(363): CodeIgniter\CodeIgniter->run()
 6 SYSTEMPATH\Boot.php(68): CodeIgniter\Boot::runCodeIgniter(Object(CodeIgniter\CodeIgniter))
 7 FCPATH\index.php(59): CodeIgniter\Boot::bootWeb(Object(Config\Paths))
DEBUG - 2025-12-13 03:49:51 --> Session: Class initialized using 'CodeIgniter\Session\Handlers\FileHandler' driver.
WARNING - 2025-12-13 03:49:51 --> [DEPRECATED] Creation of dynamic property App\Controllers\Auth::$data is deprecated in APPPATH\Controllers\BaseController.php on line 74.
 1 APPPATH\Controllers\BaseController.php(59): App\Controllers\BaseController->loadNotificationData()
 2 SYSTEMPATH\CodeIgniter.php(904): App\Controllers\BaseController->initController(Object(CodeIgniter\HTTP\IncomingRequest), Object(CodeIgniter\HTTP\Response), Object(CodeIgniter\Log\Logger))
 3 SYSTEMPATH\CodeIgniter.php(498): CodeIgniter\CodeIgniter->createController()
 4 SYSTEMPATH\CodeIgniter.php(354): CodeIgniter\CodeIgniter->handleRequest(null, Object(Config\Cache), false)
 5 SYSTEMPATH\Boot.php(363): CodeIgniter\CodeIgniter->run()
 6 SYSTEMPATH\Boot.php(68): CodeIgniter\Boot::runCodeIgniter(Object(CodeIgniter\CodeIgniter))
 7 FCPATH\index.php(59): CodeIgniter\Boot::bootWeb(Object(Config\Paths))
WARNING - 2025-12-13 03:49:51 --> [DEPRECATED] strtotime(): Passing null to parameter #1 ($datetime) of type string is deprecated in APPPATH\Views\auth\dashboard.php on line 102.
 1 APPPATH\Views\auth\dashboard.php(102): strtotime(null)
 2 SYSTEMPATH\View\View.php(226): include('C:\\xampp\\htdocs\\ITE311-MORIL\\app\\Views\\auth\\dashboard.php')
 3 SYSTEMPATH\View\View.php(229): CodeIgniter\View\View->CodeIgniter\View\{closure}()
 4 SYSTEMPATH\Common.php(1167): CodeIgniter\View\View->render('auth/dashboard', [], true)
 5 APPPATH\Controllers\Auth.php(357): view('auth/dashboard', [...])
 6 SYSTEMPATH\CodeIgniter.php(933): App\Controllers\Auth->dashboard()
 7 SYSTEMPATH\CodeIgniter.php(507): CodeIgniter\CodeIgniter->runController(Object(App\Controllers\Auth))
 8 SYSTEMPATH\CodeIgniter.php(354): CodeIgniter\CodeIgniter->handleRequest(null, Object(Config\Cache), false)
 9 SYSTEMPATH\Boot.php(363): CodeIgniter\CodeIgniter->run()
10 SYSTEMPATH\Boot.php(68): CodeIgniter\Boot::runCodeIgniter(Object(CodeIgniter\CodeIgniter))
11 FCPATH\index.php(59): CodeIgniter\Boot::bootWeb(Object(Config\Paths))
WARNING - 2025-12-13 03:49:51 --> [DEPRECATED] strtotime(): Passing null to parameter #1 ($datetime) of type string is deprecated in APPPATH\Views\auth\dashboard.php on line 102.
 1 APPPATH\Views\auth\dashboard.php(102): strtotime(null)
 2 SYSTEMPATH\View\View.php(226): include('C:\\xampp\\htdocs\\ITE311-MORIL\\app\\Views\\auth\\dashboard.php')
 3 SYSTEMPATH\View\View.php(229): CodeIgniter\View\View->CodeIgniter\View\{closure}()
 4 SYSTEMPATH\Common.php(1167): CodeIgniter\View\View->render('auth/dashboard', [], true)
 5 APPPATH\Controllers\Auth.php(357): view('auth/dashboard', [...])
 6 SYSTEMPATH\CodeIgniter.php(933): App\Controllers\Auth->dashboard()
 7 SYSTEMPATH\CodeIgniter.php(507): CodeIgniter\CodeIgniter->runController(Object(App\Controllers\Auth))
 8 SYSTEMPATH\CodeIgniter.php(354): CodeIgniter\CodeIgniter->handleRequest(null, Object(Config\Cache), false)
 9 SYSTEMPATH\Boot.php(363): CodeIgniter\CodeIgniter->run()
10 SYSTEMPATH\Boot.php(68): CodeIgniter\Boot::runCodeIgniter(Object(CodeIgniter\CodeIgniter))
11 FCPATH\index.php(59): CodeIgniter\Boot::bootWeb(Object(Config\Paths))
DEBUG - 2025-12-13 03:49:52 --> Session: Class initialized using 'CodeIgniter\Session\Handlers\FileHandler' driver.
WARNING - 2025-12-13 03:49:52 --> [DEPRECATED] Creation of dynamic property App\Controllers\Notifications::$data is deprecated in APPPATH\Controllers\BaseController.php on line 74.
 1 APPPATH\Controllers\BaseController.php(59): App\Controllers\BaseController->loadNotificationData()
 2 SYSTEMPATH\CodeIgniter.php(904): App\Controllers\BaseController->initController(Object(CodeIgniter\HTTP\IncomingRequest), Object(CodeIgniter\HTTP\Response), Object(CodeIgniter\Log\Logger))
 3 SYSTEMPATH\CodeIgniter.php(498): CodeIgniter\CodeIgniter->createController()
 4 SYSTEMPATH\CodeIgniter.php(354): CodeIgniter\CodeIgniter->handleRequest(null, Object(Config\Cache), false)
 5 SYSTEMPATH\Boot.php(363): CodeIgniter\CodeIgniter->run()
 6 SYSTEMPATH\Boot.php(68): CodeIgniter\Boot::runCodeIgniter(Object(CodeIgniter\CodeIgniter))
 7 FCPATH\index.php(59): CodeIgniter\Boot::bootWeb(Object(Config\Paths))
DEBUG - 2025-12-13 03:49:53 --> Session: Class initialized using 'CodeIgniter\Session\Handlers\FileHandler' driver.
WARNING - 2025-12-13 03:49:53 --> [DEPRECATED] Creation of dynamic property App\Controllers\Notifications::$data is deprecated in APPPATH\Controllers\BaseController.php on line 76.
 1 APPPATH\Controllers\BaseController.php(59): App\Controllers\BaseController->loadNotificationData()
 2 SYSTEMPATH\CodeIgniter.php(904): App\Controllers\BaseController->initController(Object(CodeIgniter\HTTP\IncomingRequest), Object(CodeIgniter\HTTP\Response), Object(CodeIgniter\Log\Logger))
 3 SYSTEMPATH\CodeIgniter.php(498): CodeIgniter\CodeIgniter->createController()
 4 SYSTEMPATH\CodeIgniter.php(354): CodeIgniter\CodeIgniter->handleRequest(null, Object(Config\Cache), false)
 5 SYSTEMPATH\Boot.php(363): CodeIgniter\CodeIgniter->run()
 6 SYSTEMPATH\Boot.php(68): CodeIgniter\Boot::runCodeIgniter(Object(CodeIgniter\CodeIgniter))
 7 FCPATH\index.php(59): CodeIgniter\Boot::bootWeb(Object(Config\Paths))
DEBUG - 2025-12-13 03:50:53 --> Session: Class initialized using 'CodeIgniter\Session\Handlers\FileHandler' driver.
WARNING - 2025-12-13 03:50:53 --> [DEPRECATED] Creation of dynamic property App\Controllers\Notifications::$data is deprecated in APPPATH\Controllers\BaseController.php on line 76.
 1 APPPATH\Controllers\BaseController.php(59): App\Controllers\BaseController->loadNotificationData()
 2 SYSTEMPATH\CodeIgniter.php(904): App\Controllers\BaseController->initController(Object(CodeIgniter\HTTP\IncomingRequest), Object(CodeIgniter\HTTP\Response), Object(CodeIgniter\Log\Logger))
 3 SYSTEMPATH\CodeIgniter.php(498): CodeIgniter\CodeIgniter->createController()
 4 SYSTEMPATH\CodeIgniter.php(354): CodeIgniter\CodeIgniter->handleRequest(null, Object(Config\Cache), false)
 5 SYSTEMPATH\Boot.php(363): CodeIgniter\CodeIgniter->run()
 6 SYSTEMPATH\Boot.php(68): CodeIgniter\Boot::runCodeIgniter(Object(CodeIgniter\CodeIgniter))
 7 FCPATH\index.php(59): CodeIgniter\Boot::bootWeb(Object(Config\Paths))
DEBUG - 2025-12-13 05:38:26 --> Session: Class initialized using 'CodeIgniter\Session\Handlers\FileHandler' driver.
WARNING - 2025-12-13 05:38:26 --> [DEPRECATED] Creation of dynamic property App\Controllers\Notifications::$data is deprecated in APPPATH\Controllers\BaseController.php on line 76.
 1 APPPATH\Controllers\BaseController.php(59): App\Controllers\BaseController->loadNotificationData()
 2 SYSTEMPATH\CodeIgniter.php(904): App\Controllers\BaseController->initController(Object(CodeIgniter\HTTP\IncomingRequest), Object(CodeIgniter\HTTP\Response), Object(CodeIgniter\Log\Logger))
 3 SYSTEMPATH\CodeIgniter.php(498): CodeIgniter\CodeIgniter->createController()
 4 SYSTEMPATH\CodeIgniter.php(354): CodeIgniter\CodeIgniter->handleRequest(null, Object(Config\Cache), false)
 5 SYSTEMPATH\Boot.php(363): CodeIgniter\CodeIgniter->run()
 6 SYSTEMPATH\Boot.php(68): CodeIgniter\Boot::runCodeIgniter(Object(CodeIgniter\CodeIgniter))
 7 FCPATH\index.php(59): CodeIgniter\Boot::bootWeb(Object(Config\Paths))
DEBUG - 2025-12-13 05:38:53 --> Session: Class initialized using 'CodeIgniter\Session\Handlers\FileHandler' driver.
WARNING - 2025-12-13 05:38:53 --> [DEPRECATED] Creation of dynamic property App\Controllers\Notifications::$data is deprecated in APPPATH\Controllers\BaseController.php on line 76.
 1 APPPATH\Controllers\BaseController.php(59): App\Controllers\BaseController->loadNotificationData()
 2 SYSTEMPATH\CodeIgniter.php(904): App\Controllers\BaseController->initController(Object(CodeIgniter\HTTP\IncomingRequest), Object(CodeIgniter\HTTP\Response), Object(CodeIgniter\Log\Logger))
 3 SYSTEMPATH\CodeIgniter.php(498): CodeIgniter\CodeIgniter->createController()
 4 SYSTEMPATH\CodeIgniter.php(354): CodeIgniter\CodeIgniter->handleRequest(null, Object(Config\Cache), false)
 5 SYSTEMPATH\Boot.php(363): CodeIgniter\CodeIgniter->run()
 6 SYSTEMPATH\Boot.php(68): CodeIgniter\Boot::runCodeIgniter(Object(CodeIgniter\CodeIgniter))
 7 FCPATH\index.php(59): CodeIgniter\Boot::bootWeb(Object(Config\Paths))
DEBUG - 2025-12-13 05:39:17 --> Session: Class initialized using 'CodeIgniter\Session\Handlers\FileHandler' driver.
WARNING - 2025-12-13 05:39:17 --> [DEPRECATED] Creation of dynamic property App\Controllers\Auth::$data is deprecated in APPPATH\Controllers\BaseController.php on line 74.
 1 APPPATH\Controllers\BaseController.php(59): App\Controllers\BaseController->loadNotificationData()
 2 SYSTEMPATH\CodeIgniter.php(904): App\Controllers\BaseController->initController(Object(CodeIgniter\HTTP\IncomingRequest), Object(CodeIgniter\HTTP\Response), Object(CodeIgniter\Log\Logger))
 3 SYSTEMPATH\CodeIgniter.php(498): CodeIgniter\CodeIgniter->createController()
 4 SYSTEMPATH\CodeIgniter.php(354): CodeIgniter\CodeIgniter->handleRequest(null, Object(Config\Cache), false)
 5 SYSTEMPATH\Boot.php(363): CodeIgniter\CodeIgniter->run()
 6 SYSTEMPATH\Boot.php(68): CodeIgniter\Boot::runCodeIgniter(Object(CodeIgniter\CodeIgniter))
 7 FCPATH\index.php(59): CodeIgniter\Boot::bootWeb(Object(Config\Paths))
DEBUG - 2025-12-13 05:39:17 --> Session: Class initialized using 'CodeIgniter\Session\Handlers\FileHandler' driver.
WARNING - 2025-12-13 05:39:17 --> [DEPRECATED] Creation of dynamic property App\Controllers\Auth::$data is deprecated in APPPATH\Controllers\BaseController.php on line 74.
 1 APPPATH\Controllers\BaseController.php(59): App\Controllers\BaseController->loadNotificationData()
 2 SYSTEMPATH\CodeIgniter.php(904): App\Controllers\BaseController->initController(Object(CodeIgniter\HTTP\IncomingRequest), Object(CodeIgniter\HTTP\Response), Object(CodeIgniter\Log\Logger))
 3 SYSTEMPATH\CodeIgniter.php(498): CodeIgniter\CodeIgniter->createController()
 4 SYSTEMPATH\CodeIgniter.php(354): CodeIgniter\CodeIgniter->handleRequest(null, Object(Config\Cache), false)
 5 SYSTEMPATH\Boot.php(363): CodeIgniter\CodeIgniter->run()
 6 SYSTEMPATH\Boot.php(68): CodeIgniter\Boot::runCodeIgniter(Object(CodeIgniter\CodeIgniter))
 7 FCPATH\index.php(59): CodeIgniter\Boot::bootWeb(Object(Config\Paths))
WARNING - 2025-12-13 05:39:17 --> [DEPRECATED] strtotime(): Passing null to parameter #1 ($datetime) of type string is deprecated in APPPATH\Views\auth\dashboard.php on line 102.
 1 APPPATH\Views\auth\dashboard.php(102): strtotime(null)
 2 SYSTEMPATH\View\View.php(226): include('C:\\xampp\\htdocs\\ITE311-MORIL\\app\\Views\\auth\\dashboard.php')
 3 SYSTEMPATH\View\View.php(229): CodeIgniter\View\View->CodeIgniter\View\{closure}()
 4 SYSTEMPATH\Common.php(1167): CodeIgniter\View\View->render('auth/dashboard', [], true)
 5 APPPATH\Controllers\Auth.php(357): view('auth/dashboard', [...])
 6 SYSTEMPATH\CodeIgniter.php(933): App\Controllers\Auth->dashboard()
 7 SYSTEMPATH\CodeIgniter.php(507): CodeIgniter\CodeIgniter->runController(Object(App\Controllers\Auth))
 8 SYSTEMPATH\CodeIgniter.php(354): CodeIgniter\CodeIgniter->handleRequest(null, Object(Config\Cache), false)
 9 SYSTEMPATH\Boot.php(363): CodeIgniter\CodeIgniter->run()
10 SYSTEMPATH\Boot.php(68): CodeIgniter\Boot::runCodeIgniter(Object(CodeIgniter\CodeIgniter))
11 FCPATH\index.php(59): CodeIgniter\Boot::bootWeb(Object(Config\Paths))
WARNING - 2025-12-13 05:39:17 --> [DEPRECATED] strtotime(): Passing null to parameter #1 ($datetime) of type string is deprecated in APPPATH\Views\auth\dashboard.php on line 102.
 1 APPPATH\Views\auth\dashboard.php(102): strtotime(null)
 2 SYSTEMPATH\View\View.php(226): include('C:\\xampp\\htdocs\\ITE311-MORIL\\app\\Views\\auth\\dashboard.php')
 3 SYSTEMPATH\View\View.php(229): CodeIgniter\View\View->CodeIgniter\View\{closure}()
 4 SYSTEMPATH\Common.php(1167): CodeIgniter\View\View->render('auth/dashboard', [], true)
 5 APPPATH\Controllers\Auth.php(357): view('auth/dashboard', [...])
 6 SYSTEMPATH\CodeIgniter.php(933): App\Controllers\Auth->dashboard()
 7 SYSTEMPATH\CodeIgniter.php(507): CodeIgniter\CodeIgniter->runController(Object(App\Controllers\Auth))
 8 SYSTEMPATH\CodeIgniter.php(354): CodeIgniter\CodeIgniter->handleRequest(null, Object(Config\Cache), false)
 9 SYSTEMPATH\Boot.php(363): CodeIgniter\CodeIgniter->run()
10 SYSTEMPATH\Boot.php(68): CodeIgniter\Boot::runCodeIgniter(Object(CodeIgniter\CodeIgniter))
11 FCPATH\index.php(59): CodeIgniter\Boot::bootWeb(Object(Config\Paths))
DEBUG - 2025-12-13 05:39:17 --> Session: Class initialized using 'CodeIgniter\Session\Handlers\FileHandler' driver.
WARNING - 2025-12-13 05:39:17 --> [DEPRECATED] Creation of dynamic property App\Controllers\Notifications::$data is deprecated in APPPATH\Controllers\BaseController.php on line 74.
 1 APPPATH\Controllers\BaseController.php(59): App\Controllers\BaseController->loadNotificationData()
 2 SYSTEMPATH\CodeIgniter.php(904): App\Controllers\BaseController->initController(Object(CodeIgniter\HTTP\IncomingRequest), Object(CodeIgniter\HTTP\Response), Object(CodeIgniter\Log\Logger))
 3 SYSTEMPATH\CodeIgniter.php(498): CodeIgniter\CodeIgniter->createController()
 4 SYSTEMPATH\CodeIgniter.php(354): CodeIgniter\CodeIgniter->handleRequest(null, Object(Config\Cache), false)
 5 SYSTEMPATH\Boot.php(363): CodeIgniter\CodeIgniter->run()
 6 SYSTEMPATH\Boot.php(68): CodeIgniter\Boot::runCodeIgniter(Object(CodeIgniter\CodeIgniter))
 7 FCPATH\index.php(59): CodeIgniter\Boot::bootWeb(Object(Config\Paths))
DEBUG - 2025-12-13 05:39:19 --> Session: Class initialized using 'CodeIgniter\Session\Handlers\FileHandler' driver.
WARNING - 2025-12-13 05:39:19 --> [DEPRECATED] Creation of dynamic property App\Controllers\UserManagement::$data is deprecated in APPPATH\Controllers\BaseController.php on line 74.
 1 APPPATH\Controllers\BaseController.php(59): App\Controllers\BaseController->loadNotificationData()
 2 SYSTEMPATH\CodeIgniter.php(904): App\Controllers\BaseController->initController(Object(CodeIgniter\HTTP\IncomingRequest), Object(CodeIgniter\HTTP\Response), Object(CodeIgniter\Log\Logger))
 3 SYSTEMPATH\CodeIgniter.php(498): CodeIgniter\CodeIgniter->createController()
 4 SYSTEMPATH\CodeIgniter.php(354): CodeIgniter\CodeIgniter->handleRequest(null, Object(Config\Cache), false)
 5 SYSTEMPATH\Boot.php(363): CodeIgniter\CodeIgniter->run()
 6 SYSTEMPATH\Boot.php(68): CodeIgniter\Boot::runCodeIgniter(Object(CodeIgniter\CodeIgniter))
 7 FCPATH\index.php(59): CodeIgniter\Boot::bootWeb(Object(Config\Paths))
DEBUG - 2025-12-13 05:39:19 --> Session: Class initialized using 'CodeIgniter\Session\Handlers\FileHandler' driver.
WARNING - 2025-12-13 05:39:19 --> [DEPRECATED] Creation of dynamic property App\Controllers\Notifications::$data is deprecated in APPPATH\Controllers\BaseController.php on line 74.
 1 APPPATH\Controllers\BaseController.php(59): App\Controllers\BaseController->loadNotificationData()
 2 SYSTEMPATH\CodeIgniter.php(904): App\Controllers\BaseController->initController(Object(CodeIgniter\HTTP\IncomingRequest), Object(CodeIgniter\HTTP\Response), Object(CodeIgniter\Log\Logger))
 3 SYSTEMPATH\CodeIgniter.php(498): CodeIgniter\CodeIgniter->createController()
 4 SYSTEMPATH\CodeIgniter.php(354): CodeIgniter\CodeIgniter->handleRequest(null, Object(Config\Cache), false)
 5 SYSTEMPATH\Boot.php(363): CodeIgniter\CodeIgniter->run()
 6 SYSTEMPATH\Boot.php(68): CodeIgniter\Boot::runCodeIgniter(Object(CodeIgniter\CodeIgniter))
 7 FCPATH\index.php(59): CodeIgniter\Boot::bootWeb(Object(Config\Paths))
DEBUG - 2025-12-13 05:39:54 --> Session: Class initialized using 'CodeIgniter\Session\Handlers\FileHandler' driver.
WARNING - 2025-12-13 05:39:54 --> [DEPRECATED] Creation of dynamic property App\Controllers\Notifications::$data is deprecated in APPPATH\Controllers\BaseController.php on line 76.
 1 APPPATH\Controllers\BaseController.php(59): App\Controllers\BaseController->loadNotificationData()
 2 SYSTEMPATH\CodeIgniter.php(904): App\Controllers\BaseController->initController(Object(CodeIgniter\HTTP\IncomingRequest), Object(CodeIgniter\HTTP\Response), Object(CodeIgniter\Log\Logger))
 3 SYSTEMPATH\CodeIgniter.php(498): CodeIgniter\CodeIgniter->createController()
 4 SYSTEMPATH\CodeIgniter.php(354): CodeIgniter\CodeIgniter->handleRequest(null, Object(Config\Cache), false)
 5 SYSTEMPATH\Boot.php(363): CodeIgniter\CodeIgniter->run()
 6 SYSTEMPATH\Boot.php(68): CodeIgniter\Boot::runCodeIgniter(Object(CodeIgniter\CodeIgniter))
 7 FCPATH\index.php(59): CodeIgniter\Boot::bootWeb(Object(Config\Paths))
DEBUG - 2025-12-13 05:40:19 --> Session: Class initialized using 'CodeIgniter\Session\Handlers\FileHandler' driver.
WARNING - 2025-12-13 05:40:19 --> [DEPRECATED] Creation of dynamic property App\Controllers\Notifications::$data is deprecated in APPPATH\Controllers\BaseController.php on line 74.
 1 APPPATH\Controllers\BaseController.php(59): App\Controllers\BaseController->loadNotificationData()
 2 SYSTEMPATH\CodeIgniter.php(904): App\Controllers\BaseController->initController(Object(CodeIgniter\HTTP\IncomingRequest), Object(CodeIgniter\HTTP\Response), Object(CodeIgniter\Log\Logger))
 3 SYSTEMPATH\CodeIgniter.php(498): CodeIgniter\CodeIgniter->createController()
 4 SYSTEMPATH\CodeIgniter.php(354): CodeIgniter\CodeIgniter->handleRequest(null, Object(Config\Cache), false)
 5 SYSTEMPATH\Boot.php(363): CodeIgniter\CodeIgniter->run()
 6 SYSTEMPATH\Boot.php(68): CodeIgniter\Boot::runCodeIgniter(Object(CodeIgniter\CodeIgniter))
 7 FCPATH\index.php(59): CodeIgniter\Boot::bootWeb(Object(Config\Paths))
DEBUG - 2025-12-13 05:40:55 --> Session: Class initialized using 'CodeIgniter\Session\Handlers\FileHandler' driver.
WARNING - 2025-12-13 05:40:55 --> [DEPRECATED] Creation of dynamic property App\Controllers\Notifications::$data is deprecated in APPPATH\Controllers\BaseController.php on line 76.
 1 APPPATH\Controllers\BaseController.php(59): App\Controllers\BaseController->loadNotificationData()
 2 SYSTEMPATH\CodeIgniter.php(904): App\Controllers\BaseController->initController(Object(CodeIgniter\HTTP\IncomingRequest), Object(CodeIgniter\HTTP\Response), Object(CodeIgniter\Log\Logger))
 3 SYSTEMPATH\CodeIgniter.php(498): CodeIgniter\CodeIgniter->createController()
 4 SYSTEMPATH\CodeIgniter.php(354): CodeIgniter\CodeIgniter->handleRequest(null, Object(Config\Cache), false)
 5 SYSTEMPATH\Boot.php(363): CodeIgniter\CodeIgniter->run()
 6 SYSTEMPATH\Boot.php(68): CodeIgniter\Boot::runCodeIgniter(Object(CodeIgniter\CodeIgniter))
 7 FCPATH\index.php(59): CodeIgniter\Boot::bootWeb(Object(Config\Paths))
DEBUG - 2025-12-13 05:41:19 --> Session: Class initialized using 'CodeIgniter\Session\Handlers\FileHandler' driver.
WARNING - 2025-12-13 05:41:19 --> [DEPRECATED] Creation of dynamic property App\Controllers\Notifications::$data is deprecated in APPPATH\Controllers\BaseController.php on line 74.
 1 APPPATH\Controllers\BaseController.php(59): App\Controllers\BaseController->loadNotificationData()
 2 SYSTEMPATH\CodeIgniter.php(904): App\Controllers\BaseController->initController(Object(CodeIgniter\HTTP\IncomingRequest), Object(CodeIgniter\HTTP\Response), Object(CodeIgniter\Log\Logger))
 3 SYSTEMPATH\CodeIgniter.php(498): CodeIgniter\CodeIgniter->createController()
 4 SYSTEMPATH\CodeIgniter.php(354): CodeIgniter\CodeIgniter->handleRequest(null, Object(Config\Cache), false)
 5 SYSTEMPATH\Boot.php(363): CodeIgniter\CodeIgniter->run()
 6 SYSTEMPATH\Boot.php(68): CodeIgniter\Boot::runCodeIgniter(Object(CodeIgniter\CodeIgniter))
 7 FCPATH\index.php(59): CodeIgniter\Boot::bootWeb(Object(Config\Paths))
DEBUG - 2025-12-13 05:41:56 --> Session: Class initialized using 'CodeIgniter\Session\Handlers\FileHandler' driver.
WARNING - 2025-12-13 05:41:56 --> [DEPRECATED] Creation of dynamic property App\Controllers\Notifications::$data is deprecated in APPPATH\Controllers\BaseController.php on line 76.
 1 APPPATH\Controllers\BaseController.php(59): App\Controllers\BaseController->loadNotificationData()
 2 SYSTEMPATH\CodeIgniter.php(904): App\Controllers\BaseController->initController(Object(CodeIgniter\HTTP\IncomingRequest), Object(CodeIgniter\HTTP\Response), Object(CodeIgniter\Log\Logger))
 3 SYSTEMPATH\CodeIgniter.php(498): CodeIgniter\CodeIgniter->createController()
 4 SYSTEMPATH\CodeIgniter.php(354): CodeIgniter\CodeIgniter->handleRequest(null, Object(Config\Cache), false)
 5 SYSTEMPATH\Boot.php(363): CodeIgniter\CodeIgniter->run()
 6 SYSTEMPATH\Boot.php(68): CodeIgniter\Boot::runCodeIgniter(Object(CodeIgniter\CodeIgniter))
 7 FCPATH\index.php(59): CodeIgniter\Boot::bootWeb(Object(Config\Paths))
DEBUG - 2025-12-13 05:42:19 --> Session: Class initialized using 'CodeIgniter\Session\Handlers\FileHandler' driver.
WARNING - 2025-12-13 05:42:19 --> [DEPRECATED] Creation of dynamic property App\Controllers\Notifications::$data is deprecated in APPPATH\Controllers\BaseController.php on line 74.
 1 APPPATH\Controllers\BaseController.php(59): App\Controllers\BaseController->loadNotificationData()
 2 SYSTEMPATH\CodeIgniter.php(904): App\Controllers\BaseController->initController(Object(CodeIgniter\HTTP\IncomingRequest), Object(CodeIgniter\HTTP\Response), Object(CodeIgniter\Log\Logger))
 3 SYSTEMPATH\CodeIgniter.php(498): CodeIgniter\CodeIgniter->createController()
 4 SYSTEMPATH\CodeIgniter.php(354): CodeIgniter\CodeIgniter->handleRequest(null, Object(Config\Cache), false)
 5 SYSTEMPATH\Boot.php(363): CodeIgniter\CodeIgniter->run()
 6 SYSTEMPATH\Boot.php(68): CodeIgniter\Boot::runCodeIgniter(Object(CodeIgniter\CodeIgniter))
 7 FCPATH\index.php(59): CodeIgniter\Boot::bootWeb(Object(Config\Paths))
DEBUG - 2025-12-13 05:42:57 --> Session: Class initialized using 'CodeIgniter\Session\Handlers\FileHandler' driver.
WARNING - 2025-12-13 05:42:57 --> [DEPRECATED] Creation of dynamic property App\Controllers\Notifications::$data is deprecated in APPPATH\Controllers\BaseController.php on line 76.
 1 APPPATH\Controllers\BaseController.php(59): App\Controllers\BaseController->loadNotificationData()
 2 SYSTEMPATH\CodeIgniter.php(904): App\Controllers\BaseController->initController(Object(CodeIgniter\HTTP\IncomingRequest), Object(CodeIgniter\HTTP\Response), Object(CodeIgniter\Log\Logger))
 3 SYSTEMPATH\CodeIgniter.php(498): CodeIgniter\CodeIgniter->createController()
 4 SYSTEMPATH\CodeIgniter.php(354): CodeIgniter\CodeIgniter->handleRequest(null, Object(Config\Cache), false)
 5 SYSTEMPATH\Boot.php(363): CodeIgniter\CodeIgniter->run()
 6 SYSTEMPATH\Boot.php(68): CodeIgniter\Boot::runCodeIgniter(Object(CodeIgniter\CodeIgniter))
 7 FCPATH\index.php(59): CodeIgniter\Boot::bootWeb(Object(Config\Paths))
DEBUG - 2025-12-13 05:43:20 --> Session: Class initialized using 'CodeIgniter\Session\Handlers\FileHandler' driver.
WARNING - 2025-12-13 05:43:20 --> [DEPRECATED] Creation of dynamic property App\Controllers\Notifications::$data is deprecated in APPPATH\Controllers\BaseController.php on line 74.
 1 APPPATH\Controllers\BaseController.php(59): App\Controllers\BaseController->loadNotificationData()
 2 SYSTEMPATH\CodeIgniter.php(904): App\Controllers\BaseController->initController(Object(CodeIgniter\HTTP\IncomingRequest), Object(CodeIgniter\HTTP\Response), Object(CodeIgniter\Log\Logger))
 3 SYSTEMPATH\CodeIgniter.php(498): CodeIgniter\CodeIgniter->createController()
 4 SYSTEMPATH\CodeIgniter.php(354): CodeIgniter\CodeIgniter->handleRequest(null, Object(Config\Cache), false)
 5 SYSTEMPATH\Boot.php(363): CodeIgniter\CodeIgniter->run()
 6 SYSTEMPATH\Boot.php(68): CodeIgniter\Boot::runCodeIgniter(Object(CodeIgniter\CodeIgniter))
 7 FCPATH\index.php(59): CodeIgniter\Boot::bootWeb(Object(Config\Paths))
DEBUG - 2025-12-13 05:43:58 --> Session: Class initialized using 'CodeIgniter\Session\Handlers\FileHandler' driver.
WARNING - 2025-12-13 05:43:58 --> [DEPRECATED] Creation of dynamic property App\Controllers\Notifications::$data is deprecated in APPPATH\Controllers\BaseController.php on line 76.
 1 APPPATH\Controllers\BaseController.php(59): App\Controllers\BaseController->loadNotificationData()
 2 SYSTEMPATH\CodeIgniter.php(904): App\Controllers\BaseController->initController(Object(CodeIgniter\HTTP\IncomingRequest), Object(CodeIgniter\HTTP\Response), Object(CodeIgniter\Log\Logger))
 3 SYSTEMPATH\CodeIgniter.php(498): CodeIgniter\CodeIgniter->createController()
 4 SYSTEMPATH\CodeIgniter.php(354): CodeIgniter\CodeIgniter->handleRequest(null, Object(Config\Cache), false)
 5 SYSTEMPATH\Boot.php(363): CodeIgniter\CodeIgniter->run()
 6 SYSTEMPATH\Boot.php(68): CodeIgniter\Boot::runCodeIgniter(Object(CodeIgniter\CodeIgniter))
 7 FCPATH\index.php(59): CodeIgniter\Boot::bootWeb(Object(Config\Paths))
DEBUG - 2025-12-13 05:44:19 --> Session: Class initialized using 'CodeIgniter\Session\Handlers\FileHandler' driver.
WARNING - 2025-12-13 05:44:19 --> [DEPRECATED] Creation of dynamic property App\Controllers\Notifications::$data is deprecated in APPPATH\Controllers\BaseController.php on line 74.
 1 APPPATH\Controllers\BaseController.php(59): App\Controllers\BaseController->loadNotificationData()
 2 SYSTEMPATH\CodeIgniter.php(904): App\Controllers\BaseController->initController(Object(CodeIgniter\HTTP\IncomingRequest), Object(CodeIgniter\HTTP\Response), Object(CodeIgniter\Log\Logger))
 3 SYSTEMPATH\CodeIgniter.php(498): CodeIgniter\CodeIgniter->createController()
 4 SYSTEMPATH\CodeIgniter.php(354): CodeIgniter\CodeIgniter->handleRequest(null, Object(Config\Cache), false)
 5 SYSTEMPATH\Boot.php(363): CodeIgniter\CodeIgniter->run()
 6 SYSTEMPATH\Boot.php(68): CodeIgniter\Boot::runCodeIgniter(Object(CodeIgniter\CodeIgniter))
 7 FCPATH\index.php(59): CodeIgniter\Boot::bootWeb(Object(Config\Paths))
DEBUG - 2025-12-13 05:44:59 --> Session: Class initialized using 'CodeIgniter\Session\Handlers\FileHandler' driver.
WARNING - 2025-12-13 05:44:59 --> [DEPRECATED] Creation of dynamic property App\Controllers\Notifications::$data is deprecated in APPPATH\Controllers\BaseController.php on line 76.
 1 APPPATH\Controllers\BaseController.php(59): App\Controllers\BaseController->loadNotificationData()
 2 SYSTEMPATH\CodeIgniter.php(904): App\Controllers\BaseController->initController(Object(CodeIgniter\HTTP\IncomingRequest), Object(CodeIgniter\HTTP\Response), Object(CodeIgniter\Log\Logger))
 3 SYSTEMPATH\CodeIgniter.php(498): CodeIgniter\CodeIgniter->createController()
 4 SYSTEMPATH\CodeIgniter.php(354): CodeIgniter\CodeIgniter->handleRequest(null, Object(Config\Cache), false)
 5 SYSTEMPATH\Boot.php(363): CodeIgniter\CodeIgniter->run()
 6 SYSTEMPATH\Boot.php(68): CodeIgniter\Boot::runCodeIgniter(Object(CodeIgniter\CodeIgniter))
 7 FCPATH\index.php(59): CodeIgniter\Boot::bootWeb(Object(Config\Paths))
DEBUG - 2025-12-13 05:45:20 --> Session: Class initialized using 'CodeIgniter\Session\Handlers\FileHandler' driver.
WARNING - 2025-12-13 05:45:20 --> [DEPRECATED] Creation of dynamic property App\Controllers\Notifications::$data is deprecated in APPPATH\Controllers\BaseController.php on line 74.
 1 APPPATH\Controllers\BaseController.php(59): App\Controllers\BaseController->loadNotificationData()
 2 SYSTEMPATH\CodeIgniter.php(904): App\Controllers\BaseController->initController(Object(CodeIgniter\HTTP\IncomingRequest), Object(CodeIgniter\HTTP\Response), Object(CodeIgniter\Log\Logger))
 3 SYSTEMPATH\CodeIgniter.php(498): CodeIgniter\CodeIgniter->createController()
 4 SYSTEMPATH\CodeIgniter.php(354): CodeIgniter\CodeIgniter->handleRequest(null, Object(Config\Cache), false)
 5 SYSTEMPATH\Boot.php(363): CodeIgniter\CodeIgniter->run()
 6 SYSTEMPATH\Boot.php(68): CodeIgniter\Boot::runCodeIgniter(Object(CodeIgniter\CodeIgniter))
 7 FCPATH\index.php(59): CodeIgniter\Boot::bootWeb(Object(Config\Paths))
DEBUG - 2025-12-13 05:46:00 --> Session: Class initialized using 'CodeIgniter\Session\Handlers\FileHandler' driver.
WARNING - 2025-12-13 05:46:00 --> [DEPRECATED] Creation of dynamic property App\Controllers\Notifications::$data is deprecated in APPPATH\Controllers\BaseController.php on line 76.
 1 APPPATH\Controllers\BaseController.php(59): App\Controllers\BaseController->loadNotificationData()
 2 SYSTEMPATH\CodeIgniter.php(904): App\Controllers\BaseController->initController(Object(CodeIgniter\HTTP\IncomingRequest), Object(CodeIgniter\HTTP\Response), Object(CodeIgniter\Log\Logger))
 3 SYSTEMPATH\CodeIgniter.php(498): CodeIgniter\CodeIgniter->createController()
 4 SYSTEMPATH\CodeIgniter.php(354): CodeIgniter\CodeIgniter->handleRequest(null, Object(Config\Cache), false)
 5 SYSTEMPATH\Boot.php(363): CodeIgniter\CodeIgniter->run()
 6 SYSTEMPATH\Boot.php(68): CodeIgniter\Boot::runCodeIgniter(Object(CodeIgniter\CodeIgniter))
 7 FCPATH\index.php(59): CodeIgniter\Boot::bootWeb(Object(Config\Paths))
DEBUG - 2025-12-13 05:46:21 --> Session: Class initialized using 'CodeIgniter\Session\Handlers\FileHandler' driver.
WARNING - 2025-12-13 05:46:21 --> [DEPRECATED] Creation of dynamic property App\Controllers\Notifications::$data is deprecated in APPPATH\Controllers\BaseController.php on line 74.
 1 APPPATH\Controllers\BaseController.php(59): App\Controllers\BaseController->loadNotificationData()
 2 SYSTEMPATH\CodeIgniter.php(904): App\Controllers\BaseController->initController(Object(CodeIgniter\HTTP\IncomingRequest), Object(CodeIgniter\HTTP\Response), Object(CodeIgniter\Log\Logger))
 3 SYSTEMPATH\CodeIgniter.php(498): CodeIgniter\CodeIgniter->createController()
 4 SYSTEMPATH\CodeIgniter.php(354): CodeIgniter\CodeIgniter->handleRequest(null, Object(Config\Cache), false)
 5 SYSTEMPATH\Boot.php(363): CodeIgniter\CodeIgniter->run()
 6 SYSTEMPATH\Boot.php(68): CodeIgniter\Boot::runCodeIgniter(Object(CodeIgniter\CodeIgniter))
 7 FCPATH\index.php(59): CodeIgniter\Boot::bootWeb(Object(Config\Paths))
DEBUG - 2025-12-13 05:47:01 --> Session: Class initialized using 'CodeIgniter\Session\Handlers\FileHandler' driver.
WARNING - 2025-12-13 05:47:01 --> [DEPRECATED] Creation of dynamic property App\Controllers\Notifications::$data is deprecated in APPPATH\Controllers\BaseController.php on line 76.
 1 APPPATH\Controllers\BaseController.php(59): App\Controllers\BaseController->loadNotificationData()
 2 SYSTEMPATH\CodeIgniter.php(904): App\Controllers\BaseController->initController(Object(CodeIgniter\HTTP\IncomingRequest), Object(CodeIgniter\HTTP\Response), Object(CodeIgniter\Log\Logger))
 3 SYSTEMPATH\CodeIgniter.php(498): CodeIgniter\CodeIgniter->createController()
 4 SYSTEMPATH\CodeIgniter.php(354): CodeIgniter\CodeIgniter->handleRequest(null, Object(Config\Cache), false)
 5 SYSTEMPATH\Boot.php(363): CodeIgniter\CodeIgniter->run()
 6 SYSTEMPATH\Boot.php(68): CodeIgniter\Boot::runCodeIgniter(Object(CodeIgniter\CodeIgniter))
 7 FCPATH\index.php(59): CodeIgniter\Boot::bootWeb(Object(Config\Paths))
DEBUG - 2025-12-13 05:47:22 --> Session: Class initialized using 'CodeIgniter\Session\Handlers\FileHandler' driver.
WARNING - 2025-12-13 05:47:22 --> [DEPRECATED] Creation of dynamic property App\Controllers\Notifications::$data is deprecated in APPPATH\Controllers\BaseController.php on line 74.
 1 APPPATH\Controllers\BaseController.php(59): App\Controllers\BaseController->loadNotificationData()
 2 SYSTEMPATH\CodeIgniter.php(904): App\Controllers\BaseController->initController(Object(CodeIgniter\HTTP\IncomingRequest), Object(CodeIgniter\HTTP\Response), Object(CodeIgniter\Log\Logger))
 3 SYSTEMPATH\CodeIgniter.php(498): CodeIgniter\CodeIgniter->createController()
 4 SYSTEMPATH\CodeIgniter.php(354): CodeIgniter\CodeIgniter->handleRequest(null, Object(Config\Cache), false)
 5 SYSTEMPATH\Boot.php(363): CodeIgniter\CodeIgniter->run()
 6 SYSTEMPATH\Boot.php(68): CodeIgniter\Boot::runCodeIgniter(Object(CodeIgniter\CodeIgniter))
 7 FCPATH\index.php(59): CodeIgniter\Boot::bootWeb(Object(Config\Paths))
DEBUG - 2025-12-13 05:48:02 --> Session: Class initialized using 'CodeIgniter\Session\Handlers\FileHandler' driver.
WARNING - 2025-12-13 05:48:02 --> [DEPRECATED] Creation of dynamic property App\Controllers\Notifications::$data is deprecated in APPPATH\Controllers\BaseController.php on line 76.
 1 APPPATH\Controllers\BaseController.php(59): App\Controllers\BaseController->loadNotificationData()
 2 SYSTEMPATH\CodeIgniter.php(904): App\Controllers\BaseController->initController(Object(CodeIgniter\HTTP\IncomingRequest), Object(CodeIgniter\HTTP\Response), Object(CodeIgniter\Log\Logger))
 3 SYSTEMPATH\CodeIgniter.php(498): CodeIgniter\CodeIgniter->createController()
 4 SYSTEMPATH\CodeIgniter.php(354): CodeIgniter\CodeIgniter->handleRequest(null, Object(Config\Cache), false)
 5 SYSTEMPATH\Boot.php(363): CodeIgniter\CodeIgniter->run()
 6 SYSTEMPATH\Boot.php(68): CodeIgniter\Boot::runCodeIgniter(Object(CodeIgniter\CodeIgniter))
 7 FCPATH\index.php(59): CodeIgniter\Boot::bootWeb(Object(Config\Paths))
DEBUG - 2025-12-13 05:48:23 --> Session: Class initialized using 'CodeIgniter\Session\Handlers\FileHandler' driver.
WARNING - 2025-12-13 05:48:23 --> [DEPRECATED] Creation of dynamic property App\Controllers\Notifications::$data is deprecated in APPPATH\Controllers\BaseController.php on line 74.
 1 APPPATH\Controllers\BaseController.php(59): App\Controllers\BaseController->loadNotificationData()
 2 SYSTEMPATH\CodeIgniter.php(904): App\Controllers\BaseController->initController(Object(CodeIgniter\HTTP\IncomingRequest), Object(CodeIgniter\HTTP\Response), Object(CodeIgniter\Log\Logger))
 3 SYSTEMPATH\CodeIgniter.php(498): CodeIgniter\CodeIgniter->createController()
 4 SYSTEMPATH\CodeIgniter.php(354): CodeIgniter\CodeIgniter->handleRequest(null, Object(Config\Cache), false)
 5 SYSTEMPATH\Boot.php(363): CodeIgniter\CodeIgniter->run()
 6 SYSTEMPATH\Boot.php(68): CodeIgniter\Boot::runCodeIgniter(Object(CodeIgniter\CodeIgniter))
 7 FCPATH\index.php(59): CodeIgniter\Boot::bootWeb(Object(Config\Paths))
DEBUG - 2025-12-13 05:49:03 --> Session: Class initialized using 'CodeIgniter\Session\Handlers\FileHandler' driver.
WARNING - 2025-12-13 05:49:03 --> [DEPRECATED] Creation of dynamic property App\Controllers\Notifications::$data is deprecated in APPPATH\Controllers\BaseController.php on line 76.
 1 APPPATH\Controllers\BaseController.php(59): App\Controllers\BaseController->loadNotificationData()
 2 SYSTEMPATH\CodeIgniter.php(904): App\Controllers\BaseController->initController(Object(CodeIgniter\HTTP\IncomingRequest), Object(CodeIgniter\HTTP\Response), Object(CodeIgniter\Log\Logger))
 3 SYSTEMPATH\CodeIgniter.php(498): CodeIgniter\CodeIgniter->createController()
 4 SYSTEMPATH\CodeIgniter.php(354): CodeIgniter\CodeIgniter->handleRequest(null, Object(Config\Cache), false)
 5 SYSTEMPATH\Boot.php(363): CodeIgniter\CodeIgniter->run()
 6 SYSTEMPATH\Boot.php(68): CodeIgniter\Boot::runCodeIgniter(Object(CodeIgniter\CodeIgniter))
 7 FCPATH\index.php(59): CodeIgniter\Boot::bootWeb(Object(Config\Paths))
DEBUG - 2025-12-13 05:49:24 --> Session: Class initialized using 'CodeIgniter\Session\Handlers\FileHandler' driver.
WARNING - 2025-12-13 05:49:24 --> [DEPRECATED] Creation of dynamic property App\Controllers\Notifications::$data is deprecated in APPPATH\Controllers\BaseController.php on line 74.
 1 APPPATH\Controllers\BaseController.php(59): App\Controllers\BaseController->loadNotificationData()
 2 SYSTEMPATH\CodeIgniter.php(904): App\Controllers\BaseController->initController(Object(CodeIgniter\HTTP\IncomingRequest), Object(CodeIgniter\HTTP\Response), Object(CodeIgniter\Log\Logger))
 3 SYSTEMPATH\CodeIgniter.php(498): CodeIgniter\CodeIgniter->createController()
 4 SYSTEMPATH\CodeIgniter.php(354): CodeIgniter\CodeIgniter->handleRequest(null, Object(Config\Cache), false)
 5 SYSTEMPATH\Boot.php(363): CodeIgniter\CodeIgniter->run()
 6 SYSTEMPATH\Boot.php(68): CodeIgniter\Boot::runCodeIgniter(Object(CodeIgniter\CodeIgniter))
 7 FCPATH\index.php(59): CodeIgniter\Boot::bootWeb(Object(Config\Paths))
DEBUG - 2025-12-13 05:50:04 --> Session: Class initialized using 'CodeIgniter\Session\Handlers\FileHandler' driver.
WARNING - 2025-12-13 05:50:04 --> [DEPRECATED] Creation of dynamic property App\Controllers\Notifications::$data is deprecated in APPPATH\Controllers\BaseController.php on line 76.
 1 APPPATH\Controllers\BaseController.php(59): App\Controllers\BaseController->loadNotificationData()
 2 SYSTEMPATH\CodeIgniter.php(904): App\Controllers\BaseController->initController(Object(CodeIgniter\HTTP\IncomingRequest), Object(CodeIgniter\HTTP\Response), Object(CodeIgniter\Log\Logger))
 3 SYSTEMPATH\CodeIgniter.php(498): CodeIgniter\CodeIgniter->createController()
 4 SYSTEMPATH\CodeIgniter.php(354): CodeIgniter\CodeIgniter->handleRequest(null, Object(Config\Cache), false)
 5 SYSTEMPATH\Boot.php(363): CodeIgniter\CodeIgniter->run()
 6 SYSTEMPATH\Boot.php(68): CodeIgniter\Boot::runCodeIgniter(Object(CodeIgniter\CodeIgniter))
 7 FCPATH\index.php(59): CodeIgniter\Boot::bootWeb(Object(Config\Paths))
DEBUG - 2025-12-13 05:50:25 --> Session: Class initialized using 'CodeIgniter\Session\Handlers\FileHandler' driver.
WARNING - 2025-12-13 05:50:25 --> [DEPRECATED] Creation of dynamic property App\Controllers\Notifications::$data is deprecated in APPPATH\Controllers\BaseController.php on line 74.
 1 APPPATH\Controllers\BaseController.php(59): App\Controllers\BaseController->loadNotificationData()
 2 SYSTEMPATH\CodeIgniter.php(904): App\Controllers\BaseController->initController(Object(CodeIgniter\HTTP\IncomingRequest), Object(CodeIgniter\HTTP\Response), Object(CodeIgniter\Log\Logger))
 3 SYSTEMPATH\CodeIgniter.php(498): CodeIgniter\CodeIgniter->createController()
 4 SYSTEMPATH\CodeIgniter.php(354): CodeIgniter\CodeIgniter->handleRequest(null, Object(Config\Cache), false)
 5 SYSTEMPATH\Boot.php(363): CodeIgniter\CodeIgniter->run()
 6 SYSTEMPATH\Boot.php(68): CodeIgniter\Boot::runCodeIgniter(Object(CodeIgniter\CodeIgniter))
 7 FCPATH\index.php(59): CodeIgniter\Boot::bootWeb(Object(Config\Paths))
DEBUG - 2025-12-13 05:51:05 --> Session: Class initialized using 'CodeIgniter\Session\Handlers\FileHandler' driver.
WARNING - 2025-12-13 05:51:05 --> [DEPRECATED] Creation of dynamic property App\Controllers\Notifications::$data is deprecated in APPPATH\Controllers\BaseController.php on line 76.
 1 APPPATH\Controllers\BaseController.php(59): App\Controllers\BaseController->loadNotificationData()
 2 SYSTEMPATH\CodeIgniter.php(904): App\Controllers\BaseController->initController(Object(CodeIgniter\HTTP\IncomingRequest), Object(CodeIgniter\HTTP\Response), Object(CodeIgniter\Log\Logger))
 3 SYSTEMPATH\CodeIgniter.php(498): CodeIgniter\CodeIgniter->createController()
 4 SYSTEMPATH\CodeIgniter.php(354): CodeIgniter\CodeIgniter->handleRequest(null, Object(Config\Cache), false)
 5 SYSTEMPATH\Boot.php(363): CodeIgniter\CodeIgniter->run()
 6 SYSTEMPATH\Boot.php(68): CodeIgniter\Boot::runCodeIgniter(Object(CodeIgniter\CodeIgniter))
 7 FCPATH\index.php(59): CodeIgniter\Boot::bootWeb(Object(Config\Paths))
DEBUG - 2025-12-13 05:51:26 --> Session: Class initialized using 'CodeIgniter\Session\Handlers\FileHandler' driver.
WARNING - 2025-12-13 05:51:26 --> [DEPRECATED] Creation of dynamic property App\Controllers\Notifications::$data is deprecated in APPPATH\Controllers\BaseController.php on line 74.
 1 APPPATH\Controllers\BaseController.php(59): App\Controllers\BaseController->loadNotificationData()
 2 SYSTEMPATH\CodeIgniter.php(904): App\Controllers\BaseController->initController(Object(CodeIgniter\HTTP\IncomingRequest), Object(CodeIgniter\HTTP\Response), Object(CodeIgniter\Log\Logger))
 3 SYSTEMPATH\CodeIgniter.php(498): CodeIgniter\CodeIgniter->createController()
 4 SYSTEMPATH\CodeIgniter.php(354): CodeIgniter\CodeIgniter->handleRequest(null, Object(Config\Cache), false)
 5 SYSTEMPATH\Boot.php(363): CodeIgniter\CodeIgniter->run()
 6 SYSTEMPATH\Boot.php(68): CodeIgniter\Boot::runCodeIgniter(Object(CodeIgniter\CodeIgniter))
 7 FCPATH\index.php(59): CodeIgniter\Boot::bootWeb(Object(Config\Paths))
DEBUG - 2025-12-13 05:52:05 --> Session: Class initialized using 'CodeIgniter\Session\Handlers\FileHandler' driver.
WARNING - 2025-12-13 05:52:05 --> [DEPRECATED] Creation of dynamic property App\Controllers\Notifications::$data is deprecated in APPPATH\Controllers\BaseController.php on line 76.
 1 APPPATH\Controllers\BaseController.php(59): App\Controllers\BaseController->loadNotificationData()
 2 SYSTEMPATH\CodeIgniter.php(904): App\Controllers\BaseController->initController(Object(CodeIgniter\HTTP\IncomingRequest), Object(CodeIgniter\HTTP\Response), Object(CodeIgniter\Log\Logger))
 3 SYSTEMPATH\CodeIgniter.php(498): CodeIgniter\CodeIgniter->createController()
 4 SYSTEMPATH\CodeIgniter.php(354): CodeIgniter\CodeIgniter->handleRequest(null, Object(Config\Cache), false)
 5 SYSTEMPATH\Boot.php(363): CodeIgniter\CodeIgniter->run()
 6 SYSTEMPATH\Boot.php(68): CodeIgniter\Boot::runCodeIgniter(Object(CodeIgniter\CodeIgniter))
 7 FCPATH\index.php(59): CodeIgniter\Boot::bootWeb(Object(Config\Paths))
DEBUG - 2025-12-13 05:52:27 --> Session: Class initialized using 'CodeIgniter\Session\Handlers\FileHandler' driver.
WARNING - 2025-12-13 05:52:27 --> [DEPRECATED] Creation of dynamic property App\Controllers\Notifications::$data is deprecated in APPPATH\Controllers\BaseController.php on line 74.
 1 APPPATH\Controllers\BaseController.php(59): App\Controllers\BaseController->loadNotificationData()
 2 SYSTEMPATH\CodeIgniter.php(904): App\Controllers\BaseController->initController(Object(CodeIgniter\HTTP\IncomingRequest), Object(CodeIgniter\HTTP\Response), Object(CodeIgniter\Log\Logger))
 3 SYSTEMPATH\CodeIgniter.php(498): CodeIgniter\CodeIgniter->createController()
 4 SYSTEMPATH\CodeIgniter.php(354): CodeIgniter\CodeIgniter->handleRequest(null, Object(Config\Cache), false)
 5 SYSTEMPATH\Boot.php(363): CodeIgniter\CodeIgniter->run()
 6 SYSTEMPATH\Boot.php(68): CodeIgniter\Boot::runCodeIgniter(Object(CodeIgniter\CodeIgniter))
 7 FCPATH\index.php(59): CodeIgniter\Boot::bootWeb(Object(Config\Paths))
DEBUG - 2025-12-13 05:53:05 --> Session: Class initialized using 'CodeIgniter\Session\Handlers\FileHandler' driver.
WARNING - 2025-12-13 05:53:05 --> [DEPRECATED] Creation of dynamic property App\Controllers\Notifications::$data is deprecated in APPPATH\Controllers\BaseController.php on line 76.
 1 APPPATH\Controllers\BaseController.php(59): App\Controllers\BaseController->loadNotificationData()
 2 SYSTEMPATH\CodeIgniter.php(904): App\Controllers\BaseController->initController(Object(CodeIgniter\HTTP\IncomingRequest), Object(CodeIgniter\HTTP\Response), Object(CodeIgniter\Log\Logger))
 3 SYSTEMPATH\CodeIgniter.php(498): CodeIgniter\CodeIgniter->createController()
 4 SYSTEMPATH\CodeIgniter.php(354): CodeIgniter\CodeIgniter->handleRequest(null, Object(Config\Cache), false)
 5 SYSTEMPATH\Boot.php(363): CodeIgniter\CodeIgniter->run()
 6 SYSTEMPATH\Boot.php(68): CodeIgniter\Boot::runCodeIgniter(Object(CodeIgniter\CodeIgniter))
 7 FCPATH\index.php(59): CodeIgniter\Boot::bootWeb(Object(Config\Paths))
DEBUG - 2025-12-13 05:53:28 --> Session: Class initialized using 'CodeIgniter\Session\Handlers\FileHandler' driver.
WARNING - 2025-12-13 05:53:28 --> [DEPRECATED] Creation of dynamic property App\Controllers\Notifications::$data is deprecated in APPPATH\Controllers\BaseController.php on line 74.
 1 APPPATH\Controllers\BaseController.php(59): App\Controllers\BaseController->loadNotificationData()
 2 SYSTEMPATH\CodeIgniter.php(904): App\Controllers\BaseController->initController(Object(CodeIgniter\HTTP\IncomingRequest), Object(CodeIgniter\HTTP\Response), Object(CodeIgniter\Log\Logger))
 3 SYSTEMPATH\CodeIgniter.php(498): CodeIgniter\CodeIgniter->createController()
 4 SYSTEMPATH\CodeIgniter.php(354): CodeIgniter\CodeIgniter->handleRequest(null, Object(Config\Cache), false)
 5 SYSTEMPATH\Boot.php(363): CodeIgniter\CodeIgniter->run()
 6 SYSTEMPATH\Boot.php(68): CodeIgniter\Boot::runCodeIgniter(Object(CodeIgniter\CodeIgniter))
 7 FCPATH\index.php(59): CodeIgniter\Boot::bootWeb(Object(Config\Paths))
DEBUG - 2025-12-13 05:54:05 --> Session: Class initialized using 'CodeIgniter\Session\Handlers\FileHandler' driver.
WARNING - 2025-12-13 05:54:05 --> [DEPRECATED] Creation of dynamic property App\Controllers\Notifications::$data is deprecated in APPPATH\Controllers\BaseController.php on line 76.
 1 APPPATH\Controllers\BaseController.php(59): App\Controllers\BaseController->loadNotificationData()
 2 SYSTEMPATH\CodeIgniter.php(904): App\Controllers\BaseController->initController(Object(CodeIgniter\HTTP\IncomingRequest), Object(CodeIgniter\HTTP\Response), Object(CodeIgniter\Log\Logger))
 3 SYSTEMPATH\CodeIgniter.php(498): CodeIgniter\CodeIgniter->createController()
 4 SYSTEMPATH\CodeIgniter.php(354): CodeIgniter\CodeIgniter->handleRequest(null, Object(Config\Cache), false)
 5 SYSTEMPATH\Boot.php(363): CodeIgniter\CodeIgniter->run()
 6 SYSTEMPATH\Boot.php(68): CodeIgniter\Boot::runCodeIgniter(Object(CodeIgniter\CodeIgniter))
 7 FCPATH\index.php(59): CodeIgniter\Boot::bootWeb(Object(Config\Paths))
DEBUG - 2025-12-13 05:54:29 --> Session: Class initialized using 'CodeIgniter\Session\Handlers\FileHandler' driver.
WARNING - 2025-12-13 05:54:29 --> [DEPRECATED] Creation of dynamic property App\Controllers\Notifications::$data is deprecated in APPPATH\Controllers\BaseController.php on line 74.
 1 APPPATH\Controllers\BaseController.php(59): App\Controllers\BaseController->loadNotificationData()
 2 SYSTEMPATH\CodeIgniter.php(904): App\Controllers\BaseController->initController(Object(CodeIgniter\HTTP\IncomingRequest), Object(CodeIgniter\HTTP\Response), Object(CodeIgniter\Log\Logger))
 3 SYSTEMPATH\CodeIgniter.php(498): CodeIgniter\CodeIgniter->createController()
 4 SYSTEMPATH\CodeIgniter.php(354): CodeIgniter\CodeIgniter->handleRequest(null, Object(Config\Cache), false)
 5 SYSTEMPATH\Boot.php(363): CodeIgniter\CodeIgniter->run()
 6 SYSTEMPATH\Boot.php(68): CodeIgniter\Boot::runCodeIgniter(Object(CodeIgniter\CodeIgniter))
 7 FCPATH\index.php(59): CodeIgniter\Boot::bootWeb(Object(Config\Paths))
DEBUG - 2025-12-13 05:55:05 --> Session: Class initialized using 'CodeIgniter\Session\Handlers\FileHandler' driver.
WARNING - 2025-12-13 05:55:05 --> [DEPRECATED] Creation of dynamic property App\Controllers\Notifications::$data is deprecated in APPPATH\Controllers\BaseController.php on line 76.
 1 APPPATH\Controllers\BaseController.php(59): App\Controllers\BaseController->loadNotificationData()
 2 SYSTEMPATH\CodeIgniter.php(904): App\Controllers\BaseController->initController(Object(CodeIgniter\HTTP\IncomingRequest), Object(CodeIgniter\HTTP\Response), Object(CodeIgniter\Log\Logger))
 3 SYSTEMPATH\CodeIgniter.php(498): CodeIgniter\CodeIgniter->createController()
 4 SYSTEMPATH\CodeIgniter.php(354): CodeIgniter\CodeIgniter->handleRequest(null, Object(Config\Cache), false)
 5 SYSTEMPATH\Boot.php(363): CodeIgniter\CodeIgniter->run()
 6 SYSTEMPATH\Boot.php(68): CodeIgniter\Boot::runCodeIgniter(Object(CodeIgniter\CodeIgniter))
 7 FCPATH\index.php(59): CodeIgniter\Boot::bootWeb(Object(Config\Paths))
DEBUG - 2025-12-13 05:55:38 --> Session: Class initialized using 'CodeIgniter\Session\Handlers\FileHandler' driver.
WARNING - 2025-12-13 05:55:38 --> [DEPRECATED] Creation of dynamic property App\Controllers\Notifications::$data is deprecated in APPPATH\Controllers\BaseController.php on line 74.
 1 APPPATH\Controllers\BaseController.php(59): App\Controllers\BaseController->loadNotificationData()
 2 SYSTEMPATH\CodeIgniter.php(904): App\Controllers\BaseController->initController(Object(CodeIgniter\HTTP\IncomingRequest), Object(CodeIgniter\HTTP\Response), Object(CodeIgniter\Log\Logger))
 3 SYSTEMPATH\CodeIgniter.php(498): CodeIgniter\CodeIgniter->createController()
 4 SYSTEMPATH\CodeIgniter.php(354): CodeIgniter\CodeIgniter->handleRequest(null, Object(Config\Cache), false)
 5 SYSTEMPATH\Boot.php(363): CodeIgniter\CodeIgniter->run()
 6 SYSTEMPATH\Boot.php(68): CodeIgniter\Boot::runCodeIgniter(Object(CodeIgniter\CodeIgniter))
 7 FCPATH\index.php(59): CodeIgniter\Boot::bootWeb(Object(Config\Paths))
DEBUG - 2025-12-13 05:56:05 --> Session: Class initialized using 'CodeIgniter\Session\Handlers\FileHandler' driver.
WARNING - 2025-12-13 05:56:05 --> [DEPRECATED] Creation of dynamic property App\Controllers\Notifications::$data is deprecated in APPPATH\Controllers\BaseController.php on line 76.
 1 APPPATH\Controllers\BaseController.php(59): App\Controllers\BaseController->loadNotificationData()
 2 SYSTEMPATH\CodeIgniter.php(904): App\Controllers\BaseController->initController(Object(CodeIgniter\HTTP\IncomingRequest), Object(CodeIgniter\HTTP\Response), Object(CodeIgniter\Log\Logger))
 3 SYSTEMPATH\CodeIgniter.php(498): CodeIgniter\CodeIgniter->createController()
 4 SYSTEMPATH\CodeIgniter.php(354): CodeIgniter\CodeIgniter->handleRequest(null, Object(Config\Cache), false)
 5 SYSTEMPATH\Boot.php(363): CodeIgniter\CodeIgniter->run()
 6 SYSTEMPATH\Boot.php(68): CodeIgniter\Boot::runCodeIgniter(Object(CodeIgniter\CodeIgniter))
 7 FCPATH\index.php(59): CodeIgniter\Boot::bootWeb(Object(Config\Paths))
DEBUG - 2025-12-13 05:56:31 --> Session: Class initialized using 'CodeIgniter\Session\Handlers\FileHandler' driver.
WARNING - 2025-12-13 05:56:31 --> [DEPRECATED] Creation of dynamic property App\Controllers\Notifications::$data is deprecated in APPPATH\Controllers\BaseController.php on line 74.
 1 APPPATH\Controllers\BaseController.php(59): App\Controllers\BaseController->loadNotificationData()
 2 SYSTEMPATH\CodeIgniter.php(904): App\Controllers\BaseController->initController(Object(CodeIgniter\HTTP\IncomingRequest), Object(CodeIgniter\HTTP\Response), Object(CodeIgniter\Log\Logger))
 3 SYSTEMPATH\CodeIgniter.php(498): CodeIgniter\CodeIgniter->createController()
 4 SYSTEMPATH\CodeIgniter.php(354): CodeIgniter\CodeIgniter->handleRequest(null, Object(Config\Cache), false)
 5 SYSTEMPATH\Boot.php(363): CodeIgniter\CodeIgniter->run()
 6 SYSTEMPATH\Boot.php(68): CodeIgniter\Boot::runCodeIgniter(Object(CodeIgniter\CodeIgniter))
 7 FCPATH\index.php(59): CodeIgniter\Boot::bootWeb(Object(Config\Paths))
DEBUG - 2025-12-13 05:57:05 --> Session: Class initialized using 'CodeIgniter\Session\Handlers\FileHandler' driver.
WARNING - 2025-12-13 05:57:05 --> [DEPRECATED] Creation of dynamic property App\Controllers\Notifications::$data is deprecated in APPPATH\Controllers\BaseController.php on line 76.
 1 APPPATH\Controllers\BaseController.php(59): App\Controllers\BaseController->loadNotificationData()
 2 SYSTEMPATH\CodeIgniter.php(904): App\Controllers\BaseController->initController(Object(CodeIgniter\HTTP\IncomingRequest), Object(CodeIgniter\HTTP\Response), Object(CodeIgniter\Log\Logger))
 3 SYSTEMPATH\CodeIgniter.php(498): CodeIgniter\CodeIgniter->createController()
 4 SYSTEMPATH\CodeIgniter.php(354): CodeIgniter\CodeIgniter->handleRequest(null, Object(Config\Cache), false)
 5 SYSTEMPATH\Boot.php(363): CodeIgniter\CodeIgniter->run()
 6 SYSTEMPATH\Boot.php(68): CodeIgniter\Boot::runCodeIgniter(Object(CodeIgniter\CodeIgniter))
 7 FCPATH\index.php(59): CodeIgniter\Boot::bootWeb(Object(Config\Paths))
DEBUG - 2025-12-13 05:57:32 --> Session: Class initialized using 'CodeIgniter\Session\Handlers\FileHandler' driver.
WARNING - 2025-12-13 05:57:32 --> [DEPRECATED] Creation of dynamic property App\Controllers\Notifications::$data is deprecated in APPPATH\Controllers\BaseController.php on line 74.
 1 APPPATH\Controllers\BaseController.php(59): App\Controllers\BaseController->loadNotificationData()
 2 SYSTEMPATH\CodeIgniter.php(904): App\Controllers\BaseController->initController(Object(CodeIgniter\HTTP\IncomingRequest), Object(CodeIgniter\HTTP\Response), Object(CodeIgniter\Log\Logger))
 3 SYSTEMPATH\CodeIgniter.php(498): CodeIgniter\CodeIgniter->createController()
 4 SYSTEMPATH\CodeIgniter.php(354): CodeIgniter\CodeIgniter->handleRequest(null, Object(Config\Cache), false)
 5 SYSTEMPATH\Boot.php(363): CodeIgniter\CodeIgniter->run()
 6 SYSTEMPATH\Boot.php(68): CodeIgniter\Boot::runCodeIgniter(Object(CodeIgniter\CodeIgniter))
 7 FCPATH\index.php(59): CodeIgniter\Boot::bootWeb(Object(Config\Paths))
DEBUG - 2025-12-13 05:58:05 --> Session: Class initialized using 'CodeIgniter\Session\Handlers\FileHandler' driver.
WARNING - 2025-12-13 05:58:05 --> [DEPRECATED] Creation of dynamic property App\Controllers\Notifications::$data is deprecated in APPPATH\Controllers\BaseController.php on line 76.
 1 APPPATH\Controllers\BaseController.php(59): App\Controllers\BaseController->loadNotificationData()
 2 SYSTEMPATH\CodeIgniter.php(904): App\Controllers\BaseController->initController(Object(CodeIgniter\HTTP\IncomingRequest), Object(CodeIgniter\HTTP\Response), Object(CodeIgniter\Log\Logger))
 3 SYSTEMPATH\CodeIgniter.php(498): CodeIgniter\CodeIgniter->createController()
 4 SYSTEMPATH\CodeIgniter.php(354): CodeIgniter\CodeIgniter->handleRequest(null, Object(Config\Cache), false)
 5 SYSTEMPATH\Boot.php(363): CodeIgniter\CodeIgniter->run()
 6 SYSTEMPATH\Boot.php(68): CodeIgniter\Boot::runCodeIgniter(Object(CodeIgniter\CodeIgniter))
 7 FCPATH\index.php(59): CodeIgniter\Boot::bootWeb(Object(Config\Paths))
DEBUG - 2025-12-13 05:58:33 --> Session: Class initialized using 'CodeIgniter\Session\Handlers\FileHandler' driver.
WARNING - 2025-12-13 05:58:33 --> [DEPRECATED] Creation of dynamic property App\Controllers\Notifications::$data is deprecated in APPPATH\Controllers\BaseController.php on line 74.
 1 APPPATH\Controllers\BaseController.php(59): App\Controllers\BaseController->loadNotificationData()
 2 SYSTEMPATH\CodeIgniter.php(904): App\Controllers\BaseController->initController(Object(CodeIgniter\HTTP\IncomingRequest), Object(CodeIgniter\HTTP\Response), Object(CodeIgniter\Log\Logger))
 3 SYSTEMPATH\CodeIgniter.php(498): CodeIgniter\CodeIgniter->createController()
 4 SYSTEMPATH\CodeIgniter.php(354): CodeIgniter\CodeIgniter->handleRequest(null, Object(Config\Cache), false)
 5 SYSTEMPATH\Boot.php(363): CodeIgniter\CodeIgniter->run()
 6 SYSTEMPATH\Boot.php(68): CodeIgniter\Boot::runCodeIgniter(Object(CodeIgniter\CodeIgniter))
 7 FCPATH\index.php(59): CodeIgniter\Boot::bootWeb(Object(Config\Paths))
DEBUG - 2025-12-13 05:59:05 --> Session: Class initialized using 'CodeIgniter\Session\Handlers\FileHandler' driver.
WARNING - 2025-12-13 05:59:05 --> [DEPRECATED] Creation of dynamic property App\Controllers\Notifications::$data is deprecated in APPPATH\Controllers\BaseController.php on line 76.
 1 APPPATH\Controllers\BaseController.php(59): App\Controllers\BaseController->loadNotificationData()
 2 SYSTEMPATH\CodeIgniter.php(904): App\Controllers\BaseController->initController(Object(CodeIgniter\HTTP\IncomingRequest), Object(CodeIgniter\HTTP\Response), Object(CodeIgniter\Log\Logger))
 3 SYSTEMPATH\CodeIgniter.php(498): CodeIgniter\CodeIgniter->createController()
 4 SYSTEMPATH\CodeIgniter.php(354): CodeIgniter\CodeIgniter->handleRequest(null, Object(Config\Cache), false)
 5 SYSTEMPATH\Boot.php(363): CodeIgniter\CodeIgniter->run()
 6 SYSTEMPATH\Boot.php(68): CodeIgniter\Boot::runCodeIgniter(Object(CodeIgniter\CodeIgniter))
 7 FCPATH\index.php(59): CodeIgniter\Boot::bootWeb(Object(Config\Paths))
DEBUG - 2025-12-13 06:04:12 --> Session: Class initialized using 'CodeIgniter\Session\Handlers\FileHandler' driver.
DEBUG - 2025-12-13 06:04:12 --> Session: Class initialized using 'CodeIgniter\Session\Handlers\FileHandler' driver.
WARNING - 2025-12-13 06:04:12 --> [DEPRECATED] Creation of dynamic property App\Controllers\Notifications::$data is deprecated in APPPATH\Controllers\BaseController.php on line 76.
 1 APPPATH\Controllers\BaseController.php(59): App\Controllers\BaseController->loadNotificationData()
 2 SYSTEMPATH\CodeIgniter.php(904): App\Controllers\BaseController->initController(Object(CodeIgniter\HTTP\IncomingRequest), Object(CodeIgniter\HTTP\Response), Object(CodeIgniter\Log\Logger))
 3 SYSTEMPATH\CodeIgniter.php(498): CodeIgniter\CodeIgniter->createController()
 4 SYSTEMPATH\CodeIgniter.php(354): CodeIgniter\CodeIgniter->handleRequest(null, Object(Config\Cache), false)
 5 SYSTEMPATH\Boot.php(363): CodeIgniter\CodeIgniter->run()
 6 SYSTEMPATH\Boot.php(68): CodeIgniter\Boot::runCodeIgniter(Object(CodeIgniter\CodeIgniter))
 7 FCPATH\index.php(59): CodeIgniter\Boot::bootWeb(Object(Config\Paths))
WARNING - 2025-12-13 06:04:12 --> [DEPRECATED] Creation of dynamic property App\Controllers\Notifications::$data is deprecated in APPPATH\Controllers\BaseController.php on line 74.
 1 APPPATH\Controllers\BaseController.php(59): App\Controllers\BaseController->loadNotificationData()
 2 SYSTEMPATH\CodeIgniter.php(904): App\Controllers\BaseController->initController(Object(CodeIgniter\HTTP\IncomingRequest), Object(CodeIgniter\HTTP\Response), Object(CodeIgniter\Log\Logger))
 3 SYSTEMPATH\CodeIgniter.php(498): CodeIgniter\CodeIgniter->createController()
 4 SYSTEMPATH\CodeIgniter.php(354): CodeIgniter\CodeIgniter->handleRequest(null, Object(Config\Cache), false)
 5 SYSTEMPATH\Boot.php(363): CodeIgniter\CodeIgniter->run()
 6 SYSTEMPATH\Boot.php(68): CodeIgniter\Boot::runCodeIgniter(Object(CodeIgniter\CodeIgniter))
 7 FCPATH\index.php(59): CodeIgniter\Boot::bootWeb(Object(Config\Paths))
DEBUG - 2025-12-13 06:04:31 --> Session: Class initialized using 'CodeIgniter\Session\Handlers\FileHandler' driver.
WARNING - 2025-12-13 06:04:31 --> [DEPRECATED] Creation of dynamic property App\Controllers\Notifications::$data is deprecated in APPPATH\Controllers\BaseController.php on line 74.
 1 APPPATH\Controllers\BaseController.php(59): App\Controllers\BaseController->loadNotificationData()
 2 SYSTEMPATH\CodeIgniter.php(904): App\Controllers\BaseController->initController(Object(CodeIgniter\HTTP\IncomingRequest), Object(CodeIgniter\HTTP\Response), Object(CodeIgniter\Log\Logger))
 3 SYSTEMPATH\CodeIgniter.php(498): CodeIgniter\CodeIgniter->createController()
 4 SYSTEMPATH\CodeIgniter.php(354): CodeIgniter\CodeIgniter->handleRequest(null, Object(Config\Cache), false)
 5 SYSTEMPATH\Boot.php(363): CodeIgniter\CodeIgniter->run()
 6 SYSTEMPATH\Boot.php(68): CodeIgniter\Boot::runCodeIgniter(Object(CodeIgniter\CodeIgniter))
 7 FCPATH\index.php(59): CodeIgniter\Boot::bootWeb(Object(Config\Paths))
DEBUG - 2025-12-13 06:04:47 --> Session: Class initialized using 'CodeIgniter\Session\Handlers\FileHandler' driver.
WARNING - 2025-12-13 06:04:47 --> [DEPRECATED] Creation of dynamic property App\Controllers\Notifications::$data is deprecated in APPPATH\Controllers\BaseController.php on line 76.
 1 APPPATH\Controllers\BaseController.php(59): App\Controllers\BaseController->loadNotificationData()
 2 SYSTEMPATH\CodeIgniter.php(904): App\Controllers\BaseController->initController(Object(CodeIgniter\HTTP\IncomingRequest), Object(CodeIgniter\HTTP\Response), Object(CodeIgniter\Log\Logger))
 3 SYSTEMPATH\CodeIgniter.php(498): CodeIgniter\CodeIgniter->createController()
 4 SYSTEMPATH\CodeIgniter.php(354): CodeIgniter\CodeIgniter->handleRequest(null, Object(Config\Cache), false)
 5 SYSTEMPATH\Boot.php(363): CodeIgniter\CodeIgniter->run()
 6 SYSTEMPATH\Boot.php(68): CodeIgniter\Boot::runCodeIgniter(Object(CodeIgniter\CodeIgniter))
 7 FCPATH\index.php(59): CodeIgniter\Boot::bootWeb(Object(Config\Paths))
DEBUG - 2025-12-13 06:05:20 --> Session: Class initialized using 'CodeIgniter\Session\Handlers\FileHandler' driver.
WARNING - 2025-12-13 06:05:20 --> [DEPRECATED] Creation of dynamic property App\Controllers\Notifications::$data is deprecated in APPPATH\Controllers\BaseController.php on line 74.
 1 APPPATH\Controllers\BaseController.php(59): App\Controllers\BaseController->loadNotificationData()
 2 SYSTEMPATH\CodeIgniter.php(904): App\Controllers\BaseController->initController(Object(CodeIgniter\HTTP\IncomingRequest), Object(CodeIgniter\HTTP\Response), Object(CodeIgniter\Log\Logger))
 3 SYSTEMPATH\CodeIgniter.php(498): CodeIgniter\CodeIgniter->createController()
 4 SYSTEMPATH\CodeIgniter.php(354): CodeIgniter\CodeIgniter->handleRequest(null, Object(Config\Cache), false)
 5 SYSTEMPATH\Boot.php(363): CodeIgniter\CodeIgniter->run()
 6 SYSTEMPATH\Boot.php(68): CodeIgniter\Boot::runCodeIgniter(Object(CodeIgniter\CodeIgniter))
 7 FCPATH\index.php(59): CodeIgniter\Boot::bootWeb(Object(Config\Paths))
DEBUG - 2025-12-13 06:05:48 --> Session: Class initialized using 'CodeIgniter\Session\Handlers\FileHandler' driver.
WARNING - 2025-12-13 06:05:48 --> [DEPRECATED] Creation of dynamic property App\Controllers\Notifications::$data is deprecated in APPPATH\Controllers\BaseController.php on line 76.
 1 APPPATH\Controllers\BaseController.php(59): App\Controllers\BaseController->loadNotificationData()
 2 SYSTEMPATH\CodeIgniter.php(904): App\Controllers\BaseController->initController(Object(CodeIgniter\HTTP\IncomingRequest), Object(CodeIgniter\HTTP\Response), Object(CodeIgniter\Log\Logger))
 3 SYSTEMPATH\CodeIgniter.php(498): CodeIgniter\CodeIgniter->createController()
 4 SYSTEMPATH\CodeIgniter.php(354): CodeIgniter\CodeIgniter->handleRequest(null, Object(Config\Cache), false)
 5 SYSTEMPATH\Boot.php(363): CodeIgniter\CodeIgniter->run()
 6 SYSTEMPATH\Boot.php(68): CodeIgniter\Boot::runCodeIgniter(Object(CodeIgniter\CodeIgniter))
 7 FCPATH\index.php(59): CodeIgniter\Boot::bootWeb(Object(Config\Paths))
DEBUG - 2025-12-13 06:06:21 --> Session: Class initialized using 'CodeIgniter\Session\Handlers\FileHandler' driver.
WARNING - 2025-12-13 06:06:21 --> [DEPRECATED] Creation of dynamic property App\Controllers\Notifications::$data is deprecated in APPPATH\Controllers\BaseController.php on line 74.
 1 APPPATH\Controllers\BaseController.php(59): App\Controllers\BaseController->loadNotificationData()
 2 SYSTEMPATH\CodeIgniter.php(904): App\Controllers\BaseController->initController(Object(CodeIgniter\HTTP\IncomingRequest), Object(CodeIgniter\HTTP\Response), Object(CodeIgniter\Log\Logger))
 3 SYSTEMPATH\CodeIgniter.php(498): CodeIgniter\CodeIgniter->createController()
 4 SYSTEMPATH\CodeIgniter.php(354): CodeIgniter\CodeIgniter->handleRequest(null, Object(Config\Cache), false)
 5 SYSTEMPATH\Boot.php(363): CodeIgniter\CodeIgniter->run()
 6 SYSTEMPATH\Boot.php(68): CodeIgniter\Boot::runCodeIgniter(Object(CodeIgniter\CodeIgniter))
 7 FCPATH\index.php(59): CodeIgniter\Boot::bootWeb(Object(Config\Paths))
DEBUG - 2025-12-13 06:06:49 --> Session: Class initialized using 'CodeIgniter\Session\Handlers\FileHandler' driver.
WARNING - 2025-12-13 06:06:49 --> [DEPRECATED] Creation of dynamic property App\Controllers\Notifications::$data is deprecated in APPPATH\Controllers\BaseController.php on line 76.
 1 APPPATH\Controllers\BaseController.php(59): App\Controllers\BaseController->loadNotificationData()
 2 SYSTEMPATH\CodeIgniter.php(904): App\Controllers\BaseController->initController(Object(CodeIgniter\HTTP\IncomingRequest), Object(CodeIgniter\HTTP\Response), Object(CodeIgniter\Log\Logger))
 3 SYSTEMPATH\CodeIgniter.php(498): CodeIgniter\CodeIgniter->createController()
 4 SYSTEMPATH\CodeIgniter.php(354): CodeIgniter\CodeIgniter->handleRequest(null, Object(Config\Cache), false)
 5 SYSTEMPATH\Boot.php(363): CodeIgniter\CodeIgniter->run()
 6 SYSTEMPATH\Boot.php(68): CodeIgniter\Boot::runCodeIgniter(Object(CodeIgniter\CodeIgniter))
 7 FCPATH\index.php(59): CodeIgniter\Boot::bootWeb(Object(Config\Paths))
DEBUG - 2025-12-13 06:07:22 --> Session: Class initialized using 'CodeIgniter\Session\Handlers\FileHandler' driver.
WARNING - 2025-12-13 06:07:22 --> [DEPRECATED] Creation of dynamic property App\Controllers\Notifications::$data is deprecated in APPPATH\Controllers\BaseController.php on line 74.
 1 APPPATH\Controllers\BaseController.php(59): App\Controllers\BaseController->loadNotificationData()
 2 SYSTEMPATH\CodeIgniter.php(904): App\Controllers\BaseController->initController(Object(CodeIgniter\HTTP\IncomingRequest), Object(CodeIgniter\HTTP\Response), Object(CodeIgniter\Log\Logger))
 3 SYSTEMPATH\CodeIgniter.php(498): CodeIgniter\CodeIgniter->createController()
 4 SYSTEMPATH\CodeIgniter.php(354): CodeIgniter\CodeIgniter->handleRequest(null, Object(Config\Cache), false)
 5 SYSTEMPATH\Boot.php(363): CodeIgniter\CodeIgniter->run()
 6 SYSTEMPATH\Boot.php(68): CodeIgniter\Boot::runCodeIgniter(Object(CodeIgniter\CodeIgniter))
 7 FCPATH\index.php(59): CodeIgniter\Boot::bootWeb(Object(Config\Paths))
DEBUG - 2025-12-13 06:07:50 --> Session: Class initialized using 'CodeIgniter\Session\Handlers\FileHandler' driver.
WARNING - 2025-12-13 06:07:50 --> [DEPRECATED] Creation of dynamic property App\Controllers\Notifications::$data is deprecated in APPPATH\Controllers\BaseController.php on line 76.
 1 APPPATH\Controllers\BaseController.php(59): App\Controllers\BaseController->loadNotificationData()
 2 SYSTEMPATH\CodeIgniter.php(904): App\Controllers\BaseController->initController(Object(CodeIgniter\HTTP\IncomingRequest), Object(CodeIgniter\HTTP\Response), Object(CodeIgniter\Log\Logger))
 3 SYSTEMPATH\CodeIgniter.php(498): CodeIgniter\CodeIgniter->createController()
 4 SYSTEMPATH\CodeIgniter.php(354): CodeIgniter\CodeIgniter->handleRequest(null, Object(Config\Cache), false)
 5 SYSTEMPATH\Boot.php(363): CodeIgniter\CodeIgniter->run()
 6 SYSTEMPATH\Boot.php(68): CodeIgniter\Boot::runCodeIgniter(Object(CodeIgniter\CodeIgniter))
 7 FCPATH\index.php(59): CodeIgniter\Boot::bootWeb(Object(Config\Paths))
DEBUG - 2025-12-13 06:08:23 --> Session: Class initialized using 'CodeIgniter\Session\Handlers\FileHandler' driver.
WARNING - 2025-12-13 06:08:23 --> [DEPRECATED] Creation of dynamic property App\Controllers\Notifications::$data is deprecated in APPPATH\Controllers\BaseController.php on line 74.
 1 APPPATH\Controllers\BaseController.php(59): App\Controllers\BaseController->loadNotificationData()
 2 SYSTEMPATH\CodeIgniter.php(904): App\Controllers\BaseController->initController(Object(CodeIgniter\HTTP\IncomingRequest), Object(CodeIgniter\HTTP\Response), Object(CodeIgniter\Log\Logger))
 3 SYSTEMPATH\CodeIgniter.php(498): CodeIgniter\CodeIgniter->createController()
 4 SYSTEMPATH\CodeIgniter.php(354): CodeIgniter\CodeIgniter->handleRequest(null, Object(Config\Cache), false)
 5 SYSTEMPATH\Boot.php(363): CodeIgniter\CodeIgniter->run()
 6 SYSTEMPATH\Boot.php(68): CodeIgniter\Boot::runCodeIgniter(Object(CodeIgniter\CodeIgniter))
 7 FCPATH\index.php(59): CodeIgniter\Boot::bootWeb(Object(Config\Paths))
DEBUG - 2025-12-13 06:08:51 --> Session: Class initialized using 'CodeIgniter\Session\Handlers\FileHandler' driver.
WARNING - 2025-12-13 06:08:51 --> [DEPRECATED] Creation of dynamic property App\Controllers\Notifications::$data is deprecated in APPPATH\Controllers\BaseController.php on line 76.
 1 APPPATH\Controllers\BaseController.php(59): App\Controllers\BaseController->loadNotificationData()
 2 SYSTEMPATH\CodeIgniter.php(904): App\Controllers\BaseController->initController(Object(CodeIgniter\HTTP\IncomingRequest), Object(CodeIgniter\HTTP\Response), Object(CodeIgniter\Log\Logger))
 3 SYSTEMPATH\CodeIgniter.php(498): CodeIgniter\CodeIgniter->createController()
 4 SYSTEMPATH\CodeIgniter.php(354): CodeIgniter\CodeIgniter->handleRequest(null, Object(Config\Cache), false)
 5 SYSTEMPATH\Boot.php(363): CodeIgniter\CodeIgniter->run()
 6 SYSTEMPATH\Boot.php(68): CodeIgniter\Boot::runCodeIgniter(Object(CodeIgniter\CodeIgniter))
 7 FCPATH\index.php(59): CodeIgniter\Boot::bootWeb(Object(Config\Paths))
DEBUG - 2025-12-13 06:09:24 --> Session: Class initialized using 'CodeIgniter\Session\Handlers\FileHandler' driver.
WARNING - 2025-12-13 06:09:24 --> [DEPRECATED] Creation of dynamic property App\Controllers\Notifications::$data is deprecated in APPPATH\Controllers\BaseController.php on line 74.
 1 APPPATH\Controllers\BaseController.php(59): App\Controllers\BaseController->loadNotificationData()
 2 SYSTEMPATH\CodeIgniter.php(904): App\Controllers\BaseController->initController(Object(CodeIgniter\HTTP\IncomingRequest), Object(CodeIgniter\HTTP\Response), Object(CodeIgniter\Log\Logger))
 3 SYSTEMPATH\CodeIgniter.php(498): CodeIgniter\CodeIgniter->createController()
 4 SYSTEMPATH\CodeIgniter.php(354): CodeIgniter\CodeIgniter->handleRequest(null, Object(Config\Cache), false)
 5 SYSTEMPATH\Boot.php(363): CodeIgniter\CodeIgniter->run()
 6 SYSTEMPATH\Boot.php(68): CodeIgniter\Boot::runCodeIgniter(Object(CodeIgniter\CodeIgniter))
 7 FCPATH\index.php(59): CodeIgniter\Boot::bootWeb(Object(Config\Paths))
DEBUG - 2025-12-13 06:09:52 --> Session: Class initialized using 'CodeIgniter\Session\Handlers\FileHandler' driver.
WARNING - 2025-12-13 06:09:52 --> [DEPRECATED] Creation of dynamic property App\Controllers\Notifications::$data is deprecated in APPPATH\Controllers\BaseController.php on line 76.
 1 APPPATH\Controllers\BaseController.php(59): App\Controllers\BaseController->loadNotificationData()
 2 SYSTEMPATH\CodeIgniter.php(904): App\Controllers\BaseController->initController(Object(CodeIgniter\HTTP\IncomingRequest), Object(CodeIgniter\HTTP\Response), Object(CodeIgniter\Log\Logger))
 3 SYSTEMPATH\CodeIgniter.php(498): CodeIgniter\CodeIgniter->createController()
 4 SYSTEMPATH\CodeIgniter.php(354): CodeIgniter\CodeIgniter->handleRequest(null, Object(Config\Cache), false)
 5 SYSTEMPATH\Boot.php(363): CodeIgniter\CodeIgniter->run()
 6 SYSTEMPATH\Boot.php(68): CodeIgniter\Boot::runCodeIgniter(Object(CodeIgniter\CodeIgniter))
 7 FCPATH\index.php(59): CodeIgniter\Boot::bootWeb(Object(Config\Paths))
DEBUG - 2025-12-13 06:10:25 --> Session: Class initialized using 'CodeIgniter\Session\Handlers\FileHandler' driver.
WARNING - 2025-12-13 06:10:25 --> [DEPRECATED] Creation of dynamic property App\Controllers\Notifications::$data is deprecated in APPPATH\Controllers\BaseController.php on line 74.
 1 APPPATH\Controllers\BaseController.php(59): App\Controllers\BaseController->loadNotificationData()
 2 SYSTEMPATH\CodeIgniter.php(904): App\Controllers\BaseController->initController(Object(CodeIgniter\HTTP\IncomingRequest), Object(CodeIgniter\HTTP\Response), Object(CodeIgniter\Log\Logger))
 3 SYSTEMPATH\CodeIgniter.php(498): CodeIgniter\CodeIgniter->createController()
 4 SYSTEMPATH\CodeIgniter.php(354): CodeIgniter\CodeIgniter->handleRequest(null, Object(Config\Cache), false)
 5 SYSTEMPATH\Boot.php(363): CodeIgniter\CodeIgniter->run()
 6 SYSTEMPATH\Boot.php(68): CodeIgniter\Boot::runCodeIgniter(Object(CodeIgniter\CodeIgniter))
 7 FCPATH\index.php(59): CodeIgniter\Boot::bootWeb(Object(Config\Paths))
DEBUG - 2025-12-13 06:10:53 --> Session: Class initialized using 'CodeIgniter\Session\Handlers\FileHandler' driver.
WARNING - 2025-12-13 06:10:53 --> [DEPRECATED] Creation of dynamic property App\Controllers\Notifications::$data is deprecated in APPPATH\Controllers\BaseController.php on line 76.
 1 APPPATH\Controllers\BaseController.php(59): App\Controllers\BaseController->loadNotificationData()
 2 SYSTEMPATH\CodeIgniter.php(904): App\Controllers\BaseController->initController(Object(CodeIgniter\HTTP\IncomingRequest), Object(CodeIgniter\HTTP\Response), Object(CodeIgniter\Log\Logger))
 3 SYSTEMPATH\CodeIgniter.php(498): CodeIgniter\CodeIgniter->createController()
 4 SYSTEMPATH\CodeIgniter.php(354): CodeIgniter\CodeIgniter->handleRequest(null, Object(Config\Cache), false)
 5 SYSTEMPATH\Boot.php(363): CodeIgniter\CodeIgniter->run()
 6 SYSTEMPATH\Boot.php(68): CodeIgniter\Boot::runCodeIgniter(Object(CodeIgniter\CodeIgniter))
 7 FCPATH\index.php(59): CodeIgniter\Boot::bootWeb(Object(Config\Paths))
DEBUG - 2025-12-13 06:11:26 --> Session: Class initialized using 'CodeIgniter\Session\Handlers\FileHandler' driver.
WARNING - 2025-12-13 06:11:26 --> [DEPRECATED] Creation of dynamic property App\Controllers\Notifications::$data is deprecated in APPPATH\Controllers\BaseController.php on line 74.
 1 APPPATH\Controllers\BaseController.php(59): App\Controllers\BaseController->loadNotificationData()
 2 SYSTEMPATH\CodeIgniter.php(904): App\Controllers\BaseController->initController(Object(CodeIgniter\HTTP\IncomingRequest), Object(CodeIgniter\HTTP\Response), Object(CodeIgniter\Log\Logger))
 3 SYSTEMPATH\CodeIgniter.php(498): CodeIgniter\CodeIgniter->createController()
 4 SYSTEMPATH\CodeIgniter.php(354): CodeIgniter\CodeIgniter->handleRequest(null, Object(Config\Cache), false)
 5 SYSTEMPATH\Boot.php(363): CodeIgniter\CodeIgniter->run()
 6 SYSTEMPATH\Boot.php(68): CodeIgniter\Boot::runCodeIgniter(Object(CodeIgniter\CodeIgniter))
 7 FCPATH\index.php(59): CodeIgniter\Boot::bootWeb(Object(Config\Paths))
DEBUG - 2025-12-13 06:11:54 --> Session: Class initialized using 'CodeIgniter\Session\Handlers\FileHandler' driver.
WARNING - 2025-12-13 06:11:54 --> [DEPRECATED] Creation of dynamic property App\Controllers\Notifications::$data is deprecated in APPPATH\Controllers\BaseController.php on line 76.
 1 APPPATH\Controllers\BaseController.php(59): App\Controllers\BaseController->loadNotificationData()
 2 SYSTEMPATH\CodeIgniter.php(904): App\Controllers\BaseController->initController(Object(CodeIgniter\HTTP\IncomingRequest), Object(CodeIgniter\HTTP\Response), Object(CodeIgniter\Log\Logger))
 3 SYSTEMPATH\CodeIgniter.php(498): CodeIgniter\CodeIgniter->createController()
 4 SYSTEMPATH\CodeIgniter.php(354): CodeIgniter\CodeIgniter->handleRequest(null, Object(Config\Cache), false)
 5 SYSTEMPATH\Boot.php(363): CodeIgniter\CodeIgniter->run()
 6 SYSTEMPATH\Boot.php(68): CodeIgniter\Boot::runCodeIgniter(Object(CodeIgniter\CodeIgniter))
 7 FCPATH\index.php(59): CodeIgniter\Boot::bootWeb(Object(Config\Paths))
DEBUG - 2025-12-13 06:12:27 --> Session: Class initialized using 'CodeIgniter\Session\Handlers\FileHandler' driver.
WARNING - 2025-12-13 06:12:27 --> [DEPRECATED] Creation of dynamic property App\Controllers\Notifications::$data is deprecated in APPPATH\Controllers\BaseController.php on line 74.
 1 APPPATH\Controllers\BaseController.php(59): App\Controllers\BaseController->loadNotificationData()
 2 SYSTEMPATH\CodeIgniter.php(904): App\Controllers\BaseController->initController(Object(CodeIgniter\HTTP\IncomingRequest), Object(CodeIgniter\HTTP\Response), Object(CodeIgniter\Log\Logger))
 3 SYSTEMPATH\CodeIgniter.php(498): CodeIgniter\CodeIgniter->createController()
 4 SYSTEMPATH\CodeIgniter.php(354): CodeIgniter\CodeIgniter->handleRequest(null, Object(Config\Cache), false)
 5 SYSTEMPATH\Boot.php(363): CodeIgniter\CodeIgniter->run()
 6 SYSTEMPATH\Boot.php(68): CodeIgniter\Boot::runCodeIgniter(Object(CodeIgniter\CodeIgniter))
 7 FCPATH\index.php(59): CodeIgniter\Boot::bootWeb(Object(Config\Paths))
DEBUG - 2025-12-13 06:12:55 --> Session: Class initialized using 'CodeIgniter\Session\Handlers\FileHandler' driver.
WARNING - 2025-12-13 06:12:55 --> [DEPRECATED] Creation of dynamic property App\Controllers\Notifications::$data is deprecated in APPPATH\Controllers\BaseController.php on line 76.
 1 APPPATH\Controllers\BaseController.php(59): App\Controllers\BaseController->loadNotificationData()
 2 SYSTEMPATH\CodeIgniter.php(904): App\Controllers\BaseController->initController(Object(CodeIgniter\HTTP\IncomingRequest), Object(CodeIgniter\HTTP\Response), Object(CodeIgniter\Log\Logger))
 3 SYSTEMPATH\CodeIgniter.php(498): CodeIgniter\CodeIgniter->createController()
 4 SYSTEMPATH\CodeIgniter.php(354): CodeIgniter\CodeIgniter->handleRequest(null, Object(Config\Cache), false)
 5 SYSTEMPATH\Boot.php(363): CodeIgniter\CodeIgniter->run()
 6 SYSTEMPATH\Boot.php(68): CodeIgniter\Boot::runCodeIgniter(Object(CodeIgniter\CodeIgniter))
 7 FCPATH\index.php(59): CodeIgniter\Boot::bootWeb(Object(Config\Paths))
DEBUG - 2025-12-13 06:13:28 --> Session: Class initialized using 'CodeIgniter\Session\Handlers\FileHandler' driver.
WARNING - 2025-12-13 06:13:28 --> [DEPRECATED] Creation of dynamic property App\Controllers\Notifications::$data is deprecated in APPPATH\Controllers\BaseController.php on line 74.
 1 APPPATH\Controllers\BaseController.php(59): App\Controllers\BaseController->loadNotificationData()
 2 SYSTEMPATH\CodeIgniter.php(904): App\Controllers\BaseController->initController(Object(CodeIgniter\HTTP\IncomingRequest), Object(CodeIgniter\HTTP\Response), Object(CodeIgniter\Log\Logger))
 3 SYSTEMPATH\CodeIgniter.php(498): CodeIgniter\CodeIgniter->createController()
 4 SYSTEMPATH\CodeIgniter.php(354): CodeIgniter\CodeIgniter->handleRequest(null, Object(Config\Cache), false)
 5 SYSTEMPATH\Boot.php(363): CodeIgniter\CodeIgniter->run()
 6 SYSTEMPATH\Boot.php(68): CodeIgniter\Boot::runCodeIgniter(Object(CodeIgniter\CodeIgniter))
 7 FCPATH\index.php(59): CodeIgniter\Boot::bootWeb(Object(Config\Paths))
DEBUG - 2025-12-13 06:13:56 --> Session: Class initialized using 'CodeIgniter\Session\Handlers\FileHandler' driver.
WARNING - 2025-12-13 06:13:56 --> [DEPRECATED] Creation of dynamic property App\Controllers\Notifications::$data is deprecated in APPPATH\Controllers\BaseController.php on line 76.
 1 APPPATH\Controllers\BaseController.php(59): App\Controllers\BaseController->loadNotificationData()
 2 SYSTEMPATH\CodeIgniter.php(904): App\Controllers\BaseController->initController(Object(CodeIgniter\HTTP\IncomingRequest), Object(CodeIgniter\HTTP\Response), Object(CodeIgniter\Log\Logger))
 3 SYSTEMPATH\CodeIgniter.php(498): CodeIgniter\CodeIgniter->createController()
 4 SYSTEMPATH\CodeIgniter.php(354): CodeIgniter\CodeIgniter->handleRequest(null, Object(Config\Cache), false)
 5 SYSTEMPATH\Boot.php(363): CodeIgniter\CodeIgniter->run()
 6 SYSTEMPATH\Boot.php(68): CodeIgniter\Boot::runCodeIgniter(Object(CodeIgniter\CodeIgniter))
 7 FCPATH\index.php(59): CodeIgniter\Boot::bootWeb(Object(Config\Paths))
DEBUG - 2025-12-13 06:14:29 --> Session: Class initialized using 'CodeIgniter\Session\Handlers\FileHandler' driver.
WARNING - 2025-12-13 06:14:29 --> [DEPRECATED] Creation of dynamic property App\Controllers\Notifications::$data is deprecated in APPPATH\Controllers\BaseController.php on line 74.
 1 APPPATH\Controllers\BaseController.php(59): App\Controllers\BaseController->loadNotificationData()
 2 SYSTEMPATH\CodeIgniter.php(904): App\Controllers\BaseController->initController(Object(CodeIgniter\HTTP\IncomingRequest), Object(CodeIgniter\HTTP\Response), Object(CodeIgniter\Log\Logger))
 3 SYSTEMPATH\CodeIgniter.php(498): CodeIgniter\CodeIgniter->createController()
 4 SYSTEMPATH\CodeIgniter.php(354): CodeIgniter\CodeIgniter->handleRequest(null, Object(Config\Cache), false)
 5 SYSTEMPATH\Boot.php(363): CodeIgniter\CodeIgniter->run()
 6 SYSTEMPATH\Boot.php(68): CodeIgniter\Boot::runCodeIgniter(Object(CodeIgniter\CodeIgniter))
 7 FCPATH\index.php(59): CodeIgniter\Boot::bootWeb(Object(Config\Paths))
DEBUG - 2025-12-13 06:14:57 --> Session: Class initialized using 'CodeIgniter\Session\Handlers\FileHandler' driver.
WARNING - 2025-12-13 06:14:57 --> [DEPRECATED] Creation of dynamic property App\Controllers\Notifications::$data is deprecated in APPPATH\Controllers\BaseController.php on line 76.
 1 APPPATH\Controllers\BaseController.php(59): App\Controllers\BaseController->loadNotificationData()
 2 SYSTEMPATH\CodeIgniter.php(904): App\Controllers\BaseController->initController(Object(CodeIgniter\HTTP\IncomingRequest), Object(CodeIgniter\HTTP\Response), Object(CodeIgniter\Log\Logger))
 3 SYSTEMPATH\CodeIgniter.php(498): CodeIgniter\CodeIgniter->createController()
 4 SYSTEMPATH\CodeIgniter.php(354): CodeIgniter\CodeIgniter->handleRequest(null, Object(Config\Cache), false)
 5 SYSTEMPATH\Boot.php(363): CodeIgniter\CodeIgniter->run()
 6 SYSTEMPATH\Boot.php(68): CodeIgniter\Boot::runCodeIgniter(Object(CodeIgniter\CodeIgniter))
 7 FCPATH\index.php(59): CodeIgniter\Boot::bootWeb(Object(Config\Paths))
DEBUG - 2025-12-13 06:15:30 --> Session: Class initialized using 'CodeIgniter\Session\Handlers\FileHandler' driver.
WARNING - 2025-12-13 06:15:30 --> [DEPRECATED] Creation of dynamic property App\Controllers\Notifications::$data is deprecated in APPPATH\Controllers\BaseController.php on line 74.
 1 APPPATH\Controllers\BaseController.php(59): App\Controllers\BaseController->loadNotificationData()
 2 SYSTEMPATH\CodeIgniter.php(904): App\Controllers\BaseController->initController(Object(CodeIgniter\HTTP\IncomingRequest), Object(CodeIgniter\HTTP\Response), Object(CodeIgniter\Log\Logger))
 3 SYSTEMPATH\CodeIgniter.php(498): CodeIgniter\CodeIgniter->createController()
 4 SYSTEMPATH\CodeIgniter.php(354): CodeIgniter\CodeIgniter->handleRequest(null, Object(Config\Cache), false)
 5 SYSTEMPATH\Boot.php(363): CodeIgniter\CodeIgniter->run()
 6 SYSTEMPATH\Boot.php(68): CodeIgniter\Boot::runCodeIgniter(Object(CodeIgniter\CodeIgniter))
 7 FCPATH\index.php(59): CodeIgniter\Boot::bootWeb(Object(Config\Paths))
DEBUG - 2025-12-13 06:15:58 --> Session: Class initialized using 'CodeIgniter\Session\Handlers\FileHandler' driver.
WARNING - 2025-12-13 06:15:58 --> [DEPRECATED] Creation of dynamic property App\Controllers\Notifications::$data is deprecated in APPPATH\Controllers\BaseController.php on line 76.
 1 APPPATH\Controllers\BaseController.php(59): App\Controllers\BaseController->loadNotificationData()
 2 SYSTEMPATH\CodeIgniter.php(904): App\Controllers\BaseController->initController(Object(CodeIgniter\HTTP\IncomingRequest), Object(CodeIgniter\HTTP\Response), Object(CodeIgniter\Log\Logger))
 3 SYSTEMPATH\CodeIgniter.php(498): CodeIgniter\CodeIgniter->createController()
 4 SYSTEMPATH\CodeIgniter.php(354): CodeIgniter\CodeIgniter->handleRequest(null, Object(Config\Cache), false)
 5 SYSTEMPATH\Boot.php(363): CodeIgniter\CodeIgniter->run()
 6 SYSTEMPATH\Boot.php(68): CodeIgniter\Boot::runCodeIgniter(Object(CodeIgniter\CodeIgniter))
 7 FCPATH\index.php(59): CodeIgniter\Boot::bootWeb(Object(Config\Paths))
DEBUG - 2025-12-13 06:16:31 --> Session: Class initialized using 'CodeIgniter\Session\Handlers\FileHandler' driver.
WARNING - 2025-12-13 06:16:31 --> [DEPRECATED] Creation of dynamic property App\Controllers\Notifications::$data is deprecated in APPPATH\Controllers\BaseController.php on line 74.
 1 APPPATH\Controllers\BaseController.php(59): App\Controllers\BaseController->loadNotificationData()
 2 SYSTEMPATH\CodeIgniter.php(904): App\Controllers\BaseController->initController(Object(CodeIgniter\HTTP\IncomingRequest), Object(CodeIgniter\HTTP\Response), Object(CodeIgniter\Log\Logger))
 3 SYSTEMPATH\CodeIgniter.php(498): CodeIgniter\CodeIgniter->createController()
 4 SYSTEMPATH\CodeIgniter.php(354): CodeIgniter\CodeIgniter->handleRequest(null, Object(Config\Cache), false)
 5 SYSTEMPATH\Boot.php(363): CodeIgniter\CodeIgniter->run()
 6 SYSTEMPATH\Boot.php(68): CodeIgniter\Boot::runCodeIgniter(Object(CodeIgniter\CodeIgniter))
 7 FCPATH\index.php(59): CodeIgniter\Boot::bootWeb(Object(Config\Paths))
DEBUG - 2025-12-13 06:16:59 --> Session: Class initialized using 'CodeIgniter\Session\Handlers\FileHandler' driver.
WARNING - 2025-12-13 06:16:59 --> [DEPRECATED] Creation of dynamic property App\Controllers\Notifications::$data is deprecated in APPPATH\Controllers\BaseController.php on line 76.
 1 APPPATH\Controllers\BaseController.php(59): App\Controllers\BaseController->loadNotificationData()
 2 SYSTEMPATH\CodeIgniter.php(904): App\Controllers\BaseController->initController(Object(CodeIgniter\HTTP\IncomingRequest), Object(CodeIgniter\HTTP\Response), Object(CodeIgniter\Log\Logger))
 3 SYSTEMPATH\CodeIgniter.php(498): CodeIgniter\CodeIgniter->createController()
 4 SYSTEMPATH\CodeIgniter.php(354): CodeIgniter\CodeIgniter->handleRequest(null, Object(Config\Cache), false)
 5 SYSTEMPATH\Boot.php(363): CodeIgniter\CodeIgniter->run()
 6 SYSTEMPATH\Boot.php(68): CodeIgniter\Boot::runCodeIgniter(Object(CodeIgniter\CodeIgniter))
 7 FCPATH\index.php(59): CodeIgniter\Boot::bootWeb(Object(Config\Paths))
DEBUG - 2025-12-13 06:17:32 --> Session: Class initialized using 'CodeIgniter\Session\Handlers\FileHandler' driver.
WARNING - 2025-12-13 06:17:32 --> [DEPRECATED] Creation of dynamic property App\Controllers\Notifications::$data is deprecated in APPPATH\Controllers\BaseController.php on line 74.
 1 APPPATH\Controllers\BaseController.php(59): App\Controllers\BaseController->loadNotificationData()
 2 SYSTEMPATH\CodeIgniter.php(904): App\Controllers\BaseController->initController(Object(CodeIgniter\HTTP\IncomingRequest), Object(CodeIgniter\HTTP\Response), Object(CodeIgniter\Log\Logger))
 3 SYSTEMPATH\CodeIgniter.php(498): CodeIgniter\CodeIgniter->createController()
 4 SYSTEMPATH\CodeIgniter.php(354): CodeIgniter\CodeIgniter->handleRequest(null, Object(Config\Cache), false)
 5 SYSTEMPATH\Boot.php(363): CodeIgniter\CodeIgniter->run()
 6 SYSTEMPATH\Boot.php(68): CodeIgniter\Boot::runCodeIgniter(Object(CodeIgniter\CodeIgniter))
 7 FCPATH\index.php(59): CodeIgniter\Boot::bootWeb(Object(Config\Paths))
DEBUG - 2025-12-13 06:18:00 --> Session: Class initialized using 'CodeIgniter\Session\Handlers\FileHandler' driver.
WARNING - 2025-12-13 06:18:00 --> [DEPRECATED] Creation of dynamic property App\Controllers\Notifications::$data is deprecated in APPPATH\Controllers\BaseController.php on line 76.
 1 APPPATH\Controllers\BaseController.php(59): App\Controllers\BaseController->loadNotificationData()
 2 SYSTEMPATH\CodeIgniter.php(904): App\Controllers\BaseController->initController(Object(CodeIgniter\HTTP\IncomingRequest), Object(CodeIgniter\HTTP\Response), Object(CodeIgniter\Log\Logger))
 3 SYSTEMPATH\CodeIgniter.php(498): CodeIgniter\CodeIgniter->createController()
 4 SYSTEMPATH\CodeIgniter.php(354): CodeIgniter\CodeIgniter->handleRequest(null, Object(Config\Cache), false)
 5 SYSTEMPATH\Boot.php(363): CodeIgniter\CodeIgniter->run()
 6 SYSTEMPATH\Boot.php(68): CodeIgniter\Boot::runCodeIgniter(Object(CodeIgniter\CodeIgniter))
 7 FCPATH\index.php(59): CodeIgniter\Boot::bootWeb(Object(Config\Paths))
DEBUG - 2025-12-13 06:18:33 --> Session: Class initialized using 'CodeIgniter\Session\Handlers\FileHandler' driver.
WARNING - 2025-12-13 06:18:33 --> [DEPRECATED] Creation of dynamic property App\Controllers\Notifications::$data is deprecated in APPPATH\Controllers\BaseController.php on line 74.
 1 APPPATH\Controllers\BaseController.php(59): App\Controllers\BaseController->loadNotificationData()
 2 SYSTEMPATH\CodeIgniter.php(904): App\Controllers\BaseController->initController(Object(CodeIgniter\HTTP\IncomingRequest), Object(CodeIgniter\HTTP\Response), Object(CodeIgniter\Log\Logger))
 3 SYSTEMPATH\CodeIgniter.php(498): CodeIgniter\CodeIgniter->createController()
 4 SYSTEMPATH\CodeIgniter.php(354): CodeIgniter\CodeIgniter->handleRequest(null, Object(Config\Cache), false)
 5 SYSTEMPATH\Boot.php(363): CodeIgniter\CodeIgniter->run()
 6 SYSTEMPATH\Boot.php(68): CodeIgniter\Boot::runCodeIgniter(Object(CodeIgniter\CodeIgniter))
 7 FCPATH\index.php(59): CodeIgniter\Boot::bootWeb(Object(Config\Paths))
DEBUG - 2025-12-13 06:19:01 --> Session: Class initialized using 'CodeIgniter\Session\Handlers\FileHandler' driver.
WARNING - 2025-12-13 06:19:01 --> [DEPRECATED] Creation of dynamic property App\Controllers\Notifications::$data is deprecated in APPPATH\Controllers\BaseController.php on line 76.
 1 APPPATH\Controllers\BaseController.php(59): App\Controllers\BaseController->loadNotificationData()
 2 SYSTEMPATH\CodeIgniter.php(904): App\Controllers\BaseController->initController(Object(CodeIgniter\HTTP\IncomingRequest), Object(CodeIgniter\HTTP\Response), Object(CodeIgniter\Log\Logger))
 3 SYSTEMPATH\CodeIgniter.php(498): CodeIgniter\CodeIgniter->createController()
 4 SYSTEMPATH\CodeIgniter.php(354): CodeIgniter\CodeIgniter->handleRequest(null, Object(Config\Cache), false)
 5 SYSTEMPATH\Boot.php(363): CodeIgniter\CodeIgniter->run()
 6 SYSTEMPATH\Boot.php(68): CodeIgniter\Boot::runCodeIgniter(Object(CodeIgniter\CodeIgniter))
 7 FCPATH\index.php(59): CodeIgniter\Boot::bootWeb(Object(Config\Paths))
DEBUG - 2025-12-13 06:19:34 --> Session: Class initialized using 'CodeIgniter\Session\Handlers\FileHandler' driver.
WARNING - 2025-12-13 06:19:34 --> [DEPRECATED] Creation of dynamic property App\Controllers\Notifications::$data is deprecated in APPPATH\Controllers\BaseController.php on line 74.
 1 APPPATH\Controllers\BaseController.php(59): App\Controllers\BaseController->loadNotificationData()
 2 SYSTEMPATH\CodeIgniter.php(904): App\Controllers\BaseController->initController(Object(CodeIgniter\HTTP\IncomingRequest), Object(CodeIgniter\HTTP\Response), Object(CodeIgniter\Log\Logger))
 3 SYSTEMPATH\CodeIgniter.php(498): CodeIgniter\CodeIgniter->createController()
 4 SYSTEMPATH\CodeIgniter.php(354): CodeIgniter\CodeIgniter->handleRequest(null, Object(Config\Cache), false)
 5 SYSTEMPATH\Boot.php(363): CodeIgniter\CodeIgniter->run()
 6 SYSTEMPATH\Boot.php(68): CodeIgniter\Boot::runCodeIgniter(Object(CodeIgniter\CodeIgniter))
 7 FCPATH\index.php(59): CodeIgniter\Boot::bootWeb(Object(Config\Paths))
DEBUG - 2025-12-13 06:20:02 --> Session: Class initialized using 'CodeIgniter\Session\Handlers\FileHandler' driver.
WARNING - 2025-12-13 06:20:02 --> [DEPRECATED] Creation of dynamic property App\Controllers\Notifications::$data is deprecated in APPPATH\Controllers\BaseController.php on line 76.
 1 APPPATH\Controllers\BaseController.php(59): App\Controllers\BaseController->loadNotificationData()
 2 SYSTEMPATH\CodeIgniter.php(904): App\Controllers\BaseController->initController(Object(CodeIgniter\HTTP\IncomingRequest), Object(CodeIgniter\HTTP\Response), Object(CodeIgniter\Log\Logger))
 3 SYSTEMPATH\CodeIgniter.php(498): CodeIgniter\CodeIgniter->createController()
 4 SYSTEMPATH\CodeIgniter.php(354): CodeIgniter\CodeIgniter->handleRequest(null, Object(Config\Cache), false)
 5 SYSTEMPATH\Boot.php(363): CodeIgniter\CodeIgniter->run()
 6 SYSTEMPATH\Boot.php(68): CodeIgniter\Boot::runCodeIgniter(Object(CodeIgniter\CodeIgniter))
 7 FCPATH\index.php(59): CodeIgniter\Boot::bootWeb(Object(Config\Paths))
DEBUG - 2025-12-13 06:20:35 --> Session: Class initialized using 'CodeIgniter\Session\Handlers\FileHandler' driver.
WARNING - 2025-12-13 06:20:35 --> [DEPRECATED] Creation of dynamic property App\Controllers\Notifications::$data is deprecated in APPPATH\Controllers\BaseController.php on line 74.
 1 APPPATH\Controllers\BaseController.php(59): App\Controllers\BaseController->loadNotificationData()
 2 SYSTEMPATH\CodeIgniter.php(904): App\Controllers\BaseController->initController(Object(CodeIgniter\HTTP\IncomingRequest), Object(CodeIgniter\HTTP\Response), Object(CodeIgniter\Log\Logger))
 3 SYSTEMPATH\CodeIgniter.php(498): CodeIgniter\CodeIgniter->createController()
 4 SYSTEMPATH\CodeIgniter.php(354): CodeIgniter\CodeIgniter->handleRequest(null, Object(Config\Cache), false)
 5 SYSTEMPATH\Boot.php(363): CodeIgniter\CodeIgniter->run()
 6 SYSTEMPATH\Boot.php(68): CodeIgniter\Boot::runCodeIgniter(Object(CodeIgniter\CodeIgniter))
 7 FCPATH\index.php(59): CodeIgniter\Boot::bootWeb(Object(Config\Paths))
DEBUG - 2025-12-13 06:21:03 --> Session: Class initialized using 'CodeIgniter\Session\Handlers\FileHandler' driver.
WARNING - 2025-12-13 06:21:03 --> [DEPRECATED] Creation of dynamic property App\Controllers\Notifications::$data is deprecated in APPPATH\Controllers\BaseController.php on line 76.
 1 APPPATH\Controllers\BaseController.php(59): App\Controllers\BaseController->loadNotificationData()
 2 SYSTEMPATH\CodeIgniter.php(904): App\Controllers\BaseController->initController(Object(CodeIgniter\HTTP\IncomingRequest), Object(CodeIgniter\HTTP\Response), Object(CodeIgniter\Log\Logger))
 3 SYSTEMPATH\CodeIgniter.php(498): CodeIgniter\CodeIgniter->createController()
 4 SYSTEMPATH\CodeIgniter.php(354): CodeIgniter\CodeIgniter->handleRequest(null, Object(Config\Cache), false)
 5 SYSTEMPATH\Boot.php(363): CodeIgniter\CodeIgniter->run()
 6 SYSTEMPATH\Boot.php(68): CodeIgniter\Boot::runCodeIgniter(Object(CodeIgniter\CodeIgniter))
 7 FCPATH\index.php(59): CodeIgniter\Boot::bootWeb(Object(Config\Paths))
DEBUG - 2025-12-13 06:21:36 --> Session: Class initialized using 'CodeIgniter\Session\Handlers\FileHandler' driver.
WARNING - 2025-12-13 06:21:36 --> [DEPRECATED] Creation of dynamic property App\Controllers\Notifications::$data is deprecated in APPPATH\Controllers\BaseController.php on line 74.
 1 APPPATH\Controllers\BaseController.php(59): App\Controllers\BaseController->loadNotificationData()
 2 SYSTEMPATH\CodeIgniter.php(904): App\Controllers\BaseController->initController(Object(CodeIgniter\HTTP\IncomingRequest), Object(CodeIgniter\HTTP\Response), Object(CodeIgniter\Log\Logger))
 3 SYSTEMPATH\CodeIgniter.php(498): CodeIgniter\CodeIgniter->createController()
 4 SYSTEMPATH\CodeIgniter.php(354): CodeIgniter\CodeIgniter->handleRequest(null, Object(Config\Cache), false)
 5 SYSTEMPATH\Boot.php(363): CodeIgniter\CodeIgniter->run()
 6 SYSTEMPATH\Boot.php(68): CodeIgniter\Boot::runCodeIgniter(Object(CodeIgniter\CodeIgniter))
 7 FCPATH\index.php(59): CodeIgniter\Boot::bootWeb(Object(Config\Paths))
DEBUG - 2025-12-13 06:22:04 --> Session: Class initialized using 'CodeIgniter\Session\Handlers\FileHandler' driver.
WARNING - 2025-12-13 06:22:04 --> [DEPRECATED] Creation of dynamic property App\Controllers\Notifications::$data is deprecated in APPPATH\Controllers\BaseController.php on line 76.
 1 APPPATH\Controllers\BaseController.php(59): App\Controllers\BaseController->loadNotificationData()
 2 SYSTEMPATH\CodeIgniter.php(904): App\Controllers\BaseController->initController(Object(CodeIgniter\HTTP\IncomingRequest), Object(CodeIgniter\HTTP\Response), Object(CodeIgniter\Log\Logger))
 3 SYSTEMPATH\CodeIgniter.php(498): CodeIgniter\CodeIgniter->createController()
 4 SYSTEMPATH\CodeIgniter.php(354): CodeIgniter\CodeIgniter->handleRequest(null, Object(Config\Cache), false)
 5 SYSTEMPATH\Boot.php(363): CodeIgniter\CodeIgniter->run()
 6 SYSTEMPATH\Boot.php(68): CodeIgniter\Boot::runCodeIgniter(Object(CodeIgniter\CodeIgniter))
 7 FCPATH\index.php(59): CodeIgniter\Boot::bootWeb(Object(Config\Paths))
DEBUG - 2025-12-13 06:22:37 --> Session: Class initialized using 'CodeIgniter\Session\Handlers\FileHandler' driver.
WARNING - 2025-12-13 06:22:37 --> [DEPRECATED] Creation of dynamic property App\Controllers\Notifications::$data is deprecated in APPPATH\Controllers\BaseController.php on line 74.
 1 APPPATH\Controllers\BaseController.php(59): App\Controllers\BaseController->loadNotificationData()
 2 SYSTEMPATH\CodeIgniter.php(904): App\Controllers\BaseController->initController(Object(CodeIgniter\HTTP\IncomingRequest), Object(CodeIgniter\HTTP\Response), Object(CodeIgniter\Log\Logger))
 3 SYSTEMPATH\CodeIgniter.php(498): CodeIgniter\CodeIgniter->createController()
 4 SYSTEMPATH\CodeIgniter.php(354): CodeIgniter\CodeIgniter->handleRequest(null, Object(Config\Cache), false)
 5 SYSTEMPATH\Boot.php(363): CodeIgniter\CodeIgniter->run()
 6 SYSTEMPATH\Boot.php(68): CodeIgniter\Boot::runCodeIgniter(Object(CodeIgniter\CodeIgniter))
 7 FCPATH\index.php(59): CodeIgniter\Boot::bootWeb(Object(Config\Paths))
DEBUG - 2025-12-13 06:23:05 --> Session: Class initialized using 'CodeIgniter\Session\Handlers\FileHandler' driver.
WARNING - 2025-12-13 06:23:05 --> [DEPRECATED] Creation of dynamic property App\Controllers\Notifications::$data is deprecated in APPPATH\Controllers\BaseController.php on line 76.
 1 APPPATH\Controllers\BaseController.php(59): App\Controllers\BaseController->loadNotificationData()
 2 SYSTEMPATH\CodeIgniter.php(904): App\Controllers\BaseController->initController(Object(CodeIgniter\HTTP\IncomingRequest), Object(CodeIgniter\HTTP\Response), Object(CodeIgniter\Log\Logger))
 3 SYSTEMPATH\CodeIgniter.php(498): CodeIgniter\CodeIgniter->createController()
 4 SYSTEMPATH\CodeIgniter.php(354): CodeIgniter\CodeIgniter->handleRequest(null, Object(Config\Cache), false)
 5 SYSTEMPATH\Boot.php(363): CodeIgniter\CodeIgniter->run()
 6 SYSTEMPATH\Boot.php(68): CodeIgniter\Boot::runCodeIgniter(Object(CodeIgniter\CodeIgniter))
 7 FCPATH\index.php(59): CodeIgniter\Boot::bootWeb(Object(Config\Paths))
DEBUG - 2025-12-13 06:23:38 --> Session: Class initialized using 'CodeIgniter\Session\Handlers\FileHandler' driver.
WARNING - 2025-12-13 06:23:38 --> [DEPRECATED] Creation of dynamic property App\Controllers\Notifications::$data is deprecated in APPPATH\Controllers\BaseController.php on line 74.
 1 APPPATH\Controllers\BaseController.php(59): App\Controllers\BaseController->loadNotificationData()
 2 SYSTEMPATH\CodeIgniter.php(904): App\Controllers\BaseController->initController(Object(CodeIgniter\HTTP\IncomingRequest), Object(CodeIgniter\HTTP\Response), Object(CodeIgniter\Log\Logger))
 3 SYSTEMPATH\CodeIgniter.php(498): CodeIgniter\CodeIgniter->createController()
 4 SYSTEMPATH\CodeIgniter.php(354): CodeIgniter\CodeIgniter->handleRequest(null, Object(Config\Cache), false)
 5 SYSTEMPATH\Boot.php(363): CodeIgniter\CodeIgniter->run()
 6 SYSTEMPATH\Boot.php(68): CodeIgniter\Boot::runCodeIgniter(Object(CodeIgniter\CodeIgniter))
 7 FCPATH\index.php(59): CodeIgniter\Boot::bootWeb(Object(Config\Paths))
DEBUG - 2025-12-13 06:24:05 --> Session: Class initialized using 'CodeIgniter\Session\Handlers\FileHandler' driver.
WARNING - 2025-12-13 06:24:05 --> [DEPRECATED] Creation of dynamic property App\Controllers\Notifications::$data is deprecated in APPPATH\Controllers\BaseController.php on line 76.
 1 APPPATH\Controllers\BaseController.php(59): App\Controllers\BaseController->loadNotificationData()
 2 SYSTEMPATH\CodeIgniter.php(904): App\Controllers\BaseController->initController(Object(CodeIgniter\HTTP\IncomingRequest), Object(CodeIgniter\HTTP\Response), Object(CodeIgniter\Log\Logger))
 3 SYSTEMPATH\CodeIgniter.php(498): CodeIgniter\CodeIgniter->createController()
 4 SYSTEMPATH\CodeIgniter.php(354): CodeIgniter\CodeIgniter->handleRequest(null, Object(Config\Cache), false)
 5 SYSTEMPATH\Boot.php(363): CodeIgniter\CodeIgniter->run()
 6 SYSTEMPATH\Boot.php(68): CodeIgniter\Boot::runCodeIgniter(Object(CodeIgniter\CodeIgniter))
 7 FCPATH\index.php(59): CodeIgniter\Boot::bootWeb(Object(Config\Paths))
DEBUG - 2025-12-13 06:24:39 --> Session: Class initialized using 'CodeIgniter\Session\Handlers\FileHandler' driver.
WARNING - 2025-12-13 06:24:39 --> [DEPRECATED] Creation of dynamic property App\Controllers\Notifications::$data is deprecated in APPPATH\Controllers\BaseController.php on line 74.
 1 APPPATH\Controllers\BaseController.php(59): App\Controllers\BaseController->loadNotificationData()
 2 SYSTEMPATH\CodeIgniter.php(904): App\Controllers\BaseController->initController(Object(CodeIgniter\HTTP\IncomingRequest), Object(CodeIgniter\HTTP\Response), Object(CodeIgniter\Log\Logger))
 3 SYSTEMPATH\CodeIgniter.php(498): CodeIgniter\CodeIgniter->createController()
 4 SYSTEMPATH\CodeIgniter.php(354): CodeIgniter\CodeIgniter->handleRequest(null, Object(Config\Cache), false)
 5 SYSTEMPATH\Boot.php(363): CodeIgniter\CodeIgniter->run()
 6 SYSTEMPATH\Boot.php(68): CodeIgniter\Boot::runCodeIgniter(Object(CodeIgniter\CodeIgniter))
 7 FCPATH\index.php(59): CodeIgniter\Boot::bootWeb(Object(Config\Paths))
DEBUG - 2025-12-13 06:25:05 --> Session: Class initialized using 'CodeIgniter\Session\Handlers\FileHandler' driver.
WARNING - 2025-12-13 06:25:05 --> [DEPRECATED] Creation of dynamic property App\Controllers\Notifications::$data is deprecated in APPPATH\Controllers\BaseController.php on line 76.
 1 APPPATH\Controllers\BaseController.php(59): App\Controllers\BaseController->loadNotificationData()
 2 SYSTEMPATH\CodeIgniter.php(904): App\Controllers\BaseController->initController(Object(CodeIgniter\HTTP\IncomingRequest), Object(CodeIgniter\HTTP\Response), Object(CodeIgniter\Log\Logger))
 3 SYSTEMPATH\CodeIgniter.php(498): CodeIgniter\CodeIgniter->createController()
 4 SYSTEMPATH\CodeIgniter.php(354): CodeIgniter\CodeIgniter->handleRequest(null, Object(Config\Cache), false)
 5 SYSTEMPATH\Boot.php(363): CodeIgniter\CodeIgniter->run()
 6 SYSTEMPATH\Boot.php(68): CodeIgniter\Boot::runCodeIgniter(Object(CodeIgniter\CodeIgniter))
 7 FCPATH\index.php(59): CodeIgniter\Boot::bootWeb(Object(Config\Paths))
DEBUG - 2025-12-13 06:25:40 --> Session: Class initialized using 'CodeIgniter\Session\Handlers\FileHandler' driver.
WARNING - 2025-12-13 06:25:40 --> [DEPRECATED] Creation of dynamic property App\Controllers\Notifications::$data is deprecated in APPPATH\Controllers\BaseController.php on line 74.
 1 APPPATH\Controllers\BaseController.php(59): App\Controllers\BaseController->loadNotificationData()
 2 SYSTEMPATH\CodeIgniter.php(904): App\Controllers\BaseController->initController(Object(CodeIgniter\HTTP\IncomingRequest), Object(CodeIgniter\HTTP\Response), Object(CodeIgniter\Log\Logger))
 3 SYSTEMPATH\CodeIgniter.php(498): CodeIgniter\CodeIgniter->createController()
 4 SYSTEMPATH\CodeIgniter.php(354): CodeIgniter\CodeIgniter->handleRequest(null, Object(Config\Cache), false)
 5 SYSTEMPATH\Boot.php(363): CodeIgniter\CodeIgniter->run()
 6 SYSTEMPATH\Boot.php(68): CodeIgniter\Boot::runCodeIgniter(Object(CodeIgniter\CodeIgniter))
 7 FCPATH\index.php(59): CodeIgniter\Boot::bootWeb(Object(Config\Paths))
DEBUG - 2025-12-13 06:26:05 --> Session: Class initialized using 'CodeIgniter\Session\Handlers\FileHandler' driver.
WARNING - 2025-12-13 06:26:05 --> [DEPRECATED] Creation of dynamic property App\Controllers\Notifications::$data is deprecated in APPPATH\Controllers\BaseController.php on line 76.
 1 APPPATH\Controllers\BaseController.php(59): App\Controllers\BaseController->loadNotificationData()
 2 SYSTEMPATH\CodeIgniter.php(904): App\Controllers\BaseController->initController(Object(CodeIgniter\HTTP\IncomingRequest), Object(CodeIgniter\HTTP\Response), Object(CodeIgniter\Log\Logger))
 3 SYSTEMPATH\CodeIgniter.php(498): CodeIgniter\CodeIgniter->createController()
 4 SYSTEMPATH\CodeIgniter.php(354): CodeIgniter\CodeIgniter->handleRequest(null, Object(Config\Cache), false)
 5 SYSTEMPATH\Boot.php(363): CodeIgniter\CodeIgniter->run()
 6 SYSTEMPATH\Boot.php(68): CodeIgniter\Boot::runCodeIgniter(Object(CodeIgniter\CodeIgniter))
 7 FCPATH\index.php(59): CodeIgniter\Boot::bootWeb(Object(Config\Paths))
DEBUG - 2025-12-13 06:26:41 --> Session: Class initialized using 'CodeIgniter\Session\Handlers\FileHandler' driver.
WARNING - 2025-12-13 06:26:41 --> [DEPRECATED] Creation of dynamic property App\Controllers\Notifications::$data is deprecated in APPPATH\Controllers\BaseController.php on line 74.
 1 APPPATH\Controllers\BaseController.php(59): App\Controllers\BaseController->loadNotificationData()
 2 SYSTEMPATH\CodeIgniter.php(904): App\Controllers\BaseController->initController(Object(CodeIgniter\HTTP\IncomingRequest), Object(CodeIgniter\HTTP\Response), Object(CodeIgniter\Log\Logger))
 3 SYSTEMPATH\CodeIgniter.php(498): CodeIgniter\CodeIgniter->createController()
 4 SYSTEMPATH\CodeIgniter.php(354): CodeIgniter\CodeIgniter->handleRequest(null, Object(Config\Cache), false)
 5 SYSTEMPATH\Boot.php(363): CodeIgniter\CodeIgniter->run()
 6 SYSTEMPATH\Boot.php(68): CodeIgniter\Boot::runCodeIgniter(Object(CodeIgniter\CodeIgniter))
 7 FCPATH\index.php(59): CodeIgniter\Boot::bootWeb(Object(Config\Paths))
DEBUG - 2025-12-13 06:27:05 --> Session: Class initialized using 'CodeIgniter\Session\Handlers\FileHandler' driver.
WARNING - 2025-12-13 06:27:05 --> [DEPRECATED] Creation of dynamic property App\Controllers\Notifications::$data is deprecated in APPPATH\Controllers\BaseController.php on line 76.
 1 APPPATH\Controllers\BaseController.php(59): App\Controllers\BaseController->loadNotificationData()
 2 SYSTEMPATH\CodeIgniter.php(904): App\Controllers\BaseController->initController(Object(CodeIgniter\HTTP\IncomingRequest), Object(CodeIgniter\HTTP\Response), Object(CodeIgniter\Log\Logger))
 3 SYSTEMPATH\CodeIgniter.php(498): CodeIgniter\CodeIgniter->createController()
 4 SYSTEMPATH\CodeIgniter.php(354): CodeIgniter\CodeIgniter->handleRequest(null, Object(Config\Cache), false)
 5 SYSTEMPATH\Boot.php(363): CodeIgniter\CodeIgniter->run()
 6 SYSTEMPATH\Boot.php(68): CodeIgniter\Boot::runCodeIgniter(Object(CodeIgniter\CodeIgniter))
 7 FCPATH\index.php(59): CodeIgniter\Boot::bootWeb(Object(Config\Paths))
DEBUG - 2025-12-13 06:27:21 --> Session: Class initialized using 'CodeIgniter\Session\Handlers\FileHandler' driver.
WARNING - 2025-12-13 06:27:21 --> [DEPRECATED] Creation of dynamic property App\Controllers\Notifications::$data is deprecated in APPPATH\Controllers\BaseController.php on line 74.
 1 APPPATH\Controllers\BaseController.php(59): App\Controllers\BaseController->loadNotificationData()
 2 SYSTEMPATH\CodeIgniter.php(904): App\Controllers\BaseController->initController(Object(CodeIgniter\HTTP\IncomingRequest), Object(CodeIgniter\HTTP\Response), Object(CodeIgniter\Log\Logger))
 3 SYSTEMPATH\CodeIgniter.php(498): CodeIgniter\CodeIgniter->createController()
 4 SYSTEMPATH\CodeIgniter.php(354): CodeIgniter\CodeIgniter->handleRequest(null, Object(Config\Cache), false)
 5 SYSTEMPATH\Boot.php(363): CodeIgniter\CodeIgniter->run()
 6 SYSTEMPATH\Boot.php(68): CodeIgniter\Boot::runCodeIgniter(Object(CodeIgniter\CodeIgniter))
 7 FCPATH\index.php(59): CodeIgniter\Boot::bootWeb(Object(Config\Paths))
DEBUG - 2025-12-13 06:27:47 --> Session: Class initialized using 'CodeIgniter\Session\Handlers\FileHandler' driver.
WARNING - 2025-12-13 06:27:47 --> [DEPRECATED] Creation of dynamic property App\Controllers\Notifications::$data is deprecated in APPPATH\Controllers\BaseController.php on line 76.
 1 APPPATH\Controllers\BaseController.php(59): App\Controllers\BaseController->loadNotificationData()
 2 SYSTEMPATH\CodeIgniter.php(904): App\Controllers\BaseController->initController(Object(CodeIgniter\HTTP\IncomingRequest), Object(CodeIgniter\HTTP\Response), Object(CodeIgniter\Log\Logger))
 3 SYSTEMPATH\CodeIgniter.php(498): CodeIgniter\CodeIgniter->createController()
 4 SYSTEMPATH\CodeIgniter.php(354): CodeIgniter\CodeIgniter->handleRequest(null, Object(Config\Cache), false)
 5 SYSTEMPATH\Boot.php(363): CodeIgniter\CodeIgniter->run()
 6 SYSTEMPATH\Boot.php(68): CodeIgniter\Boot::runCodeIgniter(Object(CodeIgniter\CodeIgniter))
 7 FCPATH\index.php(59): CodeIgniter\Boot::bootWeb(Object(Config\Paths))
DEBUG - 2025-12-13 06:28:20 --> Session: Class initialized using 'CodeIgniter\Session\Handlers\FileHandler' driver.
WARNING - 2025-12-13 06:28:20 --> [DEPRECATED] Creation of dynamic property App\Controllers\Notifications::$data is deprecated in APPPATH\Controllers\BaseController.php on line 74.
 1 APPPATH\Controllers\BaseController.php(59): App\Controllers\BaseController->loadNotificationData()
 2 SYSTEMPATH\CodeIgniter.php(904): App\Controllers\BaseController->initController(Object(CodeIgniter\HTTP\IncomingRequest), Object(CodeIgniter\HTTP\Response), Object(CodeIgniter\Log\Logger))
 3 SYSTEMPATH\CodeIgniter.php(498): CodeIgniter\CodeIgniter->createController()
 4 SYSTEMPATH\CodeIgniter.php(354): CodeIgniter\CodeIgniter->handleRequest(null, Object(Config\Cache), false)
 5 SYSTEMPATH\Boot.php(363): CodeIgniter\CodeIgniter->run()
 6 SYSTEMPATH\Boot.php(68): CodeIgniter\Boot::runCodeIgniter(Object(CodeIgniter\CodeIgniter))
 7 FCPATH\index.php(59): CodeIgniter\Boot::bootWeb(Object(Config\Paths))
DEBUG - 2025-12-13 06:29:21 --> Session: Class initialized using 'CodeIgniter\Session\Handlers\FileHandler' driver.
WARNING - 2025-12-13 06:29:21 --> [DEPRECATED] Creation of dynamic property App\Controllers\Notifications::$data is deprecated in APPPATH\Controllers\BaseController.php on line 74.
 1 APPPATH\Controllers\BaseController.php(59): App\Controllers\BaseController->loadNotificationData()
 2 SYSTEMPATH\CodeIgniter.php(904): App\Controllers\BaseController->initController(Object(CodeIgniter\HTTP\IncomingRequest), Object(CodeIgniter\HTTP\Response), Object(CodeIgniter\Log\Logger))
 3 SYSTEMPATH\CodeIgniter.php(498): CodeIgniter\CodeIgniter->createController()
 4 SYSTEMPATH\CodeIgniter.php(354): CodeIgniter\CodeIgniter->handleRequest(null, Object(Config\Cache), false)
 5 SYSTEMPATH\Boot.php(363): CodeIgniter\CodeIgniter->run()
 6 SYSTEMPATH\Boot.php(68): CodeIgniter\Boot::runCodeIgniter(Object(CodeIgniter\CodeIgniter))
 7 FCPATH\index.php(59): CodeIgniter\Boot::bootWeb(Object(Config\Paths))
DEBUG - 2025-12-13 06:30:21 --> Session: Class initialized using 'CodeIgniter\Session\Handlers\FileHandler' driver.
WARNING - 2025-12-13 06:30:21 --> [DEPRECATED] Creation of dynamic property App\Controllers\Notifications::$data is deprecated in APPPATH\Controllers\BaseController.php on line 74.
 1 APPPATH\Controllers\BaseController.php(59): App\Controllers\BaseController->loadNotificationData()
 2 SYSTEMPATH\CodeIgniter.php(904): App\Controllers\BaseController->initController(Object(CodeIgniter\HTTP\IncomingRequest), Object(CodeIgniter\HTTP\Response), Object(CodeIgniter\Log\Logger))
 3 SYSTEMPATH\CodeIgniter.php(498): CodeIgniter\CodeIgniter->createController()
 4 SYSTEMPATH\CodeIgniter.php(354): CodeIgniter\CodeIgniter->handleRequest(null, Object(Config\Cache), false)
 5 SYSTEMPATH\Boot.php(363): CodeIgniter\CodeIgniter->run()
 6 SYSTEMPATH\Boot.php(68): CodeIgniter\Boot::runCodeIgniter(Object(CodeIgniter\CodeIgniter))
 7 FCPATH\index.php(59): CodeIgniter\Boot::bootWeb(Object(Config\Paths))
DEBUG - 2025-12-13 06:31:20 --> Session: Class initialized using 'CodeIgniter\Session\Handlers\FileHandler' driver.
WARNING - 2025-12-13 06:31:20 --> [DEPRECATED] Creation of dynamic property App\Controllers\Notifications::$data is deprecated in APPPATH\Controllers\BaseController.php on line 74.
 1 APPPATH\Controllers\BaseController.php(59): App\Controllers\BaseController->loadNotificationData()
 2 SYSTEMPATH\CodeIgniter.php(904): App\Controllers\BaseController->initController(Object(CodeIgniter\HTTP\IncomingRequest), Object(CodeIgniter\HTTP\Response), Object(CodeIgniter\Log\Logger))
 3 SYSTEMPATH\CodeIgniter.php(498): CodeIgniter\CodeIgniter->createController()
 4 SYSTEMPATH\CodeIgniter.php(354): CodeIgniter\CodeIgniter->handleRequest(null, Object(Config\Cache), false)
 5 SYSTEMPATH\Boot.php(363): CodeIgniter\CodeIgniter->run()
 6 SYSTEMPATH\Boot.php(68): CodeIgniter\Boot::runCodeIgniter(Object(CodeIgniter\CodeIgniter))
 7 FCPATH\index.php(59): CodeIgniter\Boot::bootWeb(Object(Config\Paths))
DEBUG - 2025-12-13 06:32:21 --> Session: Class initialized using 'CodeIgniter\Session\Handlers\FileHandler' driver.
WARNING - 2025-12-13 06:32:21 --> [DEPRECATED] Creation of dynamic property App\Controllers\Notifications::$data is deprecated in APPPATH\Controllers\BaseController.php on line 74.
 1 APPPATH\Controllers\BaseController.php(59): App\Controllers\BaseController->loadNotificationData()
 2 SYSTEMPATH\CodeIgniter.php(904): App\Controllers\BaseController->initController(Object(CodeIgniter\HTTP\IncomingRequest), Object(CodeIgniter\HTTP\Response), Object(CodeIgniter\Log\Logger))
 3 SYSTEMPATH\CodeIgniter.php(498): CodeIgniter\CodeIgniter->createController()
 4 SYSTEMPATH\CodeIgniter.php(354): CodeIgniter\CodeIgniter->handleRequest(null, Object(Config\Cache), false)
 5 SYSTEMPATH\Boot.php(363): CodeIgniter\CodeIgniter->run()
 6 SYSTEMPATH\Boot.php(68): CodeIgniter\Boot::runCodeIgniter(Object(CodeIgniter\CodeIgniter))
 7 FCPATH\index.php(59): CodeIgniter\Boot::bootWeb(Object(Config\Paths))
DEBUG - 2025-12-13 06:33:22 --> Session: Class initialized using 'CodeIgniter\Session\Handlers\FileHandler' driver.
WARNING - 2025-12-13 06:33:22 --> [DEPRECATED] Creation of dynamic property App\Controllers\Notifications::$data is deprecated in APPPATH\Controllers\BaseController.php on line 74.
 1 APPPATH\Controllers\BaseController.php(59): App\Controllers\BaseController->loadNotificationData()
 2 SYSTEMPATH\CodeIgniter.php(904): App\Controllers\BaseController->initController(Object(CodeIgniter\HTTP\IncomingRequest), Object(CodeIgniter\HTTP\Response), Object(CodeIgniter\Log\Logger))
 3 SYSTEMPATH\CodeIgniter.php(498): CodeIgniter\CodeIgniter->createController()
 4 SYSTEMPATH\CodeIgniter.php(354): CodeIgniter\CodeIgniter->handleRequest(null, Object(Config\Cache), false)
 5 SYSTEMPATH\Boot.php(363): CodeIgniter\CodeIgniter->run()
 6 SYSTEMPATH\Boot.php(68): CodeIgniter\Boot::runCodeIgniter(Object(CodeIgniter\CodeIgniter))
 7 FCPATH\index.php(59): CodeIgniter\Boot::bootWeb(Object(Config\Paths))
DEBUG - 2025-12-13 06:34:23 --> Session: Class initialized using 'CodeIgniter\Session\Handlers\FileHandler' driver.
WARNING - 2025-12-13 06:34:24 --> [DEPRECATED] Creation of dynamic property App\Controllers\Notifications::$data is deprecated in APPPATH\Controllers\BaseController.php on line 74.
 1 APPPATH\Controllers\BaseController.php(59): App\Controllers\BaseController->loadNotificationData()
 2 SYSTEMPATH\CodeIgniter.php(904): App\Controllers\BaseController->initController(Object(CodeIgniter\HTTP\IncomingRequest), Object(CodeIgniter\HTTP\Response), Object(CodeIgniter\Log\Logger))
 3 SYSTEMPATH\CodeIgniter.php(498): CodeIgniter\CodeIgniter->createController()
 4 SYSTEMPATH\CodeIgniter.php(354): CodeIgniter\CodeIgniter->handleRequest(null, Object(Config\Cache), false)
 5 SYSTEMPATH\Boot.php(363): CodeIgniter\CodeIgniter->run()
 6 SYSTEMPATH\Boot.php(68): CodeIgniter\Boot::runCodeIgniter(Object(CodeIgniter\CodeIgniter))
 7 FCPATH\index.php(59): CodeIgniter\Boot::bootWeb(Object(Config\Paths))
DEBUG - 2025-12-13 06:35:24 --> Session: Class initialized using 'CodeIgniter\Session\Handlers\FileHandler' driver.
WARNING - 2025-12-13 06:35:24 --> [DEPRECATED] Creation of dynamic property App\Controllers\Notifications::$data is deprecated in APPPATH\Controllers\BaseController.php on line 74.
 1 APPPATH\Controllers\BaseController.php(59): App\Controllers\BaseController->loadNotificationData()
 2 SYSTEMPATH\CodeIgniter.php(904): App\Controllers\BaseController->initController(Object(CodeIgniter\HTTP\IncomingRequest), Object(CodeIgniter\HTTP\Response), Object(CodeIgniter\Log\Logger))
 3 SYSTEMPATH\CodeIgniter.php(498): CodeIgniter\CodeIgniter->createController()
 4 SYSTEMPATH\CodeIgniter.php(354): CodeIgniter\CodeIgniter->handleRequest(null, Object(Config\Cache), false)
 5 SYSTEMPATH\Boot.php(363): CodeIgniter\CodeIgniter->run()
 6 SYSTEMPATH\Boot.php(68): CodeIgniter\Boot::runCodeIgniter(Object(CodeIgniter\CodeIgniter))
 7 FCPATH\index.php(59): CodeIgniter\Boot::bootWeb(Object(Config\Paths))
DEBUG - 2025-12-13 06:36:25 --> Session: Class initialized using 'CodeIgniter\Session\Handlers\FileHandler' driver.
WARNING - 2025-12-13 06:36:25 --> [DEPRECATED] Creation of dynamic property App\Controllers\Notifications::$data is deprecated in APPPATH\Controllers\BaseController.php on line 74.
 1 APPPATH\Controllers\BaseController.php(59): App\Controllers\BaseController->loadNotificationData()
 2 SYSTEMPATH\CodeIgniter.php(904): App\Controllers\BaseController->initController(Object(CodeIgniter\HTTP\IncomingRequest), Object(CodeIgniter\HTTP\Response), Object(CodeIgniter\Log\Logger))
 3 SYSTEMPATH\CodeIgniter.php(498): CodeIgniter\CodeIgniter->createController()
 4 SYSTEMPATH\CodeIgniter.php(354): CodeIgniter\CodeIgniter->handleRequest(null, Object(Config\Cache), false)
 5 SYSTEMPATH\Boot.php(363): CodeIgniter\CodeIgniter->run()
 6 SYSTEMPATH\Boot.php(68): CodeIgniter\Boot::runCodeIgniter(Object(CodeIgniter\CodeIgniter))
 7 FCPATH\index.php(59): CodeIgniter\Boot::bootWeb(Object(Config\Paths))
DEBUG - 2025-12-13 06:37:26 --> Session: Class initialized using 'CodeIgniter\Session\Handlers\FileHandler' driver.
WARNING - 2025-12-13 06:37:26 --> [DEPRECATED] Creation of dynamic property App\Controllers\Notifications::$data is deprecated in APPPATH\Controllers\BaseController.php on line 74.
 1 APPPATH\Controllers\BaseController.php(59): App\Controllers\BaseController->loadNotificationData()
 2 SYSTEMPATH\CodeIgniter.php(904): App\Controllers\BaseController->initController(Object(CodeIgniter\HTTP\IncomingRequest), Object(CodeIgniter\HTTP\Response), Object(CodeIgniter\Log\Logger))
 3 SYSTEMPATH\CodeIgniter.php(498): CodeIgniter\CodeIgniter->createController()
 4 SYSTEMPATH\CodeIgniter.php(354): CodeIgniter\CodeIgniter->handleRequest(null, Object(Config\Cache), false)
 5 SYSTEMPATH\Boot.php(363): CodeIgniter\CodeIgniter->run()
 6 SYSTEMPATH\Boot.php(68): CodeIgniter\Boot::runCodeIgniter(Object(CodeIgniter\CodeIgniter))
 7 FCPATH\index.php(59): CodeIgniter\Boot::bootWeb(Object(Config\Paths))
DEBUG - 2025-12-13 06:38:20 --> Session: Class initialized using 'CodeIgniter\Session\Handlers\FileHandler' driver.
WARNING - 2025-12-13 06:38:20 --> [DEPRECATED] Creation of dynamic property App\Controllers\Notifications::$data is deprecated in APPPATH\Controllers\BaseController.php on line 74.
 1 APPPATH\Controllers\BaseController.php(59): App\Controllers\BaseController->loadNotificationData()
 2 SYSTEMPATH\CodeIgniter.php(904): App\Controllers\BaseController->initController(Object(CodeIgniter\HTTP\IncomingRequest), Object(CodeIgniter\HTTP\Response), Object(CodeIgniter\Log\Logger))
 3 SYSTEMPATH\CodeIgniter.php(498): CodeIgniter\CodeIgniter->createController()
 4 SYSTEMPATH\CodeIgniter.php(354): CodeIgniter\CodeIgniter->handleRequest(null, Object(Config\Cache), false)
 5 SYSTEMPATH\Boot.php(363): CodeIgniter\CodeIgniter->run()
 6 SYSTEMPATH\Boot.php(68): CodeIgniter\Boot::runCodeIgniter(Object(CodeIgniter\CodeIgniter))
 7 FCPATH\index.php(59): CodeIgniter\Boot::bootWeb(Object(Config\Paths))
DEBUG - 2025-12-13 06:39:21 --> Session: Class initialized using 'CodeIgniter\Session\Handlers\FileHandler' driver.
WARNING - 2025-12-13 06:39:21 --> [DEPRECATED] Creation of dynamic property App\Controllers\Notifications::$data is deprecated in APPPATH\Controllers\BaseController.php on line 74.
 1 APPPATH\Controllers\BaseController.php(59): App\Controllers\BaseController->loadNotificationData()
 2 SYSTEMPATH\CodeIgniter.php(904): App\Controllers\BaseController->initController(Object(CodeIgniter\HTTP\IncomingRequest), Object(CodeIgniter\HTTP\Response), Object(CodeIgniter\Log\Logger))
 3 SYSTEMPATH\CodeIgniter.php(498): CodeIgniter\CodeIgniter->createController()
 4 SYSTEMPATH\CodeIgniter.php(354): CodeIgniter\CodeIgniter->handleRequest(null, Object(Config\Cache), false)
 5 SYSTEMPATH\Boot.php(363): CodeIgniter\CodeIgniter->run()
 6 SYSTEMPATH\Boot.php(68): CodeIgniter\Boot::runCodeIgniter(Object(CodeIgniter\CodeIgniter))
 7 FCPATH\index.php(59): CodeIgniter\Boot::bootWeb(Object(Config\Paths))
DEBUG - 2025-12-13 06:40:22 --> Session: Class initialized using 'CodeIgniter\Session\Handlers\FileHandler' driver.
WARNING - 2025-12-13 06:40:22 --> [DEPRECATED] Creation of dynamic property App\Controllers\Notifications::$data is deprecated in APPPATH\Controllers\BaseController.php on line 74.
 1 APPPATH\Controllers\BaseController.php(59): App\Controllers\BaseController->loadNotificationData()
 2 SYSTEMPATH\CodeIgniter.php(904): App\Controllers\BaseController->initController(Object(CodeIgniter\HTTP\IncomingRequest), Object(CodeIgniter\HTTP\Response), Object(CodeIgniter\Log\Logger))
 3 SYSTEMPATH\CodeIgniter.php(498): CodeIgniter\CodeIgniter->createController()
 4 SYSTEMPATH\CodeIgniter.php(354): CodeIgniter\CodeIgniter->handleRequest(null, Object(Config\Cache), false)
 5 SYSTEMPATH\Boot.php(363): CodeIgniter\CodeIgniter->run()
 6 SYSTEMPATH\Boot.php(68): CodeIgniter\Boot::runCodeIgniter(Object(CodeIgniter\CodeIgniter))
 7 FCPATH\index.php(59): CodeIgniter\Boot::bootWeb(Object(Config\Paths))
DEBUG - 2025-12-13 06:41:23 --> Session: Class initialized using 'CodeIgniter\Session\Handlers\FileHandler' driver.
WARNING - 2025-12-13 06:41:24 --> [DEPRECATED] Creation of dynamic property App\Controllers\Notifications::$data is deprecated in APPPATH\Controllers\BaseController.php on line 74.
 1 APPPATH\Controllers\BaseController.php(59): App\Controllers\BaseController->loadNotificationData()
 2 SYSTEMPATH\CodeIgniter.php(904): App\Controllers\BaseController->initController(Object(CodeIgniter\HTTP\IncomingRequest), Object(CodeIgniter\HTTP\Response), Object(CodeIgniter\Log\Logger))
 3 SYSTEMPATH\CodeIgniter.php(498): CodeIgniter\CodeIgniter->createController()
 4 SYSTEMPATH\CodeIgniter.php(354): CodeIgniter\CodeIgniter->handleRequest(null, Object(Config\Cache), false)
 5 SYSTEMPATH\Boot.php(363): CodeIgniter\CodeIgniter->run()
 6 SYSTEMPATH\Boot.php(68): CodeIgniter\Boot::runCodeIgniter(Object(CodeIgniter\CodeIgniter))
 7 FCPATH\index.php(59): CodeIgniter\Boot::bootWeb(Object(Config\Paths))
DEBUG - 2025-12-13 06:42:24 --> Session: Class initialized using 'CodeIgniter\Session\Handlers\FileHandler' driver.
WARNING - 2025-12-13 06:42:24 --> [DEPRECATED] Creation of dynamic property App\Controllers\Notifications::$data is deprecated in APPPATH\Controllers\BaseController.php on line 74.
 1 APPPATH\Controllers\BaseController.php(59): App\Controllers\BaseController->loadNotificationData()
 2 SYSTEMPATH\CodeIgniter.php(904): App\Controllers\BaseController->initController(Object(CodeIgniter\HTTP\IncomingRequest), Object(CodeIgniter\HTTP\Response), Object(CodeIgniter\Log\Logger))
 3 SYSTEMPATH\CodeIgniter.php(498): CodeIgniter\CodeIgniter->createController()
 4 SYSTEMPATH\CodeIgniter.php(354): CodeIgniter\CodeIgniter->handleRequest(null, Object(Config\Cache), false)
 5 SYSTEMPATH\Boot.php(363): CodeIgniter\CodeIgniter->run()
 6 SYSTEMPATH\Boot.php(68): CodeIgniter\Boot::runCodeIgniter(Object(CodeIgniter\CodeIgniter))
 7 FCPATH\index.php(59): CodeIgniter\Boot::bootWeb(Object(Config\Paths))
DEBUG - 2025-12-13 06:43:25 --> Session: Class initialized using 'CodeIgniter\Session\Handlers\FileHandler' driver.
WARNING - 2025-12-13 06:43:25 --> [DEPRECATED] Creation of dynamic property App\Controllers\Notifications::$data is deprecated in APPPATH\Controllers\BaseController.php on line 74.
 1 APPPATH\Controllers\BaseController.php(59): App\Controllers\BaseController->loadNotificationData()
 2 SYSTEMPATH\CodeIgniter.php(904): App\Controllers\BaseController->initController(Object(CodeIgniter\HTTP\IncomingRequest), Object(CodeIgniter\HTTP\Response), Object(CodeIgniter\Log\Logger))
 3 SYSTEMPATH\CodeIgniter.php(498): CodeIgniter\CodeIgniter->createController()
 4 SYSTEMPATH\CodeIgniter.php(354): CodeIgniter\CodeIgniter->handleRequest(null, Object(Config\Cache), false)
 5 SYSTEMPATH\Boot.php(363): CodeIgniter\CodeIgniter->run()
 6 SYSTEMPATH\Boot.php(68): CodeIgniter\Boot::runCodeIgniter(Object(CodeIgniter\CodeIgniter))
 7 FCPATH\index.php(59): CodeIgniter\Boot::bootWeb(Object(Config\Paths))
DEBUG - 2025-12-13 06:44:26 --> Session: Class initialized using 'CodeIgniter\Session\Handlers\FileHandler' driver.
WARNING - 2025-12-13 06:44:26 --> [DEPRECATED] Creation of dynamic property App\Controllers\Notifications::$data is deprecated in APPPATH\Controllers\BaseController.php on line 74.
 1 APPPATH\Controllers\BaseController.php(59): App\Controllers\BaseController->loadNotificationData()
 2 SYSTEMPATH\CodeIgniter.php(904): App\Controllers\BaseController->initController(Object(CodeIgniter\HTTP\IncomingRequest), Object(CodeIgniter\HTTP\Response), Object(CodeIgniter\Log\Logger))
 3 SYSTEMPATH\CodeIgniter.php(498): CodeIgniter\CodeIgniter->createController()
 4 SYSTEMPATH\CodeIgniter.php(354): CodeIgniter\CodeIgniter->handleRequest(null, Object(Config\Cache), false)
 5 SYSTEMPATH\Boot.php(363): CodeIgniter\CodeIgniter->run()
 6 SYSTEMPATH\Boot.php(68): CodeIgniter\Boot::runCodeIgniter(Object(CodeIgniter\CodeIgniter))
 7 FCPATH\index.php(59): CodeIgniter\Boot::bootWeb(Object(Config\Paths))
DEBUG - 2025-12-13 06:45:28 --> Session: Class initialized using 'CodeIgniter\Session\Handlers\FileHandler' driver.
WARNING - 2025-12-13 06:45:28 --> [DEPRECATED] Creation of dynamic property App\Controllers\Notifications::$data is deprecated in APPPATH\Controllers\BaseController.php on line 74.
 1 APPPATH\Controllers\BaseController.php(59): App\Controllers\BaseController->loadNotificationData()
 2 SYSTEMPATH\CodeIgniter.php(904): App\Controllers\BaseController->initController(Object(CodeIgniter\HTTP\IncomingRequest), Object(CodeIgniter\HTTP\Response), Object(CodeIgniter\Log\Logger))
 3 SYSTEMPATH\CodeIgniter.php(498): CodeIgniter\CodeIgniter->createController()
 4 SYSTEMPATH\CodeIgniter.php(354): CodeIgniter\CodeIgniter->handleRequest(null, Object(Config\Cache), false)
 5 SYSTEMPATH\Boot.php(363): CodeIgniter\CodeIgniter->run()
 6 SYSTEMPATH\Boot.php(68): CodeIgniter\Boot::runCodeIgniter(Object(CodeIgniter\CodeIgniter))
 7 FCPATH\index.php(59): CodeIgniter\Boot::bootWeb(Object(Config\Paths))
DEBUG - 2025-12-13 06:46:28 --> Session: Class initialized using 'CodeIgniter\Session\Handlers\FileHandler' driver.
WARNING - 2025-12-13 06:46:28 --> [DEPRECATED] Creation of dynamic property App\Controllers\Notifications::$data is deprecated in APPPATH\Controllers\BaseController.php on line 74.
 1 APPPATH\Controllers\BaseController.php(59): App\Controllers\BaseController->loadNotificationData()
 2 SYSTEMPATH\CodeIgniter.php(904): App\Controllers\BaseController->initController(Object(CodeIgniter\HTTP\IncomingRequest), Object(CodeIgniter\HTTP\Response), Object(CodeIgniter\Log\Logger))
 3 SYSTEMPATH\CodeIgniter.php(498): CodeIgniter\CodeIgniter->createController()
 4 SYSTEMPATH\CodeIgniter.php(354): CodeIgniter\CodeIgniter->handleRequest(null, Object(Config\Cache), false)
 5 SYSTEMPATH\Boot.php(363): CodeIgniter\CodeIgniter->run()
 6 SYSTEMPATH\Boot.php(68): CodeIgniter\Boot::runCodeIgniter(Object(CodeIgniter\CodeIgniter))
 7 FCPATH\index.php(59): CodeIgniter\Boot::bootWeb(Object(Config\Paths))
DEBUG - 2025-12-13 06:47:30 --> Session: Class initialized using 'CodeIgniter\Session\Handlers\FileHandler' driver.
WARNING - 2025-12-13 06:47:30 --> [DEPRECATED] Creation of dynamic property App\Controllers\Notifications::$data is deprecated in APPPATH\Controllers\BaseController.php on line 74.
 1 APPPATH\Controllers\BaseController.php(59): App\Controllers\BaseController->loadNotificationData()
 2 SYSTEMPATH\CodeIgniter.php(904): App\Controllers\BaseController->initController(Object(CodeIgniter\HTTP\IncomingRequest), Object(CodeIgniter\HTTP\Response), Object(CodeIgniter\Log\Logger))
 3 SYSTEMPATH\CodeIgniter.php(498): CodeIgniter\CodeIgniter->createController()
 4 SYSTEMPATH\CodeIgniter.php(354): CodeIgniter\CodeIgniter->handleRequest(null, Object(Config\Cache), false)
 5 SYSTEMPATH\Boot.php(363): CodeIgniter\CodeIgniter->run()
 6 SYSTEMPATH\Boot.php(68): CodeIgniter\Boot::runCodeIgniter(Object(CodeIgniter\CodeIgniter))
 7 FCPATH\index.php(59): CodeIgniter\Boot::bootWeb(Object(Config\Paths))
DEBUG - 2025-12-13 06:48:31 --> Session: Class initialized using 'CodeIgniter\Session\Handlers\FileHandler' driver.
WARNING - 2025-12-13 06:48:31 --> [DEPRECATED] Creation of dynamic property App\Controllers\Notifications::$data is deprecated in APPPATH\Controllers\BaseController.php on line 74.
 1 APPPATH\Controllers\BaseController.php(59): App\Controllers\BaseController->loadNotificationData()
 2 SYSTEMPATH\CodeIgniter.php(904): App\Controllers\BaseController->initController(Object(CodeIgniter\HTTP\IncomingRequest), Object(CodeIgniter\HTTP\Response), Object(CodeIgniter\Log\Logger))
 3 SYSTEMPATH\CodeIgniter.php(498): CodeIgniter\CodeIgniter->createController()
 4 SYSTEMPATH\CodeIgniter.php(354): CodeIgniter\CodeIgniter->handleRequest(null, Object(Config\Cache), false)
 5 SYSTEMPATH\Boot.php(363): CodeIgniter\CodeIgniter->run()
 6 SYSTEMPATH\Boot.php(68): CodeIgniter\Boot::runCodeIgniter(Object(CodeIgniter\CodeIgniter))
 7 FCPATH\index.php(59): CodeIgniter\Boot::bootWeb(Object(Config\Paths))
DEBUG - 2025-12-13 06:49:31 --> Session: Class initialized using 'CodeIgniter\Session\Handlers\FileHandler' driver.
WARNING - 2025-12-13 06:49:32 --> [DEPRECATED] Creation of dynamic property App\Controllers\Notifications::$data is deprecated in APPPATH\Controllers\BaseController.php on line 74.
 1 APPPATH\Controllers\BaseController.php(59): App\Controllers\BaseController->loadNotificationData()
 2 SYSTEMPATH\CodeIgniter.php(904): App\Controllers\BaseController->initController(Object(CodeIgniter\HTTP\IncomingRequest), Object(CodeIgniter\HTTP\Response), Object(CodeIgniter\Log\Logger))
 3 SYSTEMPATH\CodeIgniter.php(498): CodeIgniter\CodeIgniter->createController()
 4 SYSTEMPATH\CodeIgniter.php(354): CodeIgniter\CodeIgniter->handleRequest(null, Object(Config\Cache), false)
 5 SYSTEMPATH\Boot.php(363): CodeIgniter\CodeIgniter->run()
 6 SYSTEMPATH\Boot.php(68): CodeIgniter\Boot::runCodeIgniter(Object(CodeIgniter\CodeIgniter))
 7 FCPATH\index.php(59): CodeIgniter\Boot::bootWeb(Object(Config\Paths))
DEBUG - 2025-12-13 06:50:32 --> Session: Class initialized using 'CodeIgniter\Session\Handlers\FileHandler' driver.
WARNING - 2025-12-13 06:50:32 --> [DEPRECATED] Creation of dynamic property App\Controllers\Notifications::$data is deprecated in APPPATH\Controllers\BaseController.php on line 74.
 1 APPPATH\Controllers\BaseController.php(59): App\Controllers\BaseController->loadNotificationData()
 2 SYSTEMPATH\CodeIgniter.php(904): App\Controllers\BaseController->initController(Object(CodeIgniter\HTTP\IncomingRequest), Object(CodeIgniter\HTTP\Response), Object(CodeIgniter\Log\Logger))
 3 SYSTEMPATH\CodeIgniter.php(498): CodeIgniter\CodeIgniter->createController()
 4 SYSTEMPATH\CodeIgniter.php(354): CodeIgniter\CodeIgniter->handleRequest(null, Object(Config\Cache), false)
 5 SYSTEMPATH\Boot.php(363): CodeIgniter\CodeIgniter->run()
 6 SYSTEMPATH\Boot.php(68): CodeIgniter\Boot::runCodeIgniter(Object(CodeIgniter\CodeIgniter))
 7 FCPATH\index.php(59): CodeIgniter\Boot::bootWeb(Object(Config\Paths))
DEBUG - 2025-12-13 06:51:33 --> Session: Class initialized using 'CodeIgniter\Session\Handlers\FileHandler' driver.
WARNING - 2025-12-13 06:51:33 --> [DEPRECATED] Creation of dynamic property App\Controllers\Notifications::$data is deprecated in APPPATH\Controllers\BaseController.php on line 74.
 1 APPPATH\Controllers\BaseController.php(59): App\Controllers\BaseController->loadNotificationData()
 2 SYSTEMPATH\CodeIgniter.php(904): App\Controllers\BaseController->initController(Object(CodeIgniter\HTTP\IncomingRequest), Object(CodeIgniter\HTTP\Response), Object(CodeIgniter\Log\Logger))
 3 SYSTEMPATH\CodeIgniter.php(498): CodeIgniter\CodeIgniter->createController()
 4 SYSTEMPATH\CodeIgniter.php(354): CodeIgniter\CodeIgniter->handleRequest(null, Object(Config\Cache), false)
 5 SYSTEMPATH\Boot.php(363): CodeIgniter\CodeIgniter->run()
 6 SYSTEMPATH\Boot.php(68): CodeIgniter\Boot::runCodeIgniter(Object(CodeIgniter\CodeIgniter))
 7 FCPATH\index.php(59): CodeIgniter\Boot::bootWeb(Object(Config\Paths))
DEBUG - 2025-12-13 06:52:34 --> Session: Class initialized using 'CodeIgniter\Session\Handlers\FileHandler' driver.
WARNING - 2025-12-13 06:52:34 --> [DEPRECATED] Creation of dynamic property App\Controllers\Notifications::$data is deprecated in APPPATH\Controllers\BaseController.php on line 74.
 1 APPPATH\Controllers\BaseController.php(59): App\Controllers\BaseController->loadNotificationData()
 2 SYSTEMPATH\CodeIgniter.php(904): App\Controllers\BaseController->initController(Object(CodeIgniter\HTTP\IncomingRequest), Object(CodeIgniter\HTTP\Response), Object(CodeIgniter\Log\Logger))
 3 SYSTEMPATH\CodeIgniter.php(498): CodeIgniter\CodeIgniter->createController()
 4 SYSTEMPATH\CodeIgniter.php(354): CodeIgniter\CodeIgniter->handleRequest(null, Object(Config\Cache), false)
 5 SYSTEMPATH\Boot.php(363): CodeIgniter\CodeIgniter->run()
 6 SYSTEMPATH\Boot.php(68): CodeIgniter\Boot::runCodeIgniter(Object(CodeIgniter\CodeIgniter))
 7 FCPATH\index.php(59): CodeIgniter\Boot::bootWeb(Object(Config\Paths))
DEBUG - 2025-12-13 06:53:35 --> Session: Class initialized using 'CodeIgniter\Session\Handlers\FileHandler' driver.
WARNING - 2025-12-13 06:53:35 --> [DEPRECATED] Creation of dynamic property App\Controllers\Notifications::$data is deprecated in APPPATH\Controllers\BaseController.php on line 74.
 1 APPPATH\Controllers\BaseController.php(59): App\Controllers\BaseController->loadNotificationData()
 2 SYSTEMPATH\CodeIgniter.php(904): App\Controllers\BaseController->initController(Object(CodeIgniter\HTTP\IncomingRequest), Object(CodeIgniter\HTTP\Response), Object(CodeIgniter\Log\Logger))
 3 SYSTEMPATH\CodeIgniter.php(498): CodeIgniter\CodeIgniter->createController()
 4 SYSTEMPATH\CodeIgniter.php(354): CodeIgniter\CodeIgniter->handleRequest(null, Object(Config\Cache), false)
 5 SYSTEMPATH\Boot.php(363): CodeIgniter\CodeIgniter->run()
 6 SYSTEMPATH\Boot.php(68): CodeIgniter\Boot::runCodeIgniter(Object(CodeIgniter\CodeIgniter))
 7 FCPATH\index.php(59): CodeIgniter\Boot::bootWeb(Object(Config\Paths))
DEBUG - 2025-12-13 06:54:36 --> Session: Class initialized using 'CodeIgniter\Session\Handlers\FileHandler' driver.
WARNING - 2025-12-13 06:54:36 --> [DEPRECATED] Creation of dynamic property App\Controllers\Notifications::$data is deprecated in APPPATH\Controllers\BaseController.php on line 74.
 1 APPPATH\Controllers\BaseController.php(59): App\Controllers\BaseController->loadNotificationData()
 2 SYSTEMPATH\CodeIgniter.php(904): App\Controllers\BaseController->initController(Object(CodeIgniter\HTTP\IncomingRequest), Object(CodeIgniter\HTTP\Response), Object(CodeIgniter\Log\Logger))
 3 SYSTEMPATH\CodeIgniter.php(498): CodeIgniter\CodeIgniter->createController()
 4 SYSTEMPATH\CodeIgniter.php(354): CodeIgniter\CodeIgniter->handleRequest(null, Object(Config\Cache), false)
 5 SYSTEMPATH\Boot.php(363): CodeIgniter\CodeIgniter->run()
 6 SYSTEMPATH\Boot.php(68): CodeIgniter\Boot::runCodeIgniter(Object(CodeIgniter\CodeIgniter))
 7 FCPATH\index.php(59): CodeIgniter\Boot::bootWeb(Object(Config\Paths))
DEBUG - 2025-12-13 06:55:37 --> Session: Class initialized using 'CodeIgniter\Session\Handlers\FileHandler' driver.
WARNING - 2025-12-13 06:55:37 --> [DEPRECATED] Creation of dynamic property App\Controllers\Notifications::$data is deprecated in APPPATH\Controllers\BaseController.php on line 74.
 1 APPPATH\Controllers\BaseController.php(59): App\Controllers\BaseController->loadNotificationData()
 2 SYSTEMPATH\CodeIgniter.php(904): App\Controllers\BaseController->initController(Object(CodeIgniter\HTTP\IncomingRequest), Object(CodeIgniter\HTTP\Response), Object(CodeIgniter\Log\Logger))
 3 SYSTEMPATH\CodeIgniter.php(498): CodeIgniter\CodeIgniter->createController()
 4 SYSTEMPATH\CodeIgniter.php(354): CodeIgniter\CodeIgniter->handleRequest(null, Object(Config\Cache), false)
 5 SYSTEMPATH\Boot.php(363): CodeIgniter\CodeIgniter->run()
 6 SYSTEMPATH\Boot.php(68): CodeIgniter\Boot::runCodeIgniter(Object(CodeIgniter\CodeIgniter))
 7 FCPATH\index.php(59): CodeIgniter\Boot::bootWeb(Object(Config\Paths))
DEBUG - 2025-12-13 06:56:38 --> Session: Class initialized using 'CodeIgniter\Session\Handlers\FileHandler' driver.
WARNING - 2025-12-13 06:56:38 --> [DEPRECATED] Creation of dynamic property App\Controllers\Notifications::$data is deprecated in APPPATH\Controllers\BaseController.php on line 74.
 1 APPPATH\Controllers\BaseController.php(59): App\Controllers\BaseController->loadNotificationData()
 2 SYSTEMPATH\CodeIgniter.php(904): App\Controllers\BaseController->initController(Object(CodeIgniter\HTTP\IncomingRequest), Object(CodeIgniter\HTTP\Response), Object(CodeIgniter\Log\Logger))
 3 SYSTEMPATH\CodeIgniter.php(498): CodeIgniter\CodeIgniter->createController()
 4 SYSTEMPATH\CodeIgniter.php(354): CodeIgniter\CodeIgniter->handleRequest(null, Object(Config\Cache), false)
 5 SYSTEMPATH\Boot.php(363): CodeIgniter\CodeIgniter->run()
 6 SYSTEMPATH\Boot.php(68): CodeIgniter\Boot::runCodeIgniter(Object(CodeIgniter\CodeIgniter))
 7 FCPATH\index.php(59): CodeIgniter\Boot::bootWeb(Object(Config\Paths))
DEBUG - 2025-12-13 06:57:39 --> Session: Class initialized using 'CodeIgniter\Session\Handlers\FileHandler' driver.
WARNING - 2025-12-13 06:57:39 --> [DEPRECATED] Creation of dynamic property App\Controllers\Notifications::$data is deprecated in APPPATH\Controllers\BaseController.php on line 74.
 1 APPPATH\Controllers\BaseController.php(59): App\Controllers\BaseController->loadNotificationData()
 2 SYSTEMPATH\CodeIgniter.php(904): App\Controllers\BaseController->initController(Object(CodeIgniter\HTTP\IncomingRequest), Object(CodeIgniter\HTTP\Response), Object(CodeIgniter\Log\Logger))
 3 SYSTEMPATH\CodeIgniter.php(498): CodeIgniter\CodeIgniter->createController()
 4 SYSTEMPATH\CodeIgniter.php(354): CodeIgniter\CodeIgniter->handleRequest(null, Object(Config\Cache), false)
 5 SYSTEMPATH\Boot.php(363): CodeIgniter\CodeIgniter->run()
 6 SYSTEMPATH\Boot.php(68): CodeIgniter\Boot::runCodeIgniter(Object(CodeIgniter\CodeIgniter))
 7 FCPATH\index.php(59): CodeIgniter\Boot::bootWeb(Object(Config\Paths))
DEBUG - 2025-12-13 06:58:40 --> Session: Class initialized using 'CodeIgniter\Session\Handlers\FileHandler' driver.
WARNING - 2025-12-13 06:58:40 --> [DEPRECATED] Creation of dynamic property App\Controllers\Notifications::$data is deprecated in APPPATH\Controllers\BaseController.php on line 74.
 1 APPPATH\Controllers\BaseController.php(59): App\Controllers\BaseController->loadNotificationData()
 2 SYSTEMPATH\CodeIgniter.php(904): App\Controllers\BaseController->initController(Object(CodeIgniter\HTTP\IncomingRequest), Object(CodeIgniter\HTTP\Response), Object(CodeIgniter\Log\Logger))
 3 SYSTEMPATH\CodeIgniter.php(498): CodeIgniter\CodeIgniter->createController()
 4 SYSTEMPATH\CodeIgniter.php(354): CodeIgniter\CodeIgniter->handleRequest(null, Object(Config\Cache), false)
 5 SYSTEMPATH\Boot.php(363): CodeIgniter\CodeIgniter->run()
 6 SYSTEMPATH\Boot.php(68): CodeIgniter\Boot::runCodeIgniter(Object(CodeIgniter\CodeIgniter))
 7 FCPATH\index.php(59): CodeIgniter\Boot::bootWeb(Object(Config\Paths))
DEBUG - 2025-12-13 06:59:41 --> Session: Class initialized using 'CodeIgniter\Session\Handlers\FileHandler' driver.
WARNING - 2025-12-13 06:59:41 --> [DEPRECATED] Creation of dynamic property App\Controllers\Notifications::$data is deprecated in APPPATH\Controllers\BaseController.php on line 74.
 1 APPPATH\Controllers\BaseController.php(59): App\Controllers\BaseController->loadNotificationData()
 2 SYSTEMPATH\CodeIgniter.php(904): App\Controllers\BaseController->initController(Object(CodeIgniter\HTTP\IncomingRequest), Object(CodeIgniter\HTTP\Response), Object(CodeIgniter\Log\Logger))
 3 SYSTEMPATH\CodeIgniter.php(498): CodeIgniter\CodeIgniter->createController()
 4 SYSTEMPATH\CodeIgniter.php(354): CodeIgniter\CodeIgniter->handleRequest(null, Object(Config\Cache), false)
 5 SYSTEMPATH\Boot.php(363): CodeIgniter\CodeIgniter->run()
 6 SYSTEMPATH\Boot.php(68): CodeIgniter\Boot::runCodeIgniter(Object(CodeIgniter\CodeIgniter))
 7 FCPATH\index.php(59): CodeIgniter\Boot::bootWeb(Object(Config\Paths))
DEBUG - 2025-12-13 07:00:43 --> Session: Class initialized using 'CodeIgniter\Session\Handlers\FileHandler' driver.
WARNING - 2025-12-13 07:00:43 --> [DEPRECATED] Creation of dynamic property App\Controllers\Notifications::$data is deprecated in APPPATH\Controllers\BaseController.php on line 74.
 1 APPPATH\Controllers\BaseController.php(59): App\Controllers\BaseController->loadNotificationData()
 2 SYSTEMPATH\CodeIgniter.php(904): App\Controllers\BaseController->initController(Object(CodeIgniter\HTTP\IncomingRequest), Object(CodeIgniter\HTTP\Response), Object(CodeIgniter\Log\Logger))
 3 SYSTEMPATH\CodeIgniter.php(498): CodeIgniter\CodeIgniter->createController()
 4 SYSTEMPATH\CodeIgniter.php(354): CodeIgniter\CodeIgniter->handleRequest(null, Object(Config\Cache), false)
 5 SYSTEMPATH\Boot.php(363): CodeIgniter\CodeIgniter->run()
 6 SYSTEMPATH\Boot.php(68): CodeIgniter\Boot::runCodeIgniter(Object(CodeIgniter\CodeIgniter))
 7 FCPATH\index.php(59): CodeIgniter\Boot::bootWeb(Object(Config\Paths))
DEBUG - 2025-12-13 07:01:43 --> Session: Class initialized using 'CodeIgniter\Session\Handlers\FileHandler' driver.
WARNING - 2025-12-13 07:01:43 --> [DEPRECATED] Creation of dynamic property App\Controllers\Notifications::$data is deprecated in APPPATH\Controllers\BaseController.php on line 74.
 1 APPPATH\Controllers\BaseController.php(59): App\Controllers\BaseController->loadNotificationData()
 2 SYSTEMPATH\CodeIgniter.php(904): App\Controllers\BaseController->initController(Object(CodeIgniter\HTTP\IncomingRequest), Object(CodeIgniter\HTTP\Response), Object(CodeIgniter\Log\Logger))
 3 SYSTEMPATH\CodeIgniter.php(498): CodeIgniter\CodeIgniter->createController()
 4 SYSTEMPATH\CodeIgniter.php(354): CodeIgniter\CodeIgniter->handleRequest(null, Object(Config\Cache), false)
 5 SYSTEMPATH\Boot.php(363): CodeIgniter\CodeIgniter->run()
 6 SYSTEMPATH\Boot.php(68): CodeIgniter\Boot::runCodeIgniter(Object(CodeIgniter\CodeIgniter))
 7 FCPATH\index.php(59): CodeIgniter\Boot::bootWeb(Object(Config\Paths))
DEBUG - 2025-12-13 07:02:44 --> Session: Class initialized using 'CodeIgniter\Session\Handlers\FileHandler' driver.
WARNING - 2025-12-13 07:02:44 --> [DEPRECATED] Creation of dynamic property App\Controllers\Notifications::$data is deprecated in APPPATH\Controllers\BaseController.php on line 74.
 1 APPPATH\Controllers\BaseController.php(59): App\Controllers\BaseController->loadNotificationData()
 2 SYSTEMPATH\CodeIgniter.php(904): App\Controllers\BaseController->initController(Object(CodeIgniter\HTTP\IncomingRequest), Object(CodeIgniter\HTTP\Response), Object(CodeIgniter\Log\Logger))
 3 SYSTEMPATH\CodeIgniter.php(498): CodeIgniter\CodeIgniter->createController()
 4 SYSTEMPATH\CodeIgniter.php(354): CodeIgniter\CodeIgniter->handleRequest(null, Object(Config\Cache), false)
 5 SYSTEMPATH\Boot.php(363): CodeIgniter\CodeIgniter->run()
 6 SYSTEMPATH\Boot.php(68): CodeIgniter\Boot::runCodeIgniter(Object(CodeIgniter\CodeIgniter))
 7 FCPATH\index.php(59): CodeIgniter\Boot::bootWeb(Object(Config\Paths))
DEBUG - 2025-12-13 07:03:45 --> Session: Class initialized using 'CodeIgniter\Session\Handlers\FileHandler' driver.
WARNING - 2025-12-13 07:03:45 --> [DEPRECATED] Creation of dynamic property App\Controllers\Notifications::$data is deprecated in APPPATH\Controllers\BaseController.php on line 74.
 1 APPPATH\Controllers\BaseController.php(59): App\Controllers\BaseController->loadNotificationData()
 2 SYSTEMPATH\CodeIgniter.php(904): App\Controllers\BaseController->initController(Object(CodeIgniter\HTTP\IncomingRequest), Object(CodeIgniter\HTTP\Response), Object(CodeIgniter\Log\Logger))
 3 SYSTEMPATH\CodeIgniter.php(498): CodeIgniter\CodeIgniter->createController()
 4 SYSTEMPATH\CodeIgniter.php(354): CodeIgniter\CodeIgniter->handleRequest(null, Object(Config\Cache), false)
 5 SYSTEMPATH\Boot.php(363): CodeIgniter\CodeIgniter->run()
 6 SYSTEMPATH\Boot.php(68): CodeIgniter\Boot::runCodeIgniter(Object(CodeIgniter\CodeIgniter))
 7 FCPATH\index.php(59): CodeIgniter\Boot::bootWeb(Object(Config\Paths))
DEBUG - 2025-12-13 07:04:46 --> Session: Class initialized using 'CodeIgniter\Session\Handlers\FileHandler' driver.
WARNING - 2025-12-13 07:04:46 --> [DEPRECATED] Creation of dynamic property App\Controllers\Notifications::$data is deprecated in APPPATH\Controllers\BaseController.php on line 74.
 1 APPPATH\Controllers\BaseController.php(59): App\Controllers\BaseController->loadNotificationData()
 2 SYSTEMPATH\CodeIgniter.php(904): App\Controllers\BaseController->initController(Object(CodeIgniter\HTTP\IncomingRequest), Object(CodeIgniter\HTTP\Response), Object(CodeIgniter\Log\Logger))
 3 SYSTEMPATH\CodeIgniter.php(498): CodeIgniter\CodeIgniter->createController()
 4 SYSTEMPATH\CodeIgniter.php(354): CodeIgniter\CodeIgniter->handleRequest(null, Object(Config\Cache), false)
 5 SYSTEMPATH\Boot.php(363): CodeIgniter\CodeIgniter->run()
 6 SYSTEMPATH\Boot.php(68): CodeIgniter\Boot::runCodeIgniter(Object(CodeIgniter\CodeIgniter))
 7 FCPATH\index.php(59): CodeIgniter\Boot::bootWeb(Object(Config\Paths))
DEBUG - 2025-12-13 07:05:47 --> Session: Class initialized using 'CodeIgniter\Session\Handlers\FileHandler' driver.
WARNING - 2025-12-13 07:05:47 --> [DEPRECATED] Creation of dynamic property App\Controllers\Notifications::$data is deprecated in APPPATH\Controllers\BaseController.php on line 74.
 1 APPPATH\Controllers\BaseController.php(59): App\Controllers\BaseController->loadNotificationData()
 2 SYSTEMPATH\CodeIgniter.php(904): App\Controllers\BaseController->initController(Object(CodeIgniter\HTTP\IncomingRequest), Object(CodeIgniter\HTTP\Response), Object(CodeIgniter\Log\Logger))
 3 SYSTEMPATH\CodeIgniter.php(498): CodeIgniter\CodeIgniter->createController()
 4 SYSTEMPATH\CodeIgniter.php(354): CodeIgniter\CodeIgniter->handleRequest(null, Object(Config\Cache), false)
 5 SYSTEMPATH\Boot.php(363): CodeIgniter\CodeIgniter->run()
 6 SYSTEMPATH\Boot.php(68): CodeIgniter\Boot::runCodeIgniter(Object(CodeIgniter\CodeIgniter))
 7 FCPATH\index.php(59): CodeIgniter\Boot::bootWeb(Object(Config\Paths))
DEBUG - 2025-12-13 07:06:48 --> Session: Class initialized using 'CodeIgniter\Session\Handlers\FileHandler' driver.
WARNING - 2025-12-13 07:06:48 --> [DEPRECATED] Creation of dynamic property App\Controllers\Notifications::$data is deprecated in APPPATH\Controllers\BaseController.php on line 74.
 1 APPPATH\Controllers\BaseController.php(59): App\Controllers\BaseController->loadNotificationData()
 2 SYSTEMPATH\CodeIgniter.php(904): App\Controllers\BaseController->initController(Object(CodeIgniter\HTTP\IncomingRequest), Object(CodeIgniter\HTTP\Response), Object(CodeIgniter\Log\Logger))
 3 SYSTEMPATH\CodeIgniter.php(498): CodeIgniter\CodeIgniter->createController()
 4 SYSTEMPATH\CodeIgniter.php(354): CodeIgniter\CodeIgniter->handleRequest(null, Object(Config\Cache), false)
 5 SYSTEMPATH\Boot.php(363): CodeIgniter\CodeIgniter->run()
 6 SYSTEMPATH\Boot.php(68): CodeIgniter\Boot::runCodeIgniter(Object(CodeIgniter\CodeIgniter))
 7 FCPATH\index.php(59): CodeIgniter\Boot::bootWeb(Object(Config\Paths))
DEBUG - 2025-12-13 07:07:49 --> Session: Class initialized using 'CodeIgniter\Session\Handlers\FileHandler' driver.
WARNING - 2025-12-13 07:07:49 --> [DEPRECATED] Creation of dynamic property App\Controllers\Notifications::$data is deprecated in APPPATH\Controllers\BaseController.php on line 74.
 1 APPPATH\Controllers\BaseController.php(59): App\Controllers\BaseController->loadNotificationData()
 2 SYSTEMPATH\CodeIgniter.php(904): App\Controllers\BaseController->initController(Object(CodeIgniter\HTTP\IncomingRequest), Object(CodeIgniter\HTTP\Response), Object(CodeIgniter\Log\Logger))
 3 SYSTEMPATH\CodeIgniter.php(498): CodeIgniter\CodeIgniter->createController()
 4 SYSTEMPATH\CodeIgniter.php(354): CodeIgniter\CodeIgniter->handleRequest(null, Object(Config\Cache), false)
 5 SYSTEMPATH\Boot.php(363): CodeIgniter\CodeIgniter->run()
 6 SYSTEMPATH\Boot.php(68): CodeIgniter\Boot::runCodeIgniter(Object(CodeIgniter\CodeIgniter))
 7 FCPATH\index.php(59): CodeIgniter\Boot::bootWeb(Object(Config\Paths))
DEBUG - 2025-12-13 07:08:50 --> Session: Class initialized using 'CodeIgniter\Session\Handlers\FileHandler' driver.
WARNING - 2025-12-13 07:08:50 --> [DEPRECATED] Creation of dynamic property App\Controllers\Notifications::$data is deprecated in APPPATH\Controllers\BaseController.php on line 74.
 1 APPPATH\Controllers\BaseController.php(59): App\Controllers\BaseController->loadNotificationData()
 2 SYSTEMPATH\CodeIgniter.php(904): App\Controllers\BaseController->initController(Object(CodeIgniter\HTTP\IncomingRequest), Object(CodeIgniter\HTTP\Response), Object(CodeIgniter\Log\Logger))
 3 SYSTEMPATH\CodeIgniter.php(498): CodeIgniter\CodeIgniter->createController()
 4 SYSTEMPATH\CodeIgniter.php(354): CodeIgniter\CodeIgniter->handleRequest(null, Object(Config\Cache), false)
 5 SYSTEMPATH\Boot.php(363): CodeIgniter\CodeIgniter->run()
 6 SYSTEMPATH\Boot.php(68): CodeIgniter\Boot::runCodeIgniter(Object(CodeIgniter\CodeIgniter))
 7 FCPATH\index.php(59): CodeIgniter\Boot::bootWeb(Object(Config\Paths))
DEBUG - 2025-12-13 07:09:51 --> Session: Class initialized using 'CodeIgniter\Session\Handlers\FileHandler' driver.
WARNING - 2025-12-13 07:09:51 --> [DEPRECATED] Creation of dynamic property App\Controllers\Notifications::$data is deprecated in APPPATH\Controllers\BaseController.php on line 74.
 1 APPPATH\Controllers\BaseController.php(59): App\Controllers\BaseController->loadNotificationData()
 2 SYSTEMPATH\CodeIgniter.php(904): App\Controllers\BaseController->initController(Object(CodeIgniter\HTTP\IncomingRequest), Object(CodeIgniter\HTTP\Response), Object(CodeIgniter\Log\Logger))
 3 SYSTEMPATH\CodeIgniter.php(498): CodeIgniter\CodeIgniter->createController()
 4 SYSTEMPATH\CodeIgniter.php(354): CodeIgniter\CodeIgniter->handleRequest(null, Object(Config\Cache), false)
 5 SYSTEMPATH\Boot.php(363): CodeIgniter\CodeIgniter->run()
 6 SYSTEMPATH\Boot.php(68): CodeIgniter\Boot::runCodeIgniter(Object(CodeIgniter\CodeIgniter))
 7 FCPATH\index.php(59): CodeIgniter\Boot::bootWeb(Object(Config\Paths))
DEBUG - 2025-12-13 07:10:52 --> Session: Class initialized using 'CodeIgniter\Session\Handlers\FileHandler' driver.
WARNING - 2025-12-13 07:10:52 --> [DEPRECATED] Creation of dynamic property App\Controllers\Notifications::$data is deprecated in APPPATH\Controllers\BaseController.php on line 74.
 1 APPPATH\Controllers\BaseController.php(59): App\Controllers\BaseController->loadNotificationData()
 2 SYSTEMPATH\CodeIgniter.php(904): App\Controllers\BaseController->initController(Object(CodeIgniter\HTTP\IncomingRequest), Object(CodeIgniter\HTTP\Response), Object(CodeIgniter\Log\Logger))
 3 SYSTEMPATH\CodeIgniter.php(498): CodeIgniter\CodeIgniter->createController()
 4 SYSTEMPATH\CodeIgniter.php(354): CodeIgniter\CodeIgniter->handleRequest(null, Object(Config\Cache), false)
 5 SYSTEMPATH\Boot.php(363): CodeIgniter\CodeIgniter->run()
 6 SYSTEMPATH\Boot.php(68): CodeIgniter\Boot::runCodeIgniter(Object(CodeIgniter\CodeIgniter))
 7 FCPATH\index.php(59): CodeIgniter\Boot::bootWeb(Object(Config\Paths))
DEBUG - 2025-12-13 07:11:53 --> Session: Class initialized using 'CodeIgniter\Session\Handlers\FileHandler' driver.
WARNING - 2025-12-13 07:11:53 --> [DEPRECATED] Creation of dynamic property App\Controllers\Notifications::$data is deprecated in APPPATH\Controllers\BaseController.php on line 74.
 1 APPPATH\Controllers\BaseController.php(59): App\Controllers\BaseController->loadNotificationData()
 2 SYSTEMPATH\CodeIgniter.php(904): App\Controllers\BaseController->initController(Object(CodeIgniter\HTTP\IncomingRequest), Object(CodeIgniter\HTTP\Response), Object(CodeIgniter\Log\Logger))
 3 SYSTEMPATH\CodeIgniter.php(498): CodeIgniter\CodeIgniter->createController()
 4 SYSTEMPATH\CodeIgniter.php(354): CodeIgniter\CodeIgniter->handleRequest(null, Object(Config\Cache), false)
 5 SYSTEMPATH\Boot.php(363): CodeIgniter\CodeIgniter->run()
 6 SYSTEMPATH\Boot.php(68): CodeIgniter\Boot::runCodeIgniter(Object(CodeIgniter\CodeIgniter))
 7 FCPATH\index.php(59): CodeIgniter\Boot::bootWeb(Object(Config\Paths))
DEBUG - 2025-12-13 07:12:54 --> Session: Class initialized using 'CodeIgniter\Session\Handlers\FileHandler' driver.
WARNING - 2025-12-13 07:12:54 --> [DEPRECATED] Creation of dynamic property App\Controllers\Notifications::$data is deprecated in APPPATH\Controllers\BaseController.php on line 74.
 1 APPPATH\Controllers\BaseController.php(59): App\Controllers\BaseController->loadNotificationData()
 2 SYSTEMPATH\CodeIgniter.php(904): App\Controllers\BaseController->initController(Object(CodeIgniter\HTTP\IncomingRequest), Object(CodeIgniter\HTTP\Response), Object(CodeIgniter\Log\Logger))
 3 SYSTEMPATH\CodeIgniter.php(498): CodeIgniter\CodeIgniter->createController()
 4 SYSTEMPATH\CodeIgniter.php(354): CodeIgniter\CodeIgniter->handleRequest(null, Object(Config\Cache), false)
 5 SYSTEMPATH\Boot.php(363): CodeIgniter\CodeIgniter->run()
 6 SYSTEMPATH\Boot.php(68): CodeIgniter\Boot::runCodeIgniter(Object(CodeIgniter\CodeIgniter))
 7 FCPATH\index.php(59): CodeIgniter\Boot::bootWeb(Object(Config\Paths))
DEBUG - 2025-12-13 07:13:55 --> Session: Class initialized using 'CodeIgniter\Session\Handlers\FileHandler' driver.
WARNING - 2025-12-13 07:13:55 --> [DEPRECATED] Creation of dynamic property App\Controllers\Notifications::$data is deprecated in APPPATH\Controllers\BaseController.php on line 74.
 1 APPPATH\Controllers\BaseController.php(59): App\Controllers\BaseController->loadNotificationData()
 2 SYSTEMPATH\CodeIgniter.php(904): App\Controllers\BaseController->initController(Object(CodeIgniter\HTTP\IncomingRequest), Object(CodeIgniter\HTTP\Response), Object(CodeIgniter\Log\Logger))
 3 SYSTEMPATH\CodeIgniter.php(498): CodeIgniter\CodeIgniter->createController()
 4 SYSTEMPATH\CodeIgniter.php(354): CodeIgniter\CodeIgniter->handleRequest(null, Object(Config\Cache), false)
 5 SYSTEMPATH\Boot.php(363): CodeIgniter\CodeIgniter->run()
 6 SYSTEMPATH\Boot.php(68): CodeIgniter\Boot::runCodeIgniter(Object(CodeIgniter\CodeIgniter))
 7 FCPATH\index.php(59): CodeIgniter\Boot::bootWeb(Object(Config\Paths))
DEBUG - 2025-12-13 07:14:56 --> Session: Class initialized using 'CodeIgniter\Session\Handlers\FileHandler' driver.
WARNING - 2025-12-13 07:14:56 --> [DEPRECATED] Creation of dynamic property App\Controllers\Notifications::$data is deprecated in APPPATH\Controllers\BaseController.php on line 74.
 1 APPPATH\Controllers\BaseController.php(59): App\Controllers\BaseController->loadNotificationData()
 2 SYSTEMPATH\CodeIgniter.php(904): App\Controllers\BaseController->initController(Object(CodeIgniter\HTTP\IncomingRequest), Object(CodeIgniter\HTTP\Response), Object(CodeIgniter\Log\Logger))
 3 SYSTEMPATH\CodeIgniter.php(498): CodeIgniter\CodeIgniter->createController()
 4 SYSTEMPATH\CodeIgniter.php(354): CodeIgniter\CodeIgniter->handleRequest(null, Object(Config\Cache), false)
 5 SYSTEMPATH\Boot.php(363): CodeIgniter\CodeIgniter->run()
 6 SYSTEMPATH\Boot.php(68): CodeIgniter\Boot::runCodeIgniter(Object(CodeIgniter\CodeIgniter))
 7 FCPATH\index.php(59): CodeIgniter\Boot::bootWeb(Object(Config\Paths))
DEBUG - 2025-12-13 07:15:57 --> Session: Class initialized using 'CodeIgniter\Session\Handlers\FileHandler' driver.
WARNING - 2025-12-13 07:15:57 --> [DEPRECATED] Creation of dynamic property App\Controllers\Notifications::$data is deprecated in APPPATH\Controllers\BaseController.php on line 74.
 1 APPPATH\Controllers\BaseController.php(59): App\Controllers\BaseController->loadNotificationData()
 2 SYSTEMPATH\CodeIgniter.php(904): App\Controllers\BaseController->initController(Object(CodeIgniter\HTTP\IncomingRequest), Object(CodeIgniter\HTTP\Response), Object(CodeIgniter\Log\Logger))
 3 SYSTEMPATH\CodeIgniter.php(498): CodeIgniter\CodeIgniter->createController()
 4 SYSTEMPATH\CodeIgniter.php(354): CodeIgniter\CodeIgniter->handleRequest(null, Object(Config\Cache), false)
 5 SYSTEMPATH\Boot.php(363): CodeIgniter\CodeIgniter->run()
 6 SYSTEMPATH\Boot.php(68): CodeIgniter\Boot::runCodeIgniter(Object(CodeIgniter\CodeIgniter))
 7 FCPATH\index.php(59): CodeIgniter\Boot::bootWeb(Object(Config\Paths))
DEBUG - 2025-12-13 07:16:58 --> Session: Class initialized using 'CodeIgniter\Session\Handlers\FileHandler' driver.
WARNING - 2025-12-13 07:16:59 --> [DEPRECATED] Creation of dynamic property App\Controllers\Notifications::$data is deprecated in APPPATH\Controllers\BaseController.php on line 74.
 1 APPPATH\Controllers\BaseController.php(59): App\Controllers\BaseController->loadNotificationData()
 2 SYSTEMPATH\CodeIgniter.php(904): App\Controllers\BaseController->initController(Object(CodeIgniter\HTTP\IncomingRequest), Object(CodeIgniter\HTTP\Response), Object(CodeIgniter\Log\Logger))
 3 SYSTEMPATH\CodeIgniter.php(498): CodeIgniter\CodeIgniter->createController()
 4 SYSTEMPATH\CodeIgniter.php(354): CodeIgniter\CodeIgniter->handleRequest(null, Object(Config\Cache), false)
 5 SYSTEMPATH\Boot.php(363): CodeIgniter\CodeIgniter->run()
 6 SYSTEMPATH\Boot.php(68): CodeIgniter\Boot::runCodeIgniter(Object(CodeIgniter\CodeIgniter))
 7 FCPATH\index.php(59): CodeIgniter\Boot::bootWeb(Object(Config\Paths))
DEBUG - 2025-12-13 07:17:59 --> Session: Class initialized using 'CodeIgniter\Session\Handlers\FileHandler' driver.
WARNING - 2025-12-13 07:17:59 --> [DEPRECATED] Creation of dynamic property App\Controllers\Notifications::$data is deprecated in APPPATH\Controllers\BaseController.php on line 74.
 1 APPPATH\Controllers\BaseController.php(59): App\Controllers\BaseController->loadNotificationData()
 2 SYSTEMPATH\CodeIgniter.php(904): App\Controllers\BaseController->initController(Object(CodeIgniter\HTTP\IncomingRequest), Object(CodeIgniter\HTTP\Response), Object(CodeIgniter\Log\Logger))
 3 SYSTEMPATH\CodeIgniter.php(498): CodeIgniter\CodeIgniter->createController()
 4 SYSTEMPATH\CodeIgniter.php(354): CodeIgniter\CodeIgniter->handleRequest(null, Object(Config\Cache), false)
 5 SYSTEMPATH\Boot.php(363): CodeIgniter\CodeIgniter->run()
 6 SYSTEMPATH\Boot.php(68): CodeIgniter\Boot::runCodeIgniter(Object(CodeIgniter\CodeIgniter))
 7 FCPATH\index.php(59): CodeIgniter\Boot::bootWeb(Object(Config\Paths))
DEBUG - 2025-12-13 07:19:00 --> Session: Class initialized using 'CodeIgniter\Session\Handlers\FileHandler' driver.
WARNING - 2025-12-13 07:19:00 --> [DEPRECATED] Creation of dynamic property App\Controllers\Notifications::$data is deprecated in APPPATH\Controllers\BaseController.php on line 74.
 1 APPPATH\Controllers\BaseController.php(59): App\Controllers\BaseController->loadNotificationData()
 2 SYSTEMPATH\CodeIgniter.php(904): App\Controllers\BaseController->initController(Object(CodeIgniter\HTTP\IncomingRequest), Object(CodeIgniter\HTTP\Response), Object(CodeIgniter\Log\Logger))
 3 SYSTEMPATH\CodeIgniter.php(498): CodeIgniter\CodeIgniter->createController()
 4 SYSTEMPATH\CodeIgniter.php(354): CodeIgniter\CodeIgniter->handleRequest(null, Object(Config\Cache), false)
 5 SYSTEMPATH\Boot.php(363): CodeIgniter\CodeIgniter->run()
 6 SYSTEMPATH\Boot.php(68): CodeIgniter\Boot::runCodeIgniter(Object(CodeIgniter\CodeIgniter))
 7 FCPATH\index.php(59): CodeIgniter\Boot::bootWeb(Object(Config\Paths))
DEBUG - 2025-12-13 07:20:01 --> Session: Class initialized using 'CodeIgniter\Session\Handlers\FileHandler' driver.
WARNING - 2025-12-13 07:20:01 --> [DEPRECATED] Creation of dynamic property App\Controllers\Notifications::$data is deprecated in APPPATH\Controllers\BaseController.php on line 74.
 1 APPPATH\Controllers\BaseController.php(59): App\Controllers\BaseController->loadNotificationData()
 2 SYSTEMPATH\CodeIgniter.php(904): App\Controllers\BaseController->initController(Object(CodeIgniter\HTTP\IncomingRequest), Object(CodeIgniter\HTTP\Response), Object(CodeIgniter\Log\Logger))
 3 SYSTEMPATH\CodeIgniter.php(498): CodeIgniter\CodeIgniter->createController()
 4 SYSTEMPATH\CodeIgniter.php(354): CodeIgniter\CodeIgniter->handleRequest(null, Object(Config\Cache), false)
 5 SYSTEMPATH\Boot.php(363): CodeIgniter\CodeIgniter->run()
 6 SYSTEMPATH\Boot.php(68): CodeIgniter\Boot::runCodeIgniter(Object(CodeIgniter\CodeIgniter))
 7 FCPATH\index.php(59): CodeIgniter\Boot::bootWeb(Object(Config\Paths))
DEBUG - 2025-12-13 07:21:02 --> Session: Class initialized using 'CodeIgniter\Session\Handlers\FileHandler' driver.
WARNING - 2025-12-13 07:21:02 --> [DEPRECATED] Creation of dynamic property App\Controllers\Notifications::$data is deprecated in APPPATH\Controllers\BaseController.php on line 74.
 1 APPPATH\Controllers\BaseController.php(59): App\Controllers\BaseController->loadNotificationData()
 2 SYSTEMPATH\CodeIgniter.php(904): App\Controllers\BaseController->initController(Object(CodeIgniter\HTTP\IncomingRequest), Object(CodeIgniter\HTTP\Response), Object(CodeIgniter\Log\Logger))
 3 SYSTEMPATH\CodeIgniter.php(498): CodeIgniter\CodeIgniter->createController()
 4 SYSTEMPATH\CodeIgniter.php(354): CodeIgniter\CodeIgniter->handleRequest(null, Object(Config\Cache), false)
 5 SYSTEMPATH\Boot.php(363): CodeIgniter\CodeIgniter->run()
 6 SYSTEMPATH\Boot.php(68): CodeIgniter\Boot::runCodeIgniter(Object(CodeIgniter\CodeIgniter))
 7 FCPATH\index.php(59): CodeIgniter\Boot::bootWeb(Object(Config\Paths))
DEBUG - 2025-12-13 07:22:03 --> Session: Class initialized using 'CodeIgniter\Session\Handlers\FileHandler' driver.
WARNING - 2025-12-13 07:22:03 --> [DEPRECATED] Creation of dynamic property App\Controllers\Notifications::$data is deprecated in APPPATH\Controllers\BaseController.php on line 74.
 1 APPPATH\Controllers\BaseController.php(59): App\Controllers\BaseController->loadNotificationData()
 2 SYSTEMPATH\CodeIgniter.php(904): App\Controllers\BaseController->initController(Object(CodeIgniter\HTTP\IncomingRequest), Object(CodeIgniter\HTTP\Response), Object(CodeIgniter\Log\Logger))
 3 SYSTEMPATH\CodeIgniter.php(498): CodeIgniter\CodeIgniter->createController()
 4 SYSTEMPATH\CodeIgniter.php(354): CodeIgniter\CodeIgniter->handleRequest(null, Object(Config\Cache), false)
 5 SYSTEMPATH\Boot.php(363): CodeIgniter\CodeIgniter->run()
 6 SYSTEMPATH\Boot.php(68): CodeIgniter\Boot::runCodeIgniter(Object(CodeIgniter\CodeIgniter))
 7 FCPATH\index.php(59): CodeIgniter\Boot::bootWeb(Object(Config\Paths))
DEBUG - 2025-12-13 07:23:04 --> Session: Class initialized using 'CodeIgniter\Session\Handlers\FileHandler' driver.
WARNING - 2025-12-13 07:23:04 --> [DEPRECATED] Creation of dynamic property App\Controllers\Notifications::$data is deprecated in APPPATH\Controllers\BaseController.php on line 74.
 1 APPPATH\Controllers\BaseController.php(59): App\Controllers\BaseController->loadNotificationData()
 2 SYSTEMPATH\CodeIgniter.php(904): App\Controllers\BaseController->initController(Object(CodeIgniter\HTTP\IncomingRequest), Object(CodeIgniter\HTTP\Response), Object(CodeIgniter\Log\Logger))
 3 SYSTEMPATH\CodeIgniter.php(498): CodeIgniter\CodeIgniter->createController()
 4 SYSTEMPATH\CodeIgniter.php(354): CodeIgniter\CodeIgniter->handleRequest(null, Object(Config\Cache), false)
 5 SYSTEMPATH\Boot.php(363): CodeIgniter\CodeIgniter->run()
 6 SYSTEMPATH\Boot.php(68): CodeIgniter\Boot::runCodeIgniter(Object(CodeIgniter\CodeIgniter))
 7 FCPATH\index.php(59): CodeIgniter\Boot::bootWeb(Object(Config\Paths))
DEBUG - 2025-12-13 07:24:05 --> Session: Class initialized using 'CodeIgniter\Session\Handlers\FileHandler' driver.
WARNING - 2025-12-13 07:24:05 --> [DEPRECATED] Creation of dynamic property App\Controllers\Notifications::$data is deprecated in APPPATH\Controllers\BaseController.php on line 74.
 1 APPPATH\Controllers\BaseController.php(59): App\Controllers\BaseController->loadNotificationData()
 2 SYSTEMPATH\CodeIgniter.php(904): App\Controllers\BaseController->initController(Object(CodeIgniter\HTTP\IncomingRequest), Object(CodeIgniter\HTTP\Response), Object(CodeIgniter\Log\Logger))
 3 SYSTEMPATH\CodeIgniter.php(498): CodeIgniter\CodeIgniter->createController()
 4 SYSTEMPATH\CodeIgniter.php(354): CodeIgniter\CodeIgniter->handleRequest(null, Object(Config\Cache), false)
 5 SYSTEMPATH\Boot.php(363): CodeIgniter\CodeIgniter->run()
 6 SYSTEMPATH\Boot.php(68): CodeIgniter\Boot::runCodeIgniter(Object(CodeIgniter\CodeIgniter))
 7 FCPATH\index.php(59): CodeIgniter\Boot::bootWeb(Object(Config\Paths))
DEBUG - 2025-12-13 07:25:05 --> Session: Class initialized using 'CodeIgniter\Session\Handlers\FileHandler' driver.
WARNING - 2025-12-13 07:25:06 --> [DEPRECATED] Creation of dynamic property App\Controllers\Notifications::$data is deprecated in APPPATH\Controllers\BaseController.php on line 74.
 1 APPPATH\Controllers\BaseController.php(59): App\Controllers\BaseController->loadNotificationData()
 2 SYSTEMPATH\CodeIgniter.php(904): App\Controllers\BaseController->initController(Object(CodeIgniter\HTTP\IncomingRequest), Object(CodeIgniter\HTTP\Response), Object(CodeIgniter\Log\Logger))
 3 SYSTEMPATH\CodeIgniter.php(498): CodeIgniter\CodeIgniter->createController()
 4 SYSTEMPATH\CodeIgniter.php(354): CodeIgniter\CodeIgniter->handleRequest(null, Object(Config\Cache), false)
 5 SYSTEMPATH\Boot.php(363): CodeIgniter\CodeIgniter->run()
 6 SYSTEMPATH\Boot.php(68): CodeIgniter\Boot::runCodeIgniter(Object(CodeIgniter\CodeIgniter))
 7 FCPATH\index.php(59): CodeIgniter\Boot::bootWeb(Object(Config\Paths))
DEBUG - 2025-12-13 07:26:05 --> Session: Class initialized using 'CodeIgniter\Session\Handlers\FileHandler' driver.
WARNING - 2025-12-13 07:26:05 --> [DEPRECATED] Creation of dynamic property App\Controllers\Notifications::$data is deprecated in APPPATH\Controllers\BaseController.php on line 74.
 1 APPPATH\Controllers\BaseController.php(59): App\Controllers\BaseController->loadNotificationData()
 2 SYSTEMPATH\CodeIgniter.php(904): App\Controllers\BaseController->initController(Object(CodeIgniter\HTTP\IncomingRequest), Object(CodeIgniter\HTTP\Response), Object(CodeIgniter\Log\Logger))
 3 SYSTEMPATH\CodeIgniter.php(498): CodeIgniter\CodeIgniter->createController()
 4 SYSTEMPATH\CodeIgniter.php(354): CodeIgniter\CodeIgniter->handleRequest(null, Object(Config\Cache), false)
 5 SYSTEMPATH\Boot.php(363): CodeIgniter\CodeIgniter->run()
 6 SYSTEMPATH\Boot.php(68): CodeIgniter\Boot::runCodeIgniter(Object(CodeIgniter\CodeIgniter))
 7 FCPATH\index.php(59): CodeIgniter\Boot::bootWeb(Object(Config\Paths))
DEBUG - 2025-12-13 07:27:05 --> Session: Class initialized using 'CodeIgniter\Session\Handlers\FileHandler' driver.
WARNING - 2025-12-13 07:27:05 --> [DEPRECATED] Creation of dynamic property App\Controllers\Notifications::$data is deprecated in APPPATH\Controllers\BaseController.php on line 74.
 1 APPPATH\Controllers\BaseController.php(59): App\Controllers\BaseController->loadNotificationData()
 2 SYSTEMPATH\CodeIgniter.php(904): App\Controllers\BaseController->initController(Object(CodeIgniter\HTTP\IncomingRequest), Object(CodeIgniter\HTTP\Response), Object(CodeIgniter\Log\Logger))
 3 SYSTEMPATH\CodeIgniter.php(498): CodeIgniter\CodeIgniter->createController()
 4 SYSTEMPATH\CodeIgniter.php(354): CodeIgniter\CodeIgniter->handleRequest(null, Object(Config\Cache), false)
 5 SYSTEMPATH\Boot.php(363): CodeIgniter\CodeIgniter->run()
 6 SYSTEMPATH\Boot.php(68): CodeIgniter\Boot::runCodeIgniter(Object(CodeIgniter\CodeIgniter))
 7 FCPATH\index.php(59): CodeIgniter\Boot::bootWeb(Object(Config\Paths))
DEBUG - 2025-12-13 07:28:05 --> Session: Class initialized using 'CodeIgniter\Session\Handlers\FileHandler' driver.
WARNING - 2025-12-13 07:28:05 --> [DEPRECATED] Creation of dynamic property App\Controllers\Notifications::$data is deprecated in APPPATH\Controllers\BaseController.php on line 74.
 1 APPPATH\Controllers\BaseController.php(59): App\Controllers\BaseController->loadNotificationData()
 2 SYSTEMPATH\CodeIgniter.php(904): App\Controllers\BaseController->initController(Object(CodeIgniter\HTTP\IncomingRequest), Object(CodeIgniter\HTTP\Response), Object(CodeIgniter\Log\Logger))
 3 SYSTEMPATH\CodeIgniter.php(498): CodeIgniter\CodeIgniter->createController()
 4 SYSTEMPATH\CodeIgniter.php(354): CodeIgniter\CodeIgniter->handleRequest(null, Object(Config\Cache), false)
 5 SYSTEMPATH\Boot.php(363): CodeIgniter\CodeIgniter->run()
 6 SYSTEMPATH\Boot.php(68): CodeIgniter\Boot::runCodeIgniter(Object(CodeIgniter\CodeIgniter))
 7 FCPATH\index.php(59): CodeIgniter\Boot::bootWeb(Object(Config\Paths))
DEBUG - 2025-12-13 07:29:05 --> Session: Class initialized using 'CodeIgniter\Session\Handlers\FileHandler' driver.
WARNING - 2025-12-13 07:29:05 --> [DEPRECATED] Creation of dynamic property App\Controllers\Notifications::$data is deprecated in APPPATH\Controllers\BaseController.php on line 74.
 1 APPPATH\Controllers\BaseController.php(59): App\Controllers\BaseController->loadNotificationData()
 2 SYSTEMPATH\CodeIgniter.php(904): App\Controllers\BaseController->initController(Object(CodeIgniter\HTTP\IncomingRequest), Object(CodeIgniter\HTTP\Response), Object(CodeIgniter\Log\Logger))
 3 SYSTEMPATH\CodeIgniter.php(498): CodeIgniter\CodeIgniter->createController()
 4 SYSTEMPATH\CodeIgniter.php(354): CodeIgniter\CodeIgniter->handleRequest(null, Object(Config\Cache), false)
 5 SYSTEMPATH\Boot.php(363): CodeIgniter\CodeIgniter->run()
 6 SYSTEMPATH\Boot.php(68): CodeIgniter\Boot::runCodeIgniter(Object(CodeIgniter\CodeIgniter))
 7 FCPATH\index.php(59): CodeIgniter\Boot::bootWeb(Object(Config\Paths))
DEBUG - 2025-12-13 07:30:05 --> Session: Class initialized using 'CodeIgniter\Session\Handlers\FileHandler' driver.
WARNING - 2025-12-13 07:30:05 --> [DEPRECATED] Creation of dynamic property App\Controllers\Notifications::$data is deprecated in APPPATH\Controllers\BaseController.php on line 74.
 1 APPPATH\Controllers\BaseController.php(59): App\Controllers\BaseController->loadNotificationData()
 2 SYSTEMPATH\CodeIgniter.php(904): App\Controllers\BaseController->initController(Object(CodeIgniter\HTTP\IncomingRequest), Object(CodeIgniter\HTTP\Response), Object(CodeIgniter\Log\Logger))
 3 SYSTEMPATH\CodeIgniter.php(498): CodeIgniter\CodeIgniter->createController()
 4 SYSTEMPATH\CodeIgniter.php(354): CodeIgniter\CodeIgniter->handleRequest(null, Object(Config\Cache), false)
 5 SYSTEMPATH\Boot.php(363): CodeIgniter\CodeIgniter->run()
 6 SYSTEMPATH\Boot.php(68): CodeIgniter\Boot::runCodeIgniter(Object(CodeIgniter\CodeIgniter))
 7 FCPATH\index.php(59): CodeIgniter\Boot::bootWeb(Object(Config\Paths))
DEBUG - 2025-12-13 07:31:05 --> Session: Class initialized using 'CodeIgniter\Session\Handlers\FileHandler' driver.
WARNING - 2025-12-13 07:31:05 --> [DEPRECATED] Creation of dynamic property App\Controllers\Notifications::$data is deprecated in APPPATH\Controllers\BaseController.php on line 74.
 1 APPPATH\Controllers\BaseController.php(59): App\Controllers\BaseController->loadNotificationData()
 2 SYSTEMPATH\CodeIgniter.php(904): App\Controllers\BaseController->initController(Object(CodeIgniter\HTTP\IncomingRequest), Object(CodeIgniter\HTTP\Response), Object(CodeIgniter\Log\Logger))
 3 SYSTEMPATH\CodeIgniter.php(498): CodeIgniter\CodeIgniter->createController()
 4 SYSTEMPATH\CodeIgniter.php(354): CodeIgniter\CodeIgniter->handleRequest(null, Object(Config\Cache), false)
 5 SYSTEMPATH\Boot.php(363): CodeIgniter\CodeIgniter->run()
 6 SYSTEMPATH\Boot.php(68): CodeIgniter\Boot::runCodeIgniter(Object(CodeIgniter\CodeIgniter))
 7 FCPATH\index.php(59): CodeIgniter\Boot::bootWeb(Object(Config\Paths))
DEBUG - 2025-12-13 07:32:05 --> Session: Class initialized using 'CodeIgniter\Session\Handlers\FileHandler' driver.
WARNING - 2025-12-13 07:32:05 --> [DEPRECATED] Creation of dynamic property App\Controllers\Notifications::$data is deprecated in APPPATH\Controllers\BaseController.php on line 74.
 1 APPPATH\Controllers\BaseController.php(59): App\Controllers\BaseController->loadNotificationData()
 2 SYSTEMPATH\CodeIgniter.php(904): App\Controllers\BaseController->initController(Object(CodeIgniter\HTTP\IncomingRequest), Object(CodeIgniter\HTTP\Response), Object(CodeIgniter\Log\Logger))
 3 SYSTEMPATH\CodeIgniter.php(498): CodeIgniter\CodeIgniter->createController()
 4 SYSTEMPATH\CodeIgniter.php(354): CodeIgniter\CodeIgniter->handleRequest(null, Object(Config\Cache), false)
 5 SYSTEMPATH\Boot.php(363): CodeIgniter\CodeIgniter->run()
 6 SYSTEMPATH\Boot.php(68): CodeIgniter\Boot::runCodeIgniter(Object(CodeIgniter\CodeIgniter))
 7 FCPATH\index.php(59): CodeIgniter\Boot::bootWeb(Object(Config\Paths))
DEBUG - 2025-12-13 07:33:05 --> Session: Class initialized using 'CodeIgniter\Session\Handlers\FileHandler' driver.
WARNING - 2025-12-13 07:33:05 --> [DEPRECATED] Creation of dynamic property App\Controllers\Notifications::$data is deprecated in APPPATH\Controllers\BaseController.php on line 74.
 1 APPPATH\Controllers\BaseController.php(59): App\Controllers\BaseController->loadNotificationData()
 2 SYSTEMPATH\CodeIgniter.php(904): App\Controllers\BaseController->initController(Object(CodeIgniter\HTTP\IncomingRequest), Object(CodeIgniter\HTTP\Response), Object(CodeIgniter\Log\Logger))
 3 SYSTEMPATH\CodeIgniter.php(498): CodeIgniter\CodeIgniter->createController()
 4 SYSTEMPATH\CodeIgniter.php(354): CodeIgniter\CodeIgniter->handleRequest(null, Object(Config\Cache), false)
 5 SYSTEMPATH\Boot.php(363): CodeIgniter\CodeIgniter->run()
 6 SYSTEMPATH\Boot.php(68): CodeIgniter\Boot::runCodeIgniter(Object(CodeIgniter\CodeIgniter))
 7 FCPATH\index.php(59): CodeIgniter\Boot::bootWeb(Object(Config\Paths))
DEBUG - 2025-12-13 07:34:05 --> Session: Class initialized using 'CodeIgniter\Session\Handlers\FileHandler' driver.
WARNING - 2025-12-13 07:34:05 --> [DEPRECATED] Creation of dynamic property App\Controllers\Notifications::$data is deprecated in APPPATH\Controllers\BaseController.php on line 74.
 1 APPPATH\Controllers\BaseController.php(59): App\Controllers\BaseController->loadNotificationData()
 2 SYSTEMPATH\CodeIgniter.php(904): App\Controllers\BaseController->initController(Object(CodeIgniter\HTTP\IncomingRequest), Object(CodeIgniter\HTTP\Response), Object(CodeIgniter\Log\Logger))
 3 SYSTEMPATH\CodeIgniter.php(498): CodeIgniter\CodeIgniter->createController()
 4 SYSTEMPATH\CodeIgniter.php(354): CodeIgniter\CodeIgniter->handleRequest(null, Object(Config\Cache), false)
 5 SYSTEMPATH\Boot.php(363): CodeIgniter\CodeIgniter->run()
 6 SYSTEMPATH\Boot.php(68): CodeIgniter\Boot::runCodeIgniter(Object(CodeIgniter\CodeIgniter))
 7 FCPATH\index.php(59): CodeIgniter\Boot::bootWeb(Object(Config\Paths))
DEBUG - 2025-12-13 07:35:05 --> Session: Class initialized using 'CodeIgniter\Session\Handlers\FileHandler' driver.
WARNING - 2025-12-13 07:35:06 --> [DEPRECATED] Creation of dynamic property App\Controllers\Notifications::$data is deprecated in APPPATH\Controllers\BaseController.php on line 74.
 1 APPPATH\Controllers\BaseController.php(59): App\Controllers\BaseController->loadNotificationData()
 2 SYSTEMPATH\CodeIgniter.php(904): App\Controllers\BaseController->initController(Object(CodeIgniter\HTTP\IncomingRequest), Object(CodeIgniter\HTTP\Response), Object(CodeIgniter\Log\Logger))
 3 SYSTEMPATH\CodeIgniter.php(498): CodeIgniter\CodeIgniter->createController()
 4 SYSTEMPATH\CodeIgniter.php(354): CodeIgniter\CodeIgniter->handleRequest(null, Object(Config\Cache), false)
 5 SYSTEMPATH\Boot.php(363): CodeIgniter\CodeIgniter->run()
 6 SYSTEMPATH\Boot.php(68): CodeIgniter\Boot::runCodeIgniter(Object(CodeIgniter\CodeIgniter))
 7 FCPATH\index.php(59): CodeIgniter\Boot::bootWeb(Object(Config\Paths))
DEBUG - 2025-12-13 07:36:05 --> Session: Class initialized using 'CodeIgniter\Session\Handlers\FileHandler' driver.
WARNING - 2025-12-13 07:36:05 --> [DEPRECATED] Creation of dynamic property App\Controllers\Notifications::$data is deprecated in APPPATH\Controllers\BaseController.php on line 74.
 1 APPPATH\Controllers\BaseController.php(59): App\Controllers\BaseController->loadNotificationData()
 2 SYSTEMPATH\CodeIgniter.php(904): App\Controllers\BaseController->initController(Object(CodeIgniter\HTTP\IncomingRequest), Object(CodeIgniter\HTTP\Response), Object(CodeIgniter\Log\Logger))
 3 SYSTEMPATH\CodeIgniter.php(498): CodeIgniter\CodeIgniter->createController()
 4 SYSTEMPATH\CodeIgniter.php(354): CodeIgniter\CodeIgniter->handleRequest(null, Object(Config\Cache), false)
 5 SYSTEMPATH\Boot.php(363): CodeIgniter\CodeIgniter->run()
 6 SYSTEMPATH\Boot.php(68): CodeIgniter\Boot::runCodeIgniter(Object(CodeIgniter\CodeIgniter))
 7 FCPATH\index.php(59): CodeIgniter\Boot::bootWeb(Object(Config\Paths))
DEBUG - 2025-12-13 07:37:05 --> Session: Class initialized using 'CodeIgniter\Session\Handlers\FileHandler' driver.
WARNING - 2025-12-13 07:37:05 --> [DEPRECATED] Creation of dynamic property App\Controllers\Notifications::$data is deprecated in APPPATH\Controllers\BaseController.php on line 74.
 1 APPPATH\Controllers\BaseController.php(59): App\Controllers\BaseController->loadNotificationData()
 2 SYSTEMPATH\CodeIgniter.php(904): App\Controllers\BaseController->initController(Object(CodeIgniter\HTTP\IncomingRequest), Object(CodeIgniter\HTTP\Response), Object(CodeIgniter\Log\Logger))
 3 SYSTEMPATH\CodeIgniter.php(498): CodeIgniter\CodeIgniter->createController()
 4 SYSTEMPATH\CodeIgniter.php(354): CodeIgniter\CodeIgniter->handleRequest(null, Object(Config\Cache), false)
 5 SYSTEMPATH\Boot.php(363): CodeIgniter\CodeIgniter->run()
 6 SYSTEMPATH\Boot.php(68): CodeIgniter\Boot::runCodeIgniter(Object(CodeIgniter\CodeIgniter))
 7 FCPATH\index.php(59): CodeIgniter\Boot::bootWeb(Object(Config\Paths))
DEBUG - 2025-12-13 07:38:05 --> Session: Class initialized using 'CodeIgniter\Session\Handlers\FileHandler' driver.
WARNING - 2025-12-13 07:38:05 --> [DEPRECATED] Creation of dynamic property App\Controllers\Notifications::$data is deprecated in APPPATH\Controllers\BaseController.php on line 74.
 1 APPPATH\Controllers\BaseController.php(59): App\Controllers\BaseController->loadNotificationData()
 2 SYSTEMPATH\CodeIgniter.php(904): App\Controllers\BaseController->initController(Object(CodeIgniter\HTTP\IncomingRequest), Object(CodeIgniter\HTTP\Response), Object(CodeIgniter\Log\Logger))
 3 SYSTEMPATH\CodeIgniter.php(498): CodeIgniter\CodeIgniter->createController()
 4 SYSTEMPATH\CodeIgniter.php(354): CodeIgniter\CodeIgniter->handleRequest(null, Object(Config\Cache), false)
 5 SYSTEMPATH\Boot.php(363): CodeIgniter\CodeIgniter->run()
 6 SYSTEMPATH\Boot.php(68): CodeIgniter\Boot::runCodeIgniter(Object(CodeIgniter\CodeIgniter))
 7 FCPATH\index.php(59): CodeIgniter\Boot::bootWeb(Object(Config\Paths))
DEBUG - 2025-12-13 07:39:05 --> Session: Class initialized using 'CodeIgniter\Session\Handlers\FileHandler' driver.
WARNING - 2025-12-13 07:39:05 --> [DEPRECATED] Creation of dynamic property App\Controllers\Notifications::$data is deprecated in APPPATH\Controllers\BaseController.php on line 74.
 1 APPPATH\Controllers\BaseController.php(59): App\Controllers\BaseController->loadNotificationData()
 2 SYSTEMPATH\CodeIgniter.php(904): App\Controllers\BaseController->initController(Object(CodeIgniter\HTTP\IncomingRequest), Object(CodeIgniter\HTTP\Response), Object(CodeIgniter\Log\Logger))
 3 SYSTEMPATH\CodeIgniter.php(498): CodeIgniter\CodeIgniter->createController()
 4 SYSTEMPATH\CodeIgniter.php(354): CodeIgniter\CodeIgniter->handleRequest(null, Object(Config\Cache), false)
 5 SYSTEMPATH\Boot.php(363): CodeIgniter\CodeIgniter->run()
 6 SYSTEMPATH\Boot.php(68): CodeIgniter\Boot::runCodeIgniter(Object(CodeIgniter\CodeIgniter))
 7 FCPATH\index.php(59): CodeIgniter\Boot::bootWeb(Object(Config\Paths))
DEBUG - 2025-12-13 07:40:05 --> Session: Class initialized using 'CodeIgniter\Session\Handlers\FileHandler' driver.
WARNING - 2025-12-13 07:40:05 --> [DEPRECATED] Creation of dynamic property App\Controllers\Notifications::$data is deprecated in APPPATH\Controllers\BaseController.php on line 74.
 1 APPPATH\Controllers\BaseController.php(59): App\Controllers\BaseController->loadNotificationData()
 2 SYSTEMPATH\CodeIgniter.php(904): App\Controllers\BaseController->initController(Object(CodeIgniter\HTTP\IncomingRequest), Object(CodeIgniter\HTTP\Response), Object(CodeIgniter\Log\Logger))
 3 SYSTEMPATH\CodeIgniter.php(498): CodeIgniter\CodeIgniter->createController()
 4 SYSTEMPATH\CodeIgniter.php(354): CodeIgniter\CodeIgniter->handleRequest(null, Object(Config\Cache), false)
 5 SYSTEMPATH\Boot.php(363): CodeIgniter\CodeIgniter->run()
 6 SYSTEMPATH\Boot.php(68): CodeIgniter\Boot::runCodeIgniter(Object(CodeIgniter\CodeIgniter))
 7 FCPATH\index.php(59): CodeIgniter\Boot::bootWeb(Object(Config\Paths))
DEBUG - 2025-12-13 07:41:06 --> Session: Class initialized using 'CodeIgniter\Session\Handlers\FileHandler' driver.
WARNING - 2025-12-13 07:41:06 --> [DEPRECATED] Creation of dynamic property App\Controllers\Notifications::$data is deprecated in APPPATH\Controllers\BaseController.php on line 74.
 1 APPPATH\Controllers\BaseController.php(59): App\Controllers\BaseController->loadNotificationData()
 2 SYSTEMPATH\CodeIgniter.php(904): App\Controllers\BaseController->initController(Object(CodeIgniter\HTTP\IncomingRequest), Object(CodeIgniter\HTTP\Response), Object(CodeIgniter\Log\Logger))
 3 SYSTEMPATH\CodeIgniter.php(498): CodeIgniter\CodeIgniter->createController()
 4 SYSTEMPATH\CodeIgniter.php(354): CodeIgniter\CodeIgniter->handleRequest(null, Object(Config\Cache), false)
 5 SYSTEMPATH\Boot.php(363): CodeIgniter\CodeIgniter->run()
 6 SYSTEMPATH\Boot.php(68): CodeIgniter\Boot::runCodeIgniter(Object(CodeIgniter\CodeIgniter))
 7 FCPATH\index.php(59): CodeIgniter\Boot::bootWeb(Object(Config\Paths))
DEBUG - 2025-12-13 07:42:05 --> Session: Class initialized using 'CodeIgniter\Session\Handlers\FileHandler' driver.
WARNING - 2025-12-13 07:42:05 --> [DEPRECATED] Creation of dynamic property App\Controllers\Notifications::$data is deprecated in APPPATH\Controllers\BaseController.php on line 74.
 1 APPPATH\Controllers\BaseController.php(59): App\Controllers\BaseController->loadNotificationData()
 2 SYSTEMPATH\CodeIgniter.php(904): App\Controllers\BaseController->initController(Object(CodeIgniter\HTTP\IncomingRequest), Object(CodeIgniter\HTTP\Response), Object(CodeIgniter\Log\Logger))
 3 SYSTEMPATH\CodeIgniter.php(498): CodeIgniter\CodeIgniter->createController()
 4 SYSTEMPATH\CodeIgniter.php(354): CodeIgniter\CodeIgniter->handleRequest(null, Object(Config\Cache), false)
 5 SYSTEMPATH\Boot.php(363): CodeIgniter\CodeIgniter->run()
 6 SYSTEMPATH\Boot.php(68): CodeIgniter\Boot::runCodeIgniter(Object(CodeIgniter\CodeIgniter))
 7 FCPATH\index.php(59): CodeIgniter\Boot::bootWeb(Object(Config\Paths))
DEBUG - 2025-12-13 07:43:05 --> Session: Class initialized using 'CodeIgniter\Session\Handlers\FileHandler' driver.
WARNING - 2025-12-13 07:43:05 --> [DEPRECATED] Creation of dynamic property App\Controllers\Notifications::$data is deprecated in APPPATH\Controllers\BaseController.php on line 74.
 1 APPPATH\Controllers\BaseController.php(59): App\Controllers\BaseController->loadNotificationData()
 2 SYSTEMPATH\CodeIgniter.php(904): App\Controllers\BaseController->initController(Object(CodeIgniter\HTTP\IncomingRequest), Object(CodeIgniter\HTTP\Response), Object(CodeIgniter\Log\Logger))
 3 SYSTEMPATH\CodeIgniter.php(498): CodeIgniter\CodeIgniter->createController()
 4 SYSTEMPATH\CodeIgniter.php(354): CodeIgniter\CodeIgniter->handleRequest(null, Object(Config\Cache), false)
 5 SYSTEMPATH\Boot.php(363): CodeIgniter\CodeIgniter->run()
 6 SYSTEMPATH\Boot.php(68): CodeIgniter\Boot::runCodeIgniter(Object(CodeIgniter\CodeIgniter))
 7 FCPATH\index.php(59): CodeIgniter\Boot::bootWeb(Object(Config\Paths))
DEBUG - 2025-12-13 07:44:05 --> Session: Class initialized using 'CodeIgniter\Session\Handlers\FileHandler' driver.
WARNING - 2025-12-13 07:44:05 --> [DEPRECATED] Creation of dynamic property App\Controllers\Notifications::$data is deprecated in APPPATH\Controllers\BaseController.php on line 74.
 1 APPPATH\Controllers\BaseController.php(59): App\Controllers\BaseController->loadNotificationData()
 2 SYSTEMPATH\CodeIgniter.php(904): App\Controllers\BaseController->initController(Object(CodeIgniter\HTTP\IncomingRequest), Object(CodeIgniter\HTTP\Response), Object(CodeIgniter\Log\Logger))
 3 SYSTEMPATH\CodeIgniter.php(498): CodeIgniter\CodeIgniter->createController()
 4 SYSTEMPATH\CodeIgniter.php(354): CodeIgniter\CodeIgniter->handleRequest(null, Object(Config\Cache), false)
 5 SYSTEMPATH\Boot.php(363): CodeIgniter\CodeIgniter->run()
 6 SYSTEMPATH\Boot.php(68): CodeIgniter\Boot::runCodeIgniter(Object(CodeIgniter\CodeIgniter))
 7 FCPATH\index.php(59): CodeIgniter\Boot::bootWeb(Object(Config\Paths))
DEBUG - 2025-12-13 07:45:05 --> Session: Class initialized using 'CodeIgniter\Session\Handlers\FileHandler' driver.
WARNING - 2025-12-13 07:45:05 --> [DEPRECATED] Creation of dynamic property App\Controllers\Notifications::$data is deprecated in APPPATH\Controllers\BaseController.php on line 74.
 1 APPPATH\Controllers\BaseController.php(59): App\Controllers\BaseController->loadNotificationData()
 2 SYSTEMPATH\CodeIgniter.php(904): App\Controllers\BaseController->initController(Object(CodeIgniter\HTTP\IncomingRequest), Object(CodeIgniter\HTTP\Response), Object(CodeIgniter\Log\Logger))
 3 SYSTEMPATH\CodeIgniter.php(498): CodeIgniter\CodeIgniter->createController()
 4 SYSTEMPATH\CodeIgniter.php(354): CodeIgniter\CodeIgniter->handleRequest(null, Object(Config\Cache), false)
 5 SYSTEMPATH\Boot.php(363): CodeIgniter\CodeIgniter->run()
 6 SYSTEMPATH\Boot.php(68): CodeIgniter\Boot::runCodeIgniter(Object(CodeIgniter\CodeIgniter))
 7 FCPATH\index.php(59): CodeIgniter\Boot::bootWeb(Object(Config\Paths))
DEBUG - 2025-12-13 07:46:05 --> Session: Class initialized using 'CodeIgniter\Session\Handlers\FileHandler' driver.
WARNING - 2025-12-13 07:46:06 --> [DEPRECATED] Creation of dynamic property App\Controllers\Notifications::$data is deprecated in APPPATH\Controllers\BaseController.php on line 74.
 1 APPPATH\Controllers\BaseController.php(59): App\Controllers\BaseController->loadNotificationData()
 2 SYSTEMPATH\CodeIgniter.php(904): App\Controllers\BaseController->initController(Object(CodeIgniter\HTTP\IncomingRequest), Object(CodeIgniter\HTTP\Response), Object(CodeIgniter\Log\Logger))
 3 SYSTEMPATH\CodeIgniter.php(498): CodeIgniter\CodeIgniter->createController()
 4 SYSTEMPATH\CodeIgniter.php(354): CodeIgniter\CodeIgniter->handleRequest(null, Object(Config\Cache), false)
 5 SYSTEMPATH\Boot.php(363): CodeIgniter\CodeIgniter->run()
 6 SYSTEMPATH\Boot.php(68): CodeIgniter\Boot::runCodeIgniter(Object(CodeIgniter\CodeIgniter))
 7 FCPATH\index.php(59): CodeIgniter\Boot::bootWeb(Object(Config\Paths))
DEBUG - 2025-12-13 07:47:05 --> Session: Class initialized using 'CodeIgniter\Session\Handlers\FileHandler' driver.
WARNING - 2025-12-13 07:47:05 --> [DEPRECATED] Creation of dynamic property App\Controllers\Notifications::$data is deprecated in APPPATH\Controllers\BaseController.php on line 74.
 1 APPPATH\Controllers\BaseController.php(59): App\Controllers\BaseController->loadNotificationData()
 2 SYSTEMPATH\CodeIgniter.php(904): App\Controllers\BaseController->initController(Object(CodeIgniter\HTTP\IncomingRequest), Object(CodeIgniter\HTTP\Response), Object(CodeIgniter\Log\Logger))
 3 SYSTEMPATH\CodeIgniter.php(498): CodeIgniter\CodeIgniter->createController()
 4 SYSTEMPATH\CodeIgniter.php(354): CodeIgniter\CodeIgniter->handleRequest(null, Object(Config\Cache), false)
 5 SYSTEMPATH\Boot.php(363): CodeIgniter\CodeIgniter->run()
 6 SYSTEMPATH\Boot.php(68): CodeIgniter\Boot::runCodeIgniter(Object(CodeIgniter\CodeIgniter))
 7 FCPATH\index.php(59): CodeIgniter\Boot::bootWeb(Object(Config\Paths))
DEBUG - 2025-12-13 07:48:05 --> Session: Class initialized using 'CodeIgniter\Session\Handlers\FileHandler' driver.
WARNING - 2025-12-13 07:48:05 --> [DEPRECATED] Creation of dynamic property App\Controllers\Notifications::$data is deprecated in APPPATH\Controllers\BaseController.php on line 74.
 1 APPPATH\Controllers\BaseController.php(59): App\Controllers\BaseController->loadNotificationData()
 2 SYSTEMPATH\CodeIgniter.php(904): App\Controllers\BaseController->initController(Object(CodeIgniter\HTTP\IncomingRequest), Object(CodeIgniter\HTTP\Response), Object(CodeIgniter\Log\Logger))
 3 SYSTEMPATH\CodeIgniter.php(498): CodeIgniter\CodeIgniter->createController()
 4 SYSTEMPATH\CodeIgniter.php(354): CodeIgniter\CodeIgniter->handleRequest(null, Object(Config\Cache), false)
 5 SYSTEMPATH\Boot.php(363): CodeIgniter\CodeIgniter->run()
 6 SYSTEMPATH\Boot.php(68): CodeIgniter\Boot::runCodeIgniter(Object(CodeIgniter\CodeIgniter))
 7 FCPATH\index.php(59): CodeIgniter\Boot::bootWeb(Object(Config\Paths))
DEBUG - 2025-12-13 07:49:05 --> Session: Class initialized using 'CodeIgniter\Session\Handlers\FileHandler' driver.
WARNING - 2025-12-13 07:49:05 --> [DEPRECATED] Creation of dynamic property App\Controllers\Notifications::$data is deprecated in APPPATH\Controllers\BaseController.php on line 74.
 1 APPPATH\Controllers\BaseController.php(59): App\Controllers\BaseController->loadNotificationData()
 2 SYSTEMPATH\CodeIgniter.php(904): App\Controllers\BaseController->initController(Object(CodeIgniter\HTTP\IncomingRequest), Object(CodeIgniter\HTTP\Response), Object(CodeIgniter\Log\Logger))
 3 SYSTEMPATH\CodeIgniter.php(498): CodeIgniter\CodeIgniter->createController()
 4 SYSTEMPATH\CodeIgniter.php(354): CodeIgniter\CodeIgniter->handleRequest(null, Object(Config\Cache), false)
 5 SYSTEMPATH\Boot.php(363): CodeIgniter\CodeIgniter->run()
 6 SYSTEMPATH\Boot.php(68): CodeIgniter\Boot::runCodeIgniter(Object(CodeIgniter\CodeIgniter))
 7 FCPATH\index.php(59): CodeIgniter\Boot::bootWeb(Object(Config\Paths))
DEBUG - 2025-12-13 07:50:05 --> Session: Class initialized using 'CodeIgniter\Session\Handlers\FileHandler' driver.
WARNING - 2025-12-13 07:50:05 --> [DEPRECATED] Creation of dynamic property App\Controllers\Notifications::$data is deprecated in APPPATH\Controllers\BaseController.php on line 74.
 1 APPPATH\Controllers\BaseController.php(59): App\Controllers\BaseController->loadNotificationData()
 2 SYSTEMPATH\CodeIgniter.php(904): App\Controllers\BaseController->initController(Object(CodeIgniter\HTTP\IncomingRequest), Object(CodeIgniter\HTTP\Response), Object(CodeIgniter\Log\Logger))
 3 SYSTEMPATH\CodeIgniter.php(498): CodeIgniter\CodeIgniter->createController()
 4 SYSTEMPATH\CodeIgniter.php(354): CodeIgniter\CodeIgniter->handleRequest(null, Object(Config\Cache), false)
 5 SYSTEMPATH\Boot.php(363): CodeIgniter\CodeIgniter->run()
 6 SYSTEMPATH\Boot.php(68): CodeIgniter\Boot::runCodeIgniter(Object(CodeIgniter\CodeIgniter))
 7 FCPATH\index.php(59): CodeIgniter\Boot::bootWeb(Object(Config\Paths))
DEBUG - 2025-12-13 07:51:05 --> Session: Class initialized using 'CodeIgniter\Session\Handlers\FileHandler' driver.
WARNING - 2025-12-13 07:51:05 --> [DEPRECATED] Creation of dynamic property App\Controllers\Notifications::$data is deprecated in APPPATH\Controllers\BaseController.php on line 74.
 1 APPPATH\Controllers\BaseController.php(59): App\Controllers\BaseController->loadNotificationData()
 2 SYSTEMPATH\CodeIgniter.php(904): App\Controllers\BaseController->initController(Object(CodeIgniter\HTTP\IncomingRequest), Object(CodeIgniter\HTTP\Response), Object(CodeIgniter\Log\Logger))
 3 SYSTEMPATH\CodeIgniter.php(498): CodeIgniter\CodeIgniter->createController()
 4 SYSTEMPATH\CodeIgniter.php(354): CodeIgniter\CodeIgniter->handleRequest(null, Object(Config\Cache), false)
 5 SYSTEMPATH\Boot.php(363): CodeIgniter\CodeIgniter->run()
 6 SYSTEMPATH\Boot.php(68): CodeIgniter\Boot::runCodeIgniter(Object(CodeIgniter\CodeIgniter))
 7 FCPATH\index.php(59): CodeIgniter\Boot::bootWeb(Object(Config\Paths))
DEBUG - 2025-12-13 07:52:05 --> Session: Class initialized using 'CodeIgniter\Session\Handlers\FileHandler' driver.
WARNING - 2025-12-13 07:52:05 --> [DEPRECATED] Creation of dynamic property App\Controllers\Notifications::$data is deprecated in APPPATH\Controllers\BaseController.php on line 74.
 1 APPPATH\Controllers\BaseController.php(59): App\Controllers\BaseController->loadNotificationData()
 2 SYSTEMPATH\CodeIgniter.php(904): App\Controllers\BaseController->initController(Object(CodeIgniter\HTTP\IncomingRequest), Object(CodeIgniter\HTTP\Response), Object(CodeIgniter\Log\Logger))
 3 SYSTEMPATH\CodeIgniter.php(498): CodeIgniter\CodeIgniter->createController()
 4 SYSTEMPATH\CodeIgniter.php(354): CodeIgniter\CodeIgniter->handleRequest(null, Object(Config\Cache), false)
 5 SYSTEMPATH\Boot.php(363): CodeIgniter\CodeIgniter->run()
 6 SYSTEMPATH\Boot.php(68): CodeIgniter\Boot::runCodeIgniter(Object(CodeIgniter\CodeIgniter))
 7 FCPATH\index.php(59): CodeIgniter\Boot::bootWeb(Object(Config\Paths))
DEBUG - 2025-12-13 07:53:05 --> Session: Class initialized using 'CodeIgniter\Session\Handlers\FileHandler' driver.
WARNING - 2025-12-13 07:53:05 --> [DEPRECATED] Creation of dynamic property App\Controllers\Notifications::$data is deprecated in APPPATH\Controllers\BaseController.php on line 74.
 1 APPPATH\Controllers\BaseController.php(59): App\Controllers\BaseController->loadNotificationData()
 2 SYSTEMPATH\CodeIgniter.php(904): App\Controllers\BaseController->initController(Object(CodeIgniter\HTTP\IncomingRequest), Object(CodeIgniter\HTTP\Response), Object(CodeIgniter\Log\Logger))
 3 SYSTEMPATH\CodeIgniter.php(498): CodeIgniter\CodeIgniter->createController()
 4 SYSTEMPATH\CodeIgniter.php(354): CodeIgniter\CodeIgniter->handleRequest(null, Object(Config\Cache), false)
 5 SYSTEMPATH\Boot.php(363): CodeIgniter\CodeIgniter->run()
 6 SYSTEMPATH\Boot.php(68): CodeIgniter\Boot::runCodeIgniter(Object(CodeIgniter\CodeIgniter))
 7 FCPATH\index.php(59): CodeIgniter\Boot::bootWeb(Object(Config\Paths))
DEBUG - 2025-12-13 07:54:05 --> Session: Class initialized using 'CodeIgniter\Session\Handlers\FileHandler' driver.
WARNING - 2025-12-13 07:54:05 --> [DEPRECATED] Creation of dynamic property App\Controllers\Notifications::$data is deprecated in APPPATH\Controllers\BaseController.php on line 74.
 1 APPPATH\Controllers\BaseController.php(59): App\Controllers\BaseController->loadNotificationData()
 2 SYSTEMPATH\CodeIgniter.php(904): App\Controllers\BaseController->initController(Object(CodeIgniter\HTTP\IncomingRequest), Object(CodeIgniter\HTTP\Response), Object(CodeIgniter\Log\Logger))
 3 SYSTEMPATH\CodeIgniter.php(498): CodeIgniter\CodeIgniter->createController()
 4 SYSTEMPATH\CodeIgniter.php(354): CodeIgniter\CodeIgniter->handleRequest(null, Object(Config\Cache), false)
 5 SYSTEMPATH\Boot.php(363): CodeIgniter\CodeIgniter->run()
 6 SYSTEMPATH\Boot.php(68): CodeIgniter\Boot::runCodeIgniter(Object(CodeIgniter\CodeIgniter))
 7 FCPATH\index.php(59): CodeIgniter\Boot::bootWeb(Object(Config\Paths))
DEBUG - 2025-12-13 07:55:05 --> Session: Class initialized using 'CodeIgniter\Session\Handlers\FileHandler' driver.
WARNING - 2025-12-13 07:55:05 --> [DEPRECATED] Creation of dynamic property App\Controllers\Notifications::$data is deprecated in APPPATH\Controllers\BaseController.php on line 74.
 1 APPPATH\Controllers\BaseController.php(59): App\Controllers\BaseController->loadNotificationData()
 2 SYSTEMPATH\CodeIgniter.php(904): App\Controllers\BaseController->initController(Object(CodeIgniter\HTTP\IncomingRequest), Object(CodeIgniter\HTTP\Response), Object(CodeIgniter\Log\Logger))
 3 SYSTEMPATH\CodeIgniter.php(498): CodeIgniter\CodeIgniter->createController()
 4 SYSTEMPATH\CodeIgniter.php(354): CodeIgniter\CodeIgniter->handleRequest(null, Object(Config\Cache), false)
 5 SYSTEMPATH\Boot.php(363): CodeIgniter\CodeIgniter->run()
 6 SYSTEMPATH\Boot.php(68): CodeIgniter\Boot::runCodeIgniter(Object(CodeIgniter\CodeIgniter))
 7 FCPATH\index.php(59): CodeIgniter\Boot::bootWeb(Object(Config\Paths))
DEBUG - 2025-12-13 07:56:05 --> Session: Class initialized using 'CodeIgniter\Session\Handlers\FileHandler' driver.
WARNING - 2025-12-13 07:56:05 --> [DEPRECATED] Creation of dynamic property App\Controllers\Notifications::$data is deprecated in APPPATH\Controllers\BaseController.php on line 74.
 1 APPPATH\Controllers\BaseController.php(59): App\Controllers\BaseController->loadNotificationData()
 2 SYSTEMPATH\CodeIgniter.php(904): App\Controllers\BaseController->initController(Object(CodeIgniter\HTTP\IncomingRequest), Object(CodeIgniter\HTTP\Response), Object(CodeIgniter\Log\Logger))
 3 SYSTEMPATH\CodeIgniter.php(498): CodeIgniter\CodeIgniter->createController()
 4 SYSTEMPATH\CodeIgniter.php(354): CodeIgniter\CodeIgniter->handleRequest(null, Object(Config\Cache), false)
 5 SYSTEMPATH\Boot.php(363): CodeIgniter\CodeIgniter->run()
 6 SYSTEMPATH\Boot.php(68): CodeIgniter\Boot::runCodeIgniter(Object(CodeIgniter\CodeIgniter))
 7 FCPATH\index.php(59): CodeIgniter\Boot::bootWeb(Object(Config\Paths))
DEBUG - 2025-12-13 07:57:05 --> Session: Class initialized using 'CodeIgniter\Session\Handlers\FileHandler' driver.
WARNING - 2025-12-13 07:57:06 --> [DEPRECATED] Creation of dynamic property App\Controllers\Notifications::$data is deprecated in APPPATH\Controllers\BaseController.php on line 74.
 1 APPPATH\Controllers\BaseController.php(59): App\Controllers\BaseController->loadNotificationData()
 2 SYSTEMPATH\CodeIgniter.php(904): App\Controllers\BaseController->initController(Object(CodeIgniter\HTTP\IncomingRequest), Object(CodeIgniter\HTTP\Response), Object(CodeIgniter\Log\Logger))
 3 SYSTEMPATH\CodeIgniter.php(498): CodeIgniter\CodeIgniter->createController()
 4 SYSTEMPATH\CodeIgniter.php(354): CodeIgniter\CodeIgniter->handleRequest(null, Object(Config\Cache), false)
 5 SYSTEMPATH\Boot.php(363): CodeIgniter\CodeIgniter->run()
 6 SYSTEMPATH\Boot.php(68): CodeIgniter\Boot::runCodeIgniter(Object(CodeIgniter\CodeIgniter))
 7 FCPATH\index.php(59): CodeIgniter\Boot::bootWeb(Object(Config\Paths))
DEBUG - 2025-12-13 07:58:05 --> Session: Class initialized using 'CodeIgniter\Session\Handlers\FileHandler' driver.
WARNING - 2025-12-13 07:58:05 --> [DEPRECATED] Creation of dynamic property App\Controllers\Notifications::$data is deprecated in APPPATH\Controllers\BaseController.php on line 74.
 1 APPPATH\Controllers\BaseController.php(59): App\Controllers\BaseController->loadNotificationData()
 2 SYSTEMPATH\CodeIgniter.php(904): App\Controllers\BaseController->initController(Object(CodeIgniter\HTTP\IncomingRequest), Object(CodeIgniter\HTTP\Response), Object(CodeIgniter\Log\Logger))
 3 SYSTEMPATH\CodeIgniter.php(498): CodeIgniter\CodeIgniter->createController()
 4 SYSTEMPATH\CodeIgniter.php(354): CodeIgniter\CodeIgniter->handleRequest(null, Object(Config\Cache), false)
 5 SYSTEMPATH\Boot.php(363): CodeIgniter\CodeIgniter->run()
 6 SYSTEMPATH\Boot.php(68): CodeIgniter\Boot::runCodeIgniter(Object(CodeIgniter\CodeIgniter))
 7 FCPATH\index.php(59): CodeIgniter\Boot::bootWeb(Object(Config\Paths))
DEBUG - 2025-12-13 07:59:05 --> Session: Class initialized using 'CodeIgniter\Session\Handlers\FileHandler' driver.
WARNING - 2025-12-13 07:59:05 --> [DEPRECATED] Creation of dynamic property App\Controllers\Notifications::$data is deprecated in APPPATH\Controllers\BaseController.php on line 74.
 1 APPPATH\Controllers\BaseController.php(59): App\Controllers\BaseController->loadNotificationData()
 2 SYSTEMPATH\CodeIgniter.php(904): App\Controllers\BaseController->initController(Object(CodeIgniter\HTTP\IncomingRequest), Object(CodeIgniter\HTTP\Response), Object(CodeIgniter\Log\Logger))
 3 SYSTEMPATH\CodeIgniter.php(498): CodeIgniter\CodeIgniter->createController()
 4 SYSTEMPATH\CodeIgniter.php(354): CodeIgniter\CodeIgniter->handleRequest(null, Object(Config\Cache), false)
 5 SYSTEMPATH\Boot.php(363): CodeIgniter\CodeIgniter->run()
 6 SYSTEMPATH\Boot.php(68): CodeIgniter\Boot::runCodeIgniter(Object(CodeIgniter\CodeIgniter))
 7 FCPATH\index.php(59): CodeIgniter\Boot::bootWeb(Object(Config\Paths))
DEBUG - 2025-12-13 08:00:05 --> Session: Class initialized using 'CodeIgniter\Session\Handlers\FileHandler' driver.
WARNING - 2025-12-13 08:00:05 --> [DEPRECATED] Creation of dynamic property App\Controllers\Notifications::$data is deprecated in APPPATH\Controllers\BaseController.php on line 74.
 1 APPPATH\Controllers\BaseController.php(59): App\Controllers\BaseController->loadNotificationData()
 2 SYSTEMPATH\CodeIgniter.php(904): App\Controllers\BaseController->initController(Object(CodeIgniter\HTTP\IncomingRequest), Object(CodeIgniter\HTTP\Response), Object(CodeIgniter\Log\Logger))
 3 SYSTEMPATH\CodeIgniter.php(498): CodeIgniter\CodeIgniter->createController()
 4 SYSTEMPATH\CodeIgniter.php(354): CodeIgniter\CodeIgniter->handleRequest(null, Object(Config\Cache), false)
 5 SYSTEMPATH\Boot.php(363): CodeIgniter\CodeIgniter->run()
 6 SYSTEMPATH\Boot.php(68): CodeIgniter\Boot::runCodeIgniter(Object(CodeIgniter\CodeIgniter))
 7 FCPATH\index.php(59): CodeIgniter\Boot::bootWeb(Object(Config\Paths))
DEBUG - 2025-12-13 08:01:05 --> Session: Class initialized using 'CodeIgniter\Session\Handlers\FileHandler' driver.
WARNING - 2025-12-13 08:01:05 --> [DEPRECATED] Creation of dynamic property App\Controllers\Notifications::$data is deprecated in APPPATH\Controllers\BaseController.php on line 74.
 1 APPPATH\Controllers\BaseController.php(59): App\Controllers\BaseController->loadNotificationData()
 2 SYSTEMPATH\CodeIgniter.php(904): App\Controllers\BaseController->initController(Object(CodeIgniter\HTTP\IncomingRequest), Object(CodeIgniter\HTTP\Response), Object(CodeIgniter\Log\Logger))
 3 SYSTEMPATH\CodeIgniter.php(498): CodeIgniter\CodeIgniter->createController()
 4 SYSTEMPATH\CodeIgniter.php(354): CodeIgniter\CodeIgniter->handleRequest(null, Object(Config\Cache), false)
 5 SYSTEMPATH\Boot.php(363): CodeIgniter\CodeIgniter->run()
 6 SYSTEMPATH\Boot.php(68): CodeIgniter\Boot::runCodeIgniter(Object(CodeIgniter\CodeIgniter))
 7 FCPATH\index.php(59): CodeIgniter\Boot::bootWeb(Object(Config\Paths))
DEBUG - 2025-12-13 08:02:05 --> Session: Class initialized using 'CodeIgniter\Session\Handlers\FileHandler' driver.
WARNING - 2025-12-13 08:02:05 --> [DEPRECATED] Creation of dynamic property App\Controllers\Notifications::$data is deprecated in APPPATH\Controllers\BaseController.php on line 74.
 1 APPPATH\Controllers\BaseController.php(59): App\Controllers\BaseController->loadNotificationData()
 2 SYSTEMPATH\CodeIgniter.php(904): App\Controllers\BaseController->initController(Object(CodeIgniter\HTTP\IncomingRequest), Object(CodeIgniter\HTTP\Response), Object(CodeIgniter\Log\Logger))
 3 SYSTEMPATH\CodeIgniter.php(498): CodeIgniter\CodeIgniter->createController()
 4 SYSTEMPATH\CodeIgniter.php(354): CodeIgniter\CodeIgniter->handleRequest(null, Object(Config\Cache), false)
 5 SYSTEMPATH\Boot.php(363): CodeIgniter\CodeIgniter->run()
 6 SYSTEMPATH\Boot.php(68): CodeIgniter\Boot::runCodeIgniter(Object(CodeIgniter\CodeIgniter))
 7 FCPATH\index.php(59): CodeIgniter\Boot::bootWeb(Object(Config\Paths))
DEBUG - 2025-12-13 08:03:05 --> Session: Class initialized using 'CodeIgniter\Session\Handlers\FileHandler' driver.
WARNING - 2025-12-13 08:03:05 --> [DEPRECATED] Creation of dynamic property App\Controllers\Notifications::$data is deprecated in APPPATH\Controllers\BaseController.php on line 74.
 1 APPPATH\Controllers\BaseController.php(59): App\Controllers\BaseController->loadNotificationData()
 2 SYSTEMPATH\CodeIgniter.php(904): App\Controllers\BaseController->initController(Object(CodeIgniter\HTTP\IncomingRequest), Object(CodeIgniter\HTTP\Response), Object(CodeIgniter\Log\Logger))
 3 SYSTEMPATH\CodeIgniter.php(498): CodeIgniter\CodeIgniter->createController()
 4 SYSTEMPATH\CodeIgniter.php(354): CodeIgniter\CodeIgniter->handleRequest(null, Object(Config\Cache), false)
 5 SYSTEMPATH\Boot.php(363): CodeIgniter\CodeIgniter->run()
 6 SYSTEMPATH\Boot.php(68): CodeIgniter\Boot::runCodeIgniter(Object(CodeIgniter\CodeIgniter))
 7 FCPATH\index.php(59): CodeIgniter\Boot::bootWeb(Object(Config\Paths))
DEBUG - 2025-12-13 08:04:05 --> Session: Class initialized using 'CodeIgniter\Session\Handlers\FileHandler' driver.
WARNING - 2025-12-13 08:04:05 --> [DEPRECATED] Creation of dynamic property App\Controllers\Notifications::$data is deprecated in APPPATH\Controllers\BaseController.php on line 74.
 1 APPPATH\Controllers\BaseController.php(59): App\Controllers\BaseController->loadNotificationData()
 2 SYSTEMPATH\CodeIgniter.php(904): App\Controllers\BaseController->initController(Object(CodeIgniter\HTTP\IncomingRequest), Object(CodeIgniter\HTTP\Response), Object(CodeIgniter\Log\Logger))
 3 SYSTEMPATH\CodeIgniter.php(498): CodeIgniter\CodeIgniter->createController()
 4 SYSTEMPATH\CodeIgniter.php(354): CodeIgniter\CodeIgniter->handleRequest(null, Object(Config\Cache), false)
 5 SYSTEMPATH\Boot.php(363): CodeIgniter\CodeIgniter->run()
 6 SYSTEMPATH\Boot.php(68): CodeIgniter\Boot::runCodeIgniter(Object(CodeIgniter\CodeIgniter))
 7 FCPATH\index.php(59): CodeIgniter\Boot::bootWeb(Object(Config\Paths))
DEBUG - 2025-12-13 08:05:05 --> Session: Class initialized using 'CodeIgniter\Session\Handlers\FileHandler' driver.
WARNING - 2025-12-13 08:05:05 --> [DEPRECATED] Creation of dynamic property App\Controllers\Notifications::$data is deprecated in APPPATH\Controllers\BaseController.php on line 74.
 1 APPPATH\Controllers\BaseController.php(59): App\Controllers\BaseController->loadNotificationData()
 2 SYSTEMPATH\CodeIgniter.php(904): App\Controllers\BaseController->initController(Object(CodeIgniter\HTTP\IncomingRequest), Object(CodeIgniter\HTTP\Response), Object(CodeIgniter\Log\Logger))
 3 SYSTEMPATH\CodeIgniter.php(498): CodeIgniter\CodeIgniter->createController()
 4 SYSTEMPATH\CodeIgniter.php(354): CodeIgniter\CodeIgniter->handleRequest(null, Object(Config\Cache), false)
 5 SYSTEMPATH\Boot.php(363): CodeIgniter\CodeIgniter->run()
 6 SYSTEMPATH\Boot.php(68): CodeIgniter\Boot::runCodeIgniter(Object(CodeIgniter\CodeIgniter))
 7 FCPATH\index.php(59): CodeIgniter\Boot::bootWeb(Object(Config\Paths))
DEBUG - 2025-12-13 08:06:05 --> Session: Class initialized using 'CodeIgniter\Session\Handlers\FileHandler' driver.
WARNING - 2025-12-13 08:06:05 --> [DEPRECATED] Creation of dynamic property App\Controllers\Notifications::$data is deprecated in APPPATH\Controllers\BaseController.php on line 74.
 1 APPPATH\Controllers\BaseController.php(59): App\Controllers\BaseController->loadNotificationData()
 2 SYSTEMPATH\CodeIgniter.php(904): App\Controllers\BaseController->initController(Object(CodeIgniter\HTTP\IncomingRequest), Object(CodeIgniter\HTTP\Response), Object(CodeIgniter\Log\Logger))
 3 SYSTEMPATH\CodeIgniter.php(498): CodeIgniter\CodeIgniter->createController()
 4 SYSTEMPATH\CodeIgniter.php(354): CodeIgniter\CodeIgniter->handleRequest(null, Object(Config\Cache), false)
 5 SYSTEMPATH\Boot.php(363): CodeIgniter\CodeIgniter->run()
 6 SYSTEMPATH\Boot.php(68): CodeIgniter\Boot::runCodeIgniter(Object(CodeIgniter\CodeIgniter))
 7 FCPATH\index.php(59): CodeIgniter\Boot::bootWeb(Object(Config\Paths))
DEBUG - 2025-12-13 08:07:05 --> Session: Class initialized using 'CodeIgniter\Session\Handlers\FileHandler' driver.
WARNING - 2025-12-13 08:07:05 --> [DEPRECATED] Creation of dynamic property App\Controllers\Notifications::$data is deprecated in APPPATH\Controllers\BaseController.php on line 74.
 1 APPPATH\Controllers\BaseController.php(59): App\Controllers\BaseController->loadNotificationData()
 2 SYSTEMPATH\CodeIgniter.php(904): App\Controllers\BaseController->initController(Object(CodeIgniter\HTTP\IncomingRequest), Object(CodeIgniter\HTTP\Response), Object(CodeIgniter\Log\Logger))
 3 SYSTEMPATH\CodeIgniter.php(498): CodeIgniter\CodeIgniter->createController()
 4 SYSTEMPATH\CodeIgniter.php(354): CodeIgniter\CodeIgniter->handleRequest(null, Object(Config\Cache), false)
 5 SYSTEMPATH\Boot.php(363): CodeIgniter\CodeIgniter->run()
 6 SYSTEMPATH\Boot.php(68): CodeIgniter\Boot::runCodeIgniter(Object(CodeIgniter\CodeIgniter))
 7 FCPATH\index.php(59): CodeIgniter\Boot::bootWeb(Object(Config\Paths))
DEBUG - 2025-12-13 08:08:05 --> Session: Class initialized using 'CodeIgniter\Session\Handlers\FileHandler' driver.
WARNING - 2025-12-13 08:08:05 --> [DEPRECATED] Creation of dynamic property App\Controllers\Notifications::$data is deprecated in APPPATH\Controllers\BaseController.php on line 74.
 1 APPPATH\Controllers\BaseController.php(59): App\Controllers\BaseController->loadNotificationData()
 2 SYSTEMPATH\CodeIgniter.php(904): App\Controllers\BaseController->initController(Object(CodeIgniter\HTTP\IncomingRequest), Object(CodeIgniter\HTTP\Response), Object(CodeIgniter\Log\Logger))
 3 SYSTEMPATH\CodeIgniter.php(498): CodeIgniter\CodeIgniter->createController()
 4 SYSTEMPATH\CodeIgniter.php(354): CodeIgniter\CodeIgniter->handleRequest(null, Object(Config\Cache), false)
 5 SYSTEMPATH\Boot.php(363): CodeIgniter\CodeIgniter->run()
 6 SYSTEMPATH\Boot.php(68): CodeIgniter\Boot::runCodeIgniter(Object(CodeIgniter\CodeIgniter))
 7 FCPATH\index.php(59): CodeIgniter\Boot::bootWeb(Object(Config\Paths))
DEBUG - 2025-12-13 08:09:05 --> Session: Class initialized using 'CodeIgniter\Session\Handlers\FileHandler' driver.
WARNING - 2025-12-13 08:09:05 --> [DEPRECATED] Creation of dynamic property App\Controllers\Notifications::$data is deprecated in APPPATH\Controllers\BaseController.php on line 74.
 1 APPPATH\Controllers\BaseController.php(59): App\Controllers\BaseController->loadNotificationData()
 2 SYSTEMPATH\CodeIgniter.php(904): App\Controllers\BaseController->initController(Object(CodeIgniter\HTTP\IncomingRequest), Object(CodeIgniter\HTTP\Response), Object(CodeIgniter\Log\Logger))
 3 SYSTEMPATH\CodeIgniter.php(498): CodeIgniter\CodeIgniter->createController()
 4 SYSTEMPATH\CodeIgniter.php(354): CodeIgniter\CodeIgniter->handleRequest(null, Object(Config\Cache), false)
 5 SYSTEMPATH\Boot.php(363): CodeIgniter\CodeIgniter->run()
 6 SYSTEMPATH\Boot.php(68): CodeIgniter\Boot::runCodeIgniter(Object(CodeIgniter\CodeIgniter))
 7 FCPATH\index.php(59): CodeIgniter\Boot::bootWeb(Object(Config\Paths))
DEBUG - 2025-12-13 08:10:05 --> Session: Class initialized using 'CodeIgniter\Session\Handlers\FileHandler' driver.
WARNING - 2025-12-13 08:10:05 --> [DEPRECATED] Creation of dynamic property App\Controllers\Notifications::$data is deprecated in APPPATH\Controllers\BaseController.php on line 74.
 1 APPPATH\Controllers\BaseController.php(59): App\Controllers\BaseController->loadNotificationData()
 2 SYSTEMPATH\CodeIgniter.php(904): App\Controllers\BaseController->initController(Object(CodeIgniter\HTTP\IncomingRequest), Object(CodeIgniter\HTTP\Response), Object(CodeIgniter\Log\Logger))
 3 SYSTEMPATH\CodeIgniter.php(498): CodeIgniter\CodeIgniter->createController()
 4 SYSTEMPATH\CodeIgniter.php(354): CodeIgniter\CodeIgniter->handleRequest(null, Object(Config\Cache), false)
 5 SYSTEMPATH\Boot.php(363): CodeIgniter\CodeIgniter->run()
 6 SYSTEMPATH\Boot.php(68): CodeIgniter\Boot::runCodeIgniter(Object(CodeIgniter\CodeIgniter))
 7 FCPATH\index.php(59): CodeIgniter\Boot::bootWeb(Object(Config\Paths))
DEBUG - 2025-12-13 08:11:05 --> Session: Class initialized using 'CodeIgniter\Session\Handlers\FileHandler' driver.
WARNING - 2025-12-13 08:11:05 --> [DEPRECATED] Creation of dynamic property App\Controllers\Notifications::$data is deprecated in APPPATH\Controllers\BaseController.php on line 74.
 1 APPPATH\Controllers\BaseController.php(59): App\Controllers\BaseController->loadNotificationData()
 2 SYSTEMPATH\CodeIgniter.php(904): App\Controllers\BaseController->initController(Object(CodeIgniter\HTTP\IncomingRequest), Object(CodeIgniter\HTTP\Response), Object(CodeIgniter\Log\Logger))
 3 SYSTEMPATH\CodeIgniter.php(498): CodeIgniter\CodeIgniter->createController()
 4 SYSTEMPATH\CodeIgniter.php(354): CodeIgniter\CodeIgniter->handleRequest(null, Object(Config\Cache), false)
 5 SYSTEMPATH\Boot.php(363): CodeIgniter\CodeIgniter->run()
 6 SYSTEMPATH\Boot.php(68): CodeIgniter\Boot::runCodeIgniter(Object(CodeIgniter\CodeIgniter))
 7 FCPATH\index.php(59): CodeIgniter\Boot::bootWeb(Object(Config\Paths))
DEBUG - 2025-12-13 08:12:05 --> Session: Class initialized using 'CodeIgniter\Session\Handlers\FileHandler' driver.
WARNING - 2025-12-13 08:12:06 --> [DEPRECATED] Creation of dynamic property App\Controllers\Notifications::$data is deprecated in APPPATH\Controllers\BaseController.php on line 74.
 1 APPPATH\Controllers\BaseController.php(59): App\Controllers\BaseController->loadNotificationData()
 2 SYSTEMPATH\CodeIgniter.php(904): App\Controllers\BaseController->initController(Object(CodeIgniter\HTTP\IncomingRequest), Object(CodeIgniter\HTTP\Response), Object(CodeIgniter\Log\Logger))
 3 SYSTEMPATH\CodeIgniter.php(498): CodeIgniter\CodeIgniter->createController()
 4 SYSTEMPATH\CodeIgniter.php(354): CodeIgniter\CodeIgniter->handleRequest(null, Object(Config\Cache), false)
 5 SYSTEMPATH\Boot.php(363): CodeIgniter\CodeIgniter->run()
 6 SYSTEMPATH\Boot.php(68): CodeIgniter\Boot::runCodeIgniter(Object(CodeIgniter\CodeIgniter))
 7 FCPATH\index.php(59): CodeIgniter\Boot::bootWeb(Object(Config\Paths))
DEBUG - 2025-12-13 08:13:05 --> Session: Class initialized using 'CodeIgniter\Session\Handlers\FileHandler' driver.
WARNING - 2025-12-13 08:13:06 --> [DEPRECATED] Creation of dynamic property App\Controllers\Notifications::$data is deprecated in APPPATH\Controllers\BaseController.php on line 74.
 1 APPPATH\Controllers\BaseController.php(59): App\Controllers\BaseController->loadNotificationData()
 2 SYSTEMPATH\CodeIgniter.php(904): App\Controllers\BaseController->initController(Object(CodeIgniter\HTTP\IncomingRequest), Object(CodeIgniter\HTTP\Response), Object(CodeIgniter\Log\Logger))
 3 SYSTEMPATH\CodeIgniter.php(498): CodeIgniter\CodeIgniter->createController()
 4 SYSTEMPATH\CodeIgniter.php(354): CodeIgniter\CodeIgniter->handleRequest(null, Object(Config\Cache), false)
 5 SYSTEMPATH\Boot.php(363): CodeIgniter\CodeIgniter->run()
 6 SYSTEMPATH\Boot.php(68): CodeIgniter\Boot::runCodeIgniter(Object(CodeIgniter\CodeIgniter))
 7 FCPATH\index.php(59): CodeIgniter\Boot::bootWeb(Object(Config\Paths))
DEBUG - 2025-12-13 08:14:05 --> Session: Class initialized using 'CodeIgniter\Session\Handlers\FileHandler' driver.
WARNING - 2025-12-13 08:14:05 --> [DEPRECATED] Creation of dynamic property App\Controllers\Notifications::$data is deprecated in APPPATH\Controllers\BaseController.php on line 74.
 1 APPPATH\Controllers\BaseController.php(59): App\Controllers\BaseController->loadNotificationData()
 2 SYSTEMPATH\CodeIgniter.php(904): App\Controllers\BaseController->initController(Object(CodeIgniter\HTTP\IncomingRequest), Object(CodeIgniter\HTTP\Response), Object(CodeIgniter\Log\Logger))
 3 SYSTEMPATH\CodeIgniter.php(498): CodeIgniter\CodeIgniter->createController()
 4 SYSTEMPATH\CodeIgniter.php(354): CodeIgniter\CodeIgniter->handleRequest(null, Object(Config\Cache), false)
 5 SYSTEMPATH\Boot.php(363): CodeIgniter\CodeIgniter->run()
 6 SYSTEMPATH\Boot.php(68): CodeIgniter\Boot::runCodeIgniter(Object(CodeIgniter\CodeIgniter))
 7 FCPATH\index.php(59): CodeIgniter\Boot::bootWeb(Object(Config\Paths))
DEBUG - 2025-12-13 08:15:05 --> Session: Class initialized using 'CodeIgniter\Session\Handlers\FileHandler' driver.
WARNING - 2025-12-13 08:15:05 --> [DEPRECATED] Creation of dynamic property App\Controllers\Notifications::$data is deprecated in APPPATH\Controllers\BaseController.php on line 74.
 1 APPPATH\Controllers\BaseController.php(59): App\Controllers\BaseController->loadNotificationData()
 2 SYSTEMPATH\CodeIgniter.php(904): App\Controllers\BaseController->initController(Object(CodeIgniter\HTTP\IncomingRequest), Object(CodeIgniter\HTTP\Response), Object(CodeIgniter\Log\Logger))
 3 SYSTEMPATH\CodeIgniter.php(498): CodeIgniter\CodeIgniter->createController()
 4 SYSTEMPATH\CodeIgniter.php(354): CodeIgniter\CodeIgniter->handleRequest(null, Object(Config\Cache), false)
 5 SYSTEMPATH\Boot.php(363): CodeIgniter\CodeIgniter->run()
 6 SYSTEMPATH\Boot.php(68): CodeIgniter\Boot::runCodeIgniter(Object(CodeIgniter\CodeIgniter))
 7 FCPATH\index.php(59): CodeIgniter\Boot::bootWeb(Object(Config\Paths))
DEBUG - 2025-12-13 08:16:05 --> Session: Class initialized using 'CodeIgniter\Session\Handlers\FileHandler' driver.
WARNING - 2025-12-13 08:16:05 --> [DEPRECATED] Creation of dynamic property App\Controllers\Notifications::$data is deprecated in APPPATH\Controllers\BaseController.php on line 74.
 1 APPPATH\Controllers\BaseController.php(59): App\Controllers\BaseController->loadNotificationData()
 2 SYSTEMPATH\CodeIgniter.php(904): App\Controllers\BaseController->initController(Object(CodeIgniter\HTTP\IncomingRequest), Object(CodeIgniter\HTTP\Response), Object(CodeIgniter\Log\Logger))
 3 SYSTEMPATH\CodeIgniter.php(498): CodeIgniter\CodeIgniter->createController()
 4 SYSTEMPATH\CodeIgniter.php(354): CodeIgniter\CodeIgniter->handleRequest(null, Object(Config\Cache), false)
 5 SYSTEMPATH\Boot.php(363): CodeIgniter\CodeIgniter->run()
 6 SYSTEMPATH\Boot.php(68): CodeIgniter\Boot::runCodeIgniter(Object(CodeIgniter\CodeIgniter))
 7 FCPATH\index.php(59): CodeIgniter\Boot::bootWeb(Object(Config\Paths))
DEBUG - 2025-12-13 08:17:05 --> Session: Class initialized using 'CodeIgniter\Session\Handlers\FileHandler' driver.
WARNING - 2025-12-13 08:17:05 --> [DEPRECATED] Creation of dynamic property App\Controllers\Notifications::$data is deprecated in APPPATH\Controllers\BaseController.php on line 74.
 1 APPPATH\Controllers\BaseController.php(59): App\Controllers\BaseController->loadNotificationData()
 2 SYSTEMPATH\CodeIgniter.php(904): App\Controllers\BaseController->initController(Object(CodeIgniter\HTTP\IncomingRequest), Object(CodeIgniter\HTTP\Response), Object(CodeIgniter\Log\Logger))
 3 SYSTEMPATH\CodeIgniter.php(498): CodeIgniter\CodeIgniter->createController()
 4 SYSTEMPATH\CodeIgniter.php(354): CodeIgniter\CodeIgniter->handleRequest(null, Object(Config\Cache), false)
 5 SYSTEMPATH\Boot.php(363): CodeIgniter\CodeIgniter->run()
 6 SYSTEMPATH\Boot.php(68): CodeIgniter\Boot::runCodeIgniter(Object(CodeIgniter\CodeIgniter))
 7 FCPATH\index.php(59): CodeIgniter\Boot::bootWeb(Object(Config\Paths))
DEBUG - 2025-12-13 08:18:05 --> Session: Class initialized using 'CodeIgniter\Session\Handlers\FileHandler' driver.
WARNING - 2025-12-13 08:18:05 --> [DEPRECATED] Creation of dynamic property App\Controllers\Notifications::$data is deprecated in APPPATH\Controllers\BaseController.php on line 74.
 1 APPPATH\Controllers\BaseController.php(59): App\Controllers\BaseController->loadNotificationData()
 2 SYSTEMPATH\CodeIgniter.php(904): App\Controllers\BaseController->initController(Object(CodeIgniter\HTTP\IncomingRequest), Object(CodeIgniter\HTTP\Response), Object(CodeIgniter\Log\Logger))
 3 SYSTEMPATH\CodeIgniter.php(498): CodeIgniter\CodeIgniter->createController()
 4 SYSTEMPATH\CodeIgniter.php(354): CodeIgniter\CodeIgniter->handleRequest(null, Object(Config\Cache), false)
 5 SYSTEMPATH\Boot.php(363): CodeIgniter\CodeIgniter->run()
 6 SYSTEMPATH\Boot.php(68): CodeIgniter\Boot::runCodeIgniter(Object(CodeIgniter\CodeIgniter))
 7 FCPATH\index.php(59): CodeIgniter\Boot::bootWeb(Object(Config\Paths))
DEBUG - 2025-12-13 08:19:05 --> Session: Class initialized using 'CodeIgniter\Session\Handlers\FileHandler' driver.
WARNING - 2025-12-13 08:19:05 --> [DEPRECATED] Creation of dynamic property App\Controllers\Notifications::$data is deprecated in APPPATH\Controllers\BaseController.php on line 74.
 1 APPPATH\Controllers\BaseController.php(59): App\Controllers\BaseController->loadNotificationData()
 2 SYSTEMPATH\CodeIgniter.php(904): App\Controllers\BaseController->initController(Object(CodeIgniter\HTTP\IncomingRequest), Object(CodeIgniter\HTTP\Response), Object(CodeIgniter\Log\Logger))
 3 SYSTEMPATH\CodeIgniter.php(498): CodeIgniter\CodeIgniter->createController()
 4 SYSTEMPATH\CodeIgniter.php(354): CodeIgniter\CodeIgniter->handleRequest(null, Object(Config\Cache), false)
 5 SYSTEMPATH\Boot.php(363): CodeIgniter\CodeIgniter->run()
 6 SYSTEMPATH\Boot.php(68): CodeIgniter\Boot::runCodeIgniter(Object(CodeIgniter\CodeIgniter))
 7 FCPATH\index.php(59): CodeIgniter\Boot::bootWeb(Object(Config\Paths))
DEBUG - 2025-12-13 08:20:05 --> Session: Class initialized using 'CodeIgniter\Session\Handlers\FileHandler' driver.
WARNING - 2025-12-13 08:20:05 --> [DEPRECATED] Creation of dynamic property App\Controllers\Notifications::$data is deprecated in APPPATH\Controllers\BaseController.php on line 74.
 1 APPPATH\Controllers\BaseController.php(59): App\Controllers\BaseController->loadNotificationData()
 2 SYSTEMPATH\CodeIgniter.php(904): App\Controllers\BaseController->initController(Object(CodeIgniter\HTTP\IncomingRequest), Object(CodeIgniter\HTTP\Response), Object(CodeIgniter\Log\Logger))
 3 SYSTEMPATH\CodeIgniter.php(498): CodeIgniter\CodeIgniter->createController()
 4 SYSTEMPATH\CodeIgniter.php(354): CodeIgniter\CodeIgniter->handleRequest(null, Object(Config\Cache), false)
 5 SYSTEMPATH\Boot.php(363): CodeIgniter\CodeIgniter->run()
 6 SYSTEMPATH\Boot.php(68): CodeIgniter\Boot::runCodeIgniter(Object(CodeIgniter\CodeIgniter))
 7 FCPATH\index.php(59): CodeIgniter\Boot::bootWeb(Object(Config\Paths))
DEBUG - 2025-12-13 08:21:05 --> Session: Class initialized using 'CodeIgniter\Session\Handlers\FileHandler' driver.
WARNING - 2025-12-13 08:21:05 --> [DEPRECATED] Creation of dynamic property App\Controllers\Notifications::$data is deprecated in APPPATH\Controllers\BaseController.php on line 74.
 1 APPPATH\Controllers\BaseController.php(59): App\Controllers\BaseController->loadNotificationData()
 2 SYSTEMPATH\CodeIgniter.php(904): App\Controllers\BaseController->initController(Object(CodeIgniter\HTTP\IncomingRequest), Object(CodeIgniter\HTTP\Response), Object(CodeIgniter\Log\Logger))
 3 SYSTEMPATH\CodeIgniter.php(498): CodeIgniter\CodeIgniter->createController()
 4 SYSTEMPATH\CodeIgniter.php(354): CodeIgniter\CodeIgniter->handleRequest(null, Object(Config\Cache), false)
 5 SYSTEMPATH\Boot.php(363): CodeIgniter\CodeIgniter->run()
 6 SYSTEMPATH\Boot.php(68): CodeIgniter\Boot::runCodeIgniter(Object(CodeIgniter\CodeIgniter))
 7 FCPATH\index.php(59): CodeIgniter\Boot::bootWeb(Object(Config\Paths))
DEBUG - 2025-12-13 08:22:05 --> Session: Class initialized using 'CodeIgniter\Session\Handlers\FileHandler' driver.
WARNING - 2025-12-13 08:22:06 --> [DEPRECATED] Creation of dynamic property App\Controllers\Notifications::$data is deprecated in APPPATH\Controllers\BaseController.php on line 74.
 1 APPPATH\Controllers\BaseController.php(59): App\Controllers\BaseController->loadNotificationData()
 2 SYSTEMPATH\CodeIgniter.php(904): App\Controllers\BaseController->initController(Object(CodeIgniter\HTTP\IncomingRequest), Object(CodeIgniter\HTTP\Response), Object(CodeIgniter\Log\Logger))
 3 SYSTEMPATH\CodeIgniter.php(498): CodeIgniter\CodeIgniter->createController()
 4 SYSTEMPATH\CodeIgniter.php(354): CodeIgniter\CodeIgniter->handleRequest(null, Object(Config\Cache), false)
 5 SYSTEMPATH\Boot.php(363): CodeIgniter\CodeIgniter->run()
 6 SYSTEMPATH\Boot.php(68): CodeIgniter\Boot::runCodeIgniter(Object(CodeIgniter\CodeIgniter))
 7 FCPATH\index.php(59): CodeIgniter\Boot::bootWeb(Object(Config\Paths))
DEBUG - 2025-12-13 08:23:05 --> Session: Class initialized using 'CodeIgniter\Session\Handlers\FileHandler' driver.
WARNING - 2025-12-13 08:23:05 --> [DEPRECATED] Creation of dynamic property App\Controllers\Notifications::$data is deprecated in APPPATH\Controllers\BaseController.php on line 74.
 1 APPPATH\Controllers\BaseController.php(59): App\Controllers\BaseController->loadNotificationData()
 2 SYSTEMPATH\CodeIgniter.php(904): App\Controllers\BaseController->initController(Object(CodeIgniter\HTTP\IncomingRequest), Object(CodeIgniter\HTTP\Response), Object(CodeIgniter\Log\Logger))
 3 SYSTEMPATH\CodeIgniter.php(498): CodeIgniter\CodeIgniter->createController()
 4 SYSTEMPATH\CodeIgniter.php(354): CodeIgniter\CodeIgniter->handleRequest(null, Object(Config\Cache), false)
 5 SYSTEMPATH\Boot.php(363): CodeIgniter\CodeIgniter->run()
 6 SYSTEMPATH\Boot.php(68): CodeIgniter\Boot::runCodeIgniter(Object(CodeIgniter\CodeIgniter))
 7 FCPATH\index.php(59): CodeIgniter\Boot::bootWeb(Object(Config\Paths))
DEBUG - 2025-12-13 08:24:05 --> Session: Class initialized using 'CodeIgniter\Session\Handlers\FileHandler' driver.
WARNING - 2025-12-13 08:24:05 --> [DEPRECATED] Creation of dynamic property App\Controllers\Notifications::$data is deprecated in APPPATH\Controllers\BaseController.php on line 74.
 1 APPPATH\Controllers\BaseController.php(59): App\Controllers\BaseController->loadNotificationData()
 2 SYSTEMPATH\CodeIgniter.php(904): App\Controllers\BaseController->initController(Object(CodeIgniter\HTTP\IncomingRequest), Object(CodeIgniter\HTTP\Response), Object(CodeIgniter\Log\Logger))
 3 SYSTEMPATH\CodeIgniter.php(498): CodeIgniter\CodeIgniter->createController()
 4 SYSTEMPATH\CodeIgniter.php(354): CodeIgniter\CodeIgniter->handleRequest(null, Object(Config\Cache), false)
 5 SYSTEMPATH\Boot.php(363): CodeIgniter\CodeIgniter->run()
 6 SYSTEMPATH\Boot.php(68): CodeIgniter\Boot::runCodeIgniter(Object(CodeIgniter\CodeIgniter))
 7 FCPATH\index.php(59): CodeIgniter\Boot::bootWeb(Object(Config\Paths))
DEBUG - 2025-12-13 08:25:05 --> Session: Class initialized using 'CodeIgniter\Session\Handlers\FileHandler' driver.
WARNING - 2025-12-13 08:25:05 --> [DEPRECATED] Creation of dynamic property App\Controllers\Notifications::$data is deprecated in APPPATH\Controllers\BaseController.php on line 74.
 1 APPPATH\Controllers\BaseController.php(59): App\Controllers\BaseController->loadNotificationData()
 2 SYSTEMPATH\CodeIgniter.php(904): App\Controllers\BaseController->initController(Object(CodeIgniter\HTTP\IncomingRequest), Object(CodeIgniter\HTTP\Response), Object(CodeIgniter\Log\Logger))
 3 SYSTEMPATH\CodeIgniter.php(498): CodeIgniter\CodeIgniter->createController()
 4 SYSTEMPATH\CodeIgniter.php(354): CodeIgniter\CodeIgniter->handleRequest(null, Object(Config\Cache), false)
 5 SYSTEMPATH\Boot.php(363): CodeIgniter\CodeIgniter->run()
 6 SYSTEMPATH\Boot.php(68): CodeIgniter\Boot::runCodeIgniter(Object(CodeIgniter\CodeIgniter))
 7 FCPATH\index.php(59): CodeIgniter\Boot::bootWeb(Object(Config\Paths))
DEBUG - 2025-12-13 08:26:05 --> Session: Class initialized using 'CodeIgniter\Session\Handlers\FileHandler' driver.
WARNING - 2025-12-13 08:26:05 --> [DEPRECATED] Creation of dynamic property App\Controllers\Notifications::$data is deprecated in APPPATH\Controllers\BaseController.php on line 74.
 1 APPPATH\Controllers\BaseController.php(59): App\Controllers\BaseController->loadNotificationData()
 2 SYSTEMPATH\CodeIgniter.php(904): App\Controllers\BaseController->initController(Object(CodeIgniter\HTTP\IncomingRequest), Object(CodeIgniter\HTTP\Response), Object(CodeIgniter\Log\Logger))
 3 SYSTEMPATH\CodeIgniter.php(498): CodeIgniter\CodeIgniter->createController()
 4 SYSTEMPATH\CodeIgniter.php(354): CodeIgniter\CodeIgniter->handleRequest(null, Object(Config\Cache), false)
 5 SYSTEMPATH\Boot.php(363): CodeIgniter\CodeIgniter->run()
 6 SYSTEMPATH\Boot.php(68): CodeIgniter\Boot::runCodeIgniter(Object(CodeIgniter\CodeIgniter))
 7 FCPATH\index.php(59): CodeIgniter\Boot::bootWeb(Object(Config\Paths))
DEBUG - 2025-12-13 08:27:05 --> Session: Class initialized using 'CodeIgniter\Session\Handlers\FileHandler' driver.
WARNING - 2025-12-13 08:27:05 --> [DEPRECATED] Creation of dynamic property App\Controllers\Notifications::$data is deprecated in APPPATH\Controllers\BaseController.php on line 74.
 1 APPPATH\Controllers\BaseController.php(59): App\Controllers\BaseController->loadNotificationData()
 2 SYSTEMPATH\CodeIgniter.php(904): App\Controllers\BaseController->initController(Object(CodeIgniter\HTTP\IncomingRequest), Object(CodeIgniter\HTTP\Response), Object(CodeIgniter\Log\Logger))
 3 SYSTEMPATH\CodeIgniter.php(498): CodeIgniter\CodeIgniter->createController()
 4 SYSTEMPATH\CodeIgniter.php(354): CodeIgniter\CodeIgniter->handleRequest(null, Object(Config\Cache), false)
 5 SYSTEMPATH\Boot.php(363): CodeIgniter\CodeIgniter->run()
 6 SYSTEMPATH\Boot.php(68): CodeIgniter\Boot::runCodeIgniter(Object(CodeIgniter\CodeIgniter))
 7 FCPATH\index.php(59): CodeIgniter\Boot::bootWeb(Object(Config\Paths))
DEBUG - 2025-12-13 08:28:05 --> Session: Class initialized using 'CodeIgniter\Session\Handlers\FileHandler' driver.
WARNING - 2025-12-13 08:28:05 --> [DEPRECATED] Creation of dynamic property App\Controllers\Notifications::$data is deprecated in APPPATH\Controllers\BaseController.php on line 74.
 1 APPPATH\Controllers\BaseController.php(59): App\Controllers\BaseController->loadNotificationData()
 2 SYSTEMPATH\CodeIgniter.php(904): App\Controllers\BaseController->initController(Object(CodeIgniter\HTTP\IncomingRequest), Object(CodeIgniter\HTTP\Response), Object(CodeIgniter\Log\Logger))
 3 SYSTEMPATH\CodeIgniter.php(498): CodeIgniter\CodeIgniter->createController()
 4 SYSTEMPATH\CodeIgniter.php(354): CodeIgniter\CodeIgniter->handleRequest(null, Object(Config\Cache), false)
 5 SYSTEMPATH\Boot.php(363): CodeIgniter\CodeIgniter->run()
 6 SYSTEMPATH\Boot.php(68): CodeIgniter\Boot::runCodeIgniter(Object(CodeIgniter\CodeIgniter))
 7 FCPATH\index.php(59): CodeIgniter\Boot::bootWeb(Object(Config\Paths))
DEBUG - 2025-12-13 08:29:05 --> Session: Class initialized using 'CodeIgniter\Session\Handlers\FileHandler' driver.
WARNING - 2025-12-13 08:29:05 --> [DEPRECATED] Creation of dynamic property App\Controllers\Notifications::$data is deprecated in APPPATH\Controllers\BaseController.php on line 74.
 1 APPPATH\Controllers\BaseController.php(59): App\Controllers\BaseController->loadNotificationData()
 2 SYSTEMPATH\CodeIgniter.php(904): App\Controllers\BaseController->initController(Object(CodeIgniter\HTTP\IncomingRequest), Object(CodeIgniter\HTTP\Response), Object(CodeIgniter\Log\Logger))
 3 SYSTEMPATH\CodeIgniter.php(498): CodeIgniter\CodeIgniter->createController()
 4 SYSTEMPATH\CodeIgniter.php(354): CodeIgniter\CodeIgniter->handleRequest(null, Object(Config\Cache), false)
 5 SYSTEMPATH\Boot.php(363): CodeIgniter\CodeIgniter->run()
 6 SYSTEMPATH\Boot.php(68): CodeIgniter\Boot::runCodeIgniter(Object(CodeIgniter\CodeIgniter))
 7 FCPATH\index.php(59): CodeIgniter\Boot::bootWeb(Object(Config\Paths))
DEBUG - 2025-12-13 08:30:05 --> Session: Class initialized using 'CodeIgniter\Session\Handlers\FileHandler' driver.
WARNING - 2025-12-13 08:30:06 --> [DEPRECATED] Creation of dynamic property App\Controllers\Notifications::$data is deprecated in APPPATH\Controllers\BaseController.php on line 74.
 1 APPPATH\Controllers\BaseController.php(59): App\Controllers\BaseController->loadNotificationData()
 2 SYSTEMPATH\CodeIgniter.php(904): App\Controllers\BaseController->initController(Object(CodeIgniter\HTTP\IncomingRequest), Object(CodeIgniter\HTTP\Response), Object(CodeIgniter\Log\Logger))
 3 SYSTEMPATH\CodeIgniter.php(498): CodeIgniter\CodeIgniter->createController()
 4 SYSTEMPATH\CodeIgniter.php(354): CodeIgniter\CodeIgniter->handleRequest(null, Object(Config\Cache), false)
 5 SYSTEMPATH\Boot.php(363): CodeIgniter\CodeIgniter->run()
 6 SYSTEMPATH\Boot.php(68): CodeIgniter\Boot::runCodeIgniter(Object(CodeIgniter\CodeIgniter))
 7 FCPATH\index.php(59): CodeIgniter\Boot::bootWeb(Object(Config\Paths))
DEBUG - 2025-12-13 08:31:05 --> Session: Class initialized using 'CodeIgniter\Session\Handlers\FileHandler' driver.
WARNING - 2025-12-13 08:31:05 --> [DEPRECATED] Creation of dynamic property App\Controllers\Notifications::$data is deprecated in APPPATH\Controllers\BaseController.php on line 74.
 1 APPPATH\Controllers\BaseController.php(59): App\Controllers\BaseController->loadNotificationData()
 2 SYSTEMPATH\CodeIgniter.php(904): App\Controllers\BaseController->initController(Object(CodeIgniter\HTTP\IncomingRequest), Object(CodeIgniter\HTTP\Response), Object(CodeIgniter\Log\Logger))
 3 SYSTEMPATH\CodeIgniter.php(498): CodeIgniter\CodeIgniter->createController()
 4 SYSTEMPATH\CodeIgniter.php(354): CodeIgniter\CodeIgniter->handleRequest(null, Object(Config\Cache), false)
 5 SYSTEMPATH\Boot.php(363): CodeIgniter\CodeIgniter->run()
 6 SYSTEMPATH\Boot.php(68): CodeIgniter\Boot::runCodeIgniter(Object(CodeIgniter\CodeIgniter))
 7 FCPATH\index.php(59): CodeIgniter\Boot::bootWeb(Object(Config\Paths))
DEBUG - 2025-12-13 08:32:05 --> Session: Class initialized using 'CodeIgniter\Session\Handlers\FileHandler' driver.
WARNING - 2025-12-13 08:32:05 --> [DEPRECATED] Creation of dynamic property App\Controllers\Notifications::$data is deprecated in APPPATH\Controllers\BaseController.php on line 74.
 1 APPPATH\Controllers\BaseController.php(59): App\Controllers\BaseController->loadNotificationData()
 2 SYSTEMPATH\CodeIgniter.php(904): App\Controllers\BaseController->initController(Object(CodeIgniter\HTTP\IncomingRequest), Object(CodeIgniter\HTTP\Response), Object(CodeIgniter\Log\Logger))
 3 SYSTEMPATH\CodeIgniter.php(498): CodeIgniter\CodeIgniter->createController()
 4 SYSTEMPATH\CodeIgniter.php(354): CodeIgniter\CodeIgniter->handleRequest(null, Object(Config\Cache), false)
 5 SYSTEMPATH\Boot.php(363): CodeIgniter\CodeIgniter->run()
 6 SYSTEMPATH\Boot.php(68): CodeIgniter\Boot::runCodeIgniter(Object(CodeIgniter\CodeIgniter))
 7 FCPATH\index.php(59): CodeIgniter\Boot::bootWeb(Object(Config\Paths))
DEBUG - 2025-12-13 08:33:05 --> Session: Class initialized using 'CodeIgniter\Session\Handlers\FileHandler' driver.
WARNING - 2025-12-13 08:33:05 --> [DEPRECATED] Creation of dynamic property App\Controllers\Notifications::$data is deprecated in APPPATH\Controllers\BaseController.php on line 74.
 1 APPPATH\Controllers\BaseController.php(59): App\Controllers\BaseController->loadNotificationData()
 2 SYSTEMPATH\CodeIgniter.php(904): App\Controllers\BaseController->initController(Object(CodeIgniter\HTTP\IncomingRequest), Object(CodeIgniter\HTTP\Response), Object(CodeIgniter\Log\Logger))
 3 SYSTEMPATH\CodeIgniter.php(498): CodeIgniter\CodeIgniter->createController()
 4 SYSTEMPATH\CodeIgniter.php(354): CodeIgniter\CodeIgniter->handleRequest(null, Object(Config\Cache), false)
 5 SYSTEMPATH\Boot.php(363): CodeIgniter\CodeIgniter->run()
 6 SYSTEMPATH\Boot.php(68): CodeIgniter\Boot::runCodeIgniter(Object(CodeIgniter\CodeIgniter))
 7 FCPATH\index.php(59): CodeIgniter\Boot::bootWeb(Object(Config\Paths))
DEBUG - 2025-12-13 08:34:05 --> Session: Class initialized using 'CodeIgniter\Session\Handlers\FileHandler' driver.
WARNING - 2025-12-13 08:34:05 --> [DEPRECATED] Creation of dynamic property App\Controllers\Notifications::$data is deprecated in APPPATH\Controllers\BaseController.php on line 74.
 1 APPPATH\Controllers\BaseController.php(59): App\Controllers\BaseController->loadNotificationData()
 2 SYSTEMPATH\CodeIgniter.php(904): App\Controllers\BaseController->initController(Object(CodeIgniter\HTTP\IncomingRequest), Object(CodeIgniter\HTTP\Response), Object(CodeIgniter\Log\Logger))
 3 SYSTEMPATH\CodeIgniter.php(498): CodeIgniter\CodeIgniter->createController()
 4 SYSTEMPATH\CodeIgniter.php(354): CodeIgniter\CodeIgniter->handleRequest(null, Object(Config\Cache), false)
 5 SYSTEMPATH\Boot.php(363): CodeIgniter\CodeIgniter->run()
 6 SYSTEMPATH\Boot.php(68): CodeIgniter\Boot::runCodeIgniter(Object(CodeIgniter\CodeIgniter))
 7 FCPATH\index.php(59): CodeIgniter\Boot::bootWeb(Object(Config\Paths))
DEBUG - 2025-12-13 08:35:05 --> Session: Class initialized using 'CodeIgniter\Session\Handlers\FileHandler' driver.
WARNING - 2025-12-13 08:35:05 --> [DEPRECATED] Creation of dynamic property App\Controllers\Notifications::$data is deprecated in APPPATH\Controllers\BaseController.php on line 74.
 1 APPPATH\Controllers\BaseController.php(59): App\Controllers\BaseController->loadNotificationData()
 2 SYSTEMPATH\CodeIgniter.php(904): App\Controllers\BaseController->initController(Object(CodeIgniter\HTTP\IncomingRequest), Object(CodeIgniter\HTTP\Response), Object(CodeIgniter\Log\Logger))
 3 SYSTEMPATH\CodeIgniter.php(498): CodeIgniter\CodeIgniter->createController()
 4 SYSTEMPATH\CodeIgniter.php(354): CodeIgniter\CodeIgniter->handleRequest(null, Object(Config\Cache), false)
 5 SYSTEMPATH\Boot.php(363): CodeIgniter\CodeIgniter->run()
 6 SYSTEMPATH\Boot.php(68): CodeIgniter\Boot::runCodeIgniter(Object(CodeIgniter\CodeIgniter))
 7 FCPATH\index.php(59): CodeIgniter\Boot::bootWeb(Object(Config\Paths))
DEBUG - 2025-12-13 08:36:05 --> Session: Class initialized using 'CodeIgniter\Session\Handlers\FileHandler' driver.
WARNING - 2025-12-13 08:36:05 --> [DEPRECATED] Creation of dynamic property App\Controllers\Notifications::$data is deprecated in APPPATH\Controllers\BaseController.php on line 74.
 1 APPPATH\Controllers\BaseController.php(59): App\Controllers\BaseController->loadNotificationData()
 2 SYSTEMPATH\CodeIgniter.php(904): App\Controllers\BaseController->initController(Object(CodeIgniter\HTTP\IncomingRequest), Object(CodeIgniter\HTTP\Response), Object(CodeIgniter\Log\Logger))
 3 SYSTEMPATH\CodeIgniter.php(498): CodeIgniter\CodeIgniter->createController()
 4 SYSTEMPATH\CodeIgniter.php(354): CodeIgniter\CodeIgniter->handleRequest(null, Object(Config\Cache), false)
 5 SYSTEMPATH\Boot.php(363): CodeIgniter\CodeIgniter->run()
 6 SYSTEMPATH\Boot.php(68): CodeIgniter\Boot::runCodeIgniter(Object(CodeIgniter\CodeIgniter))
 7 FCPATH\index.php(59): CodeIgniter\Boot::bootWeb(Object(Config\Paths))
DEBUG - 2025-12-13 08:37:05 --> Session: Class initialized using 'CodeIgniter\Session\Handlers\FileHandler' driver.
WARNING - 2025-12-13 08:37:05 --> [DEPRECATED] Creation of dynamic property App\Controllers\Notifications::$data is deprecated in APPPATH\Controllers\BaseController.php on line 74.
 1 APPPATH\Controllers\BaseController.php(59): App\Controllers\BaseController->loadNotificationData()
 2 SYSTEMPATH\CodeIgniter.php(904): App\Controllers\BaseController->initController(Object(CodeIgniter\HTTP\IncomingRequest), Object(CodeIgniter\HTTP\Response), Object(CodeIgniter\Log\Logger))
 3 SYSTEMPATH\CodeIgniter.php(498): CodeIgniter\CodeIgniter->createController()
 4 SYSTEMPATH\CodeIgniter.php(354): CodeIgniter\CodeIgniter->handleRequest(null, Object(Config\Cache), false)
 5 SYSTEMPATH\Boot.php(363): CodeIgniter\CodeIgniter->run()
 6 SYSTEMPATH\Boot.php(68): CodeIgniter\Boot::runCodeIgniter(Object(CodeIgniter\CodeIgniter))
 7 FCPATH\index.php(59): CodeIgniter\Boot::bootWeb(Object(Config\Paths))
DEBUG - 2025-12-13 08:38:05 --> Session: Class initialized using 'CodeIgniter\Session\Handlers\FileHandler' driver.
WARNING - 2025-12-13 08:38:05 --> [DEPRECATED] Creation of dynamic property App\Controllers\Notifications::$data is deprecated in APPPATH\Controllers\BaseController.php on line 74.
 1 APPPATH\Controllers\BaseController.php(59): App\Controllers\BaseController->loadNotificationData()
 2 SYSTEMPATH\CodeIgniter.php(904): App\Controllers\BaseController->initController(Object(CodeIgniter\HTTP\IncomingRequest), Object(CodeIgniter\HTTP\Response), Object(CodeIgniter\Log\Logger))
 3 SYSTEMPATH\CodeIgniter.php(498): CodeIgniter\CodeIgniter->createController()
 4 SYSTEMPATH\CodeIgniter.php(354): CodeIgniter\CodeIgniter->handleRequest(null, Object(Config\Cache), false)
 5 SYSTEMPATH\Boot.php(363): CodeIgniter\CodeIgniter->run()
 6 SYSTEMPATH\Boot.php(68): CodeIgniter\Boot::runCodeIgniter(Object(CodeIgniter\CodeIgniter))
 7 FCPATH\index.php(59): CodeIgniter\Boot::bootWeb(Object(Config\Paths))
DEBUG - 2025-12-13 08:39:05 --> Session: Class initialized using 'CodeIgniter\Session\Handlers\FileHandler' driver.
WARNING - 2025-12-13 08:39:06 --> [DEPRECATED] Creation of dynamic property App\Controllers\Notifications::$data is deprecated in APPPATH\Controllers\BaseController.php on line 74.
 1 APPPATH\Controllers\BaseController.php(59): App\Controllers\BaseController->loadNotificationData()
 2 SYSTEMPATH\CodeIgniter.php(904): App\Controllers\BaseController->initController(Object(CodeIgniter\HTTP\IncomingRequest), Object(CodeIgniter\HTTP\Response), Object(CodeIgniter\Log\Logger))
 3 SYSTEMPATH\CodeIgniter.php(498): CodeIgniter\CodeIgniter->createController()
 4 SYSTEMPATH\CodeIgniter.php(354): CodeIgniter\CodeIgniter->handleRequest(null, Object(Config\Cache), false)
 5 SYSTEMPATH\Boot.php(363): CodeIgniter\CodeIgniter->run()
 6 SYSTEMPATH\Boot.php(68): CodeIgniter\Boot::runCodeIgniter(Object(CodeIgniter\CodeIgniter))
 7 FCPATH\index.php(59): CodeIgniter\Boot::bootWeb(Object(Config\Paths))
DEBUG - 2025-12-13 08:40:05 --> Session: Class initialized using 'CodeIgniter\Session\Handlers\FileHandler' driver.
WARNING - 2025-12-13 08:40:05 --> [DEPRECATED] Creation of dynamic property App\Controllers\Notifications::$data is deprecated in APPPATH\Controllers\BaseController.php on line 74.
 1 APPPATH\Controllers\BaseController.php(59): App\Controllers\BaseController->loadNotificationData()
 2 SYSTEMPATH\CodeIgniter.php(904): App\Controllers\BaseController->initController(Object(CodeIgniter\HTTP\IncomingRequest), Object(CodeIgniter\HTTP\Response), Object(CodeIgniter\Log\Logger))
 3 SYSTEMPATH\CodeIgniter.php(498): CodeIgniter\CodeIgniter->createController()
 4 SYSTEMPATH\CodeIgniter.php(354): CodeIgniter\CodeIgniter->handleRequest(null, Object(Config\Cache), false)
 5 SYSTEMPATH\Boot.php(363): CodeIgniter\CodeIgniter->run()
 6 SYSTEMPATH\Boot.php(68): CodeIgniter\Boot::runCodeIgniter(Object(CodeIgniter\CodeIgniter))
 7 FCPATH\index.php(59): CodeIgniter\Boot::bootWeb(Object(Config\Paths))
DEBUG - 2025-12-13 08:41:05 --> Session: Class initialized using 'CodeIgniter\Session\Handlers\FileHandler' driver.
WARNING - 2025-12-13 08:41:05 --> [DEPRECATED] Creation of dynamic property App\Controllers\Notifications::$data is deprecated in APPPATH\Controllers\BaseController.php on line 74.
 1 APPPATH\Controllers\BaseController.php(59): App\Controllers\BaseController->loadNotificationData()
 2 SYSTEMPATH\CodeIgniter.php(904): App\Controllers\BaseController->initController(Object(CodeIgniter\HTTP\IncomingRequest), Object(CodeIgniter\HTTP\Response), Object(CodeIgniter\Log\Logger))
 3 SYSTEMPATH\CodeIgniter.php(498): CodeIgniter\CodeIgniter->createController()
 4 SYSTEMPATH\CodeIgniter.php(354): CodeIgniter\CodeIgniter->handleRequest(null, Object(Config\Cache), false)
 5 SYSTEMPATH\Boot.php(363): CodeIgniter\CodeIgniter->run()
 6 SYSTEMPATH\Boot.php(68): CodeIgniter\Boot::runCodeIgniter(Object(CodeIgniter\CodeIgniter))
 7 FCPATH\index.php(59): CodeIgniter\Boot::bootWeb(Object(Config\Paths))
DEBUG - 2025-12-13 08:42:05 --> Session: Class initialized using 'CodeIgniter\Session\Handlers\FileHandler' driver.
WARNING - 2025-12-13 08:42:05 --> [DEPRECATED] Creation of dynamic property App\Controllers\Notifications::$data is deprecated in APPPATH\Controllers\BaseController.php on line 74.
 1 APPPATH\Controllers\BaseController.php(59): App\Controllers\BaseController->loadNotificationData()
 2 SYSTEMPATH\CodeIgniter.php(904): App\Controllers\BaseController->initController(Object(CodeIgniter\HTTP\IncomingRequest), Object(CodeIgniter\HTTP\Response), Object(CodeIgniter\Log\Logger))
 3 SYSTEMPATH\CodeIgniter.php(498): CodeIgniter\CodeIgniter->createController()
 4 SYSTEMPATH\CodeIgniter.php(354): CodeIgniter\CodeIgniter->handleRequest(null, Object(Config\Cache), false)
 5 SYSTEMPATH\Boot.php(363): CodeIgniter\CodeIgniter->run()
 6 SYSTEMPATH\Boot.php(68): CodeIgniter\Boot::runCodeIgniter(Object(CodeIgniter\CodeIgniter))
 7 FCPATH\index.php(59): CodeIgniter\Boot::bootWeb(Object(Config\Paths))
DEBUG - 2025-12-13 08:43:05 --> Session: Class initialized using 'CodeIgniter\Session\Handlers\FileHandler' driver.
WARNING - 2025-12-13 08:43:05 --> [DEPRECATED] Creation of dynamic property App\Controllers\Notifications::$data is deprecated in APPPATH\Controllers\BaseController.php on line 74.
 1 APPPATH\Controllers\BaseController.php(59): App\Controllers\BaseController->loadNotificationData()
 2 SYSTEMPATH\CodeIgniter.php(904): App\Controllers\BaseController->initController(Object(CodeIgniter\HTTP\IncomingRequest), Object(CodeIgniter\HTTP\Response), Object(CodeIgniter\Log\Logger))
 3 SYSTEMPATH\CodeIgniter.php(498): CodeIgniter\CodeIgniter->createController()
 4 SYSTEMPATH\CodeIgniter.php(354): CodeIgniter\CodeIgniter->handleRequest(null, Object(Config\Cache), false)
 5 SYSTEMPATH\Boot.php(363): CodeIgniter\CodeIgniter->run()
 6 SYSTEMPATH\Boot.php(68): CodeIgniter\Boot::runCodeIgniter(Object(CodeIgniter\CodeIgniter))
 7 FCPATH\index.php(59): CodeIgniter\Boot::bootWeb(Object(Config\Paths))
DEBUG - 2025-12-13 08:44:05 --> Session: Class initialized using 'CodeIgniter\Session\Handlers\FileHandler' driver.
WARNING - 2025-12-13 08:44:06 --> [DEPRECATED] Creation of dynamic property App\Controllers\Notifications::$data is deprecated in APPPATH\Controllers\BaseController.php on line 74.
 1 APPPATH\Controllers\BaseController.php(59): App\Controllers\BaseController->loadNotificationData()
 2 SYSTEMPATH\CodeIgniter.php(904): App\Controllers\BaseController->initController(Object(CodeIgniter\HTTP\IncomingRequest), Object(CodeIgniter\HTTP\Response), Object(CodeIgniter\Log\Logger))
 3 SYSTEMPATH\CodeIgniter.php(498): CodeIgniter\CodeIgniter->createController()
 4 SYSTEMPATH\CodeIgniter.php(354): CodeIgniter\CodeIgniter->handleRequest(null, Object(Config\Cache), false)
 5 SYSTEMPATH\Boot.php(363): CodeIgniter\CodeIgniter->run()
 6 SYSTEMPATH\Boot.php(68): CodeIgniter\Boot::runCodeIgniter(Object(CodeIgniter\CodeIgniter))
 7 FCPATH\index.php(59): CodeIgniter\Boot::bootWeb(Object(Config\Paths))
DEBUG - 2025-12-13 08:45:05 --> Session: Class initialized using 'CodeIgniter\Session\Handlers\FileHandler' driver.
WARNING - 2025-12-13 08:45:05 --> [DEPRECATED] Creation of dynamic property App\Controllers\Notifications::$data is deprecated in APPPATH\Controllers\BaseController.php on line 74.
 1 APPPATH\Controllers\BaseController.php(59): App\Controllers\BaseController->loadNotificationData()
 2 SYSTEMPATH\CodeIgniter.php(904): App\Controllers\BaseController->initController(Object(CodeIgniter\HTTP\IncomingRequest), Object(CodeIgniter\HTTP\Response), Object(CodeIgniter\Log\Logger))
 3 SYSTEMPATH\CodeIgniter.php(498): CodeIgniter\CodeIgniter->createController()
 4 SYSTEMPATH\CodeIgniter.php(354): CodeIgniter\CodeIgniter->handleRequest(null, Object(Config\Cache), false)
 5 SYSTEMPATH\Boot.php(363): CodeIgniter\CodeIgniter->run()
 6 SYSTEMPATH\Boot.php(68): CodeIgniter\Boot::runCodeIgniter(Object(CodeIgniter\CodeIgniter))
 7 FCPATH\index.php(59): CodeIgniter\Boot::bootWeb(Object(Config\Paths))
DEBUG - 2025-12-13 08:46:05 --> Session: Class initialized using 'CodeIgniter\Session\Handlers\FileHandler' driver.
WARNING - 2025-12-13 08:46:05 --> [DEPRECATED] Creation of dynamic property App\Controllers\Notifications::$data is deprecated in APPPATH\Controllers\BaseController.php on line 74.
 1 APPPATH\Controllers\BaseController.php(59): App\Controllers\BaseController->loadNotificationData()
 2 SYSTEMPATH\CodeIgniter.php(904): App\Controllers\BaseController->initController(Object(CodeIgniter\HTTP\IncomingRequest), Object(CodeIgniter\HTTP\Response), Object(CodeIgniter\Log\Logger))
 3 SYSTEMPATH\CodeIgniter.php(498): CodeIgniter\CodeIgniter->createController()
 4 SYSTEMPATH\CodeIgniter.php(354): CodeIgniter\CodeIgniter->handleRequest(null, Object(Config\Cache), false)
 5 SYSTEMPATH\Boot.php(363): CodeIgniter\CodeIgniter->run()
 6 SYSTEMPATH\Boot.php(68): CodeIgniter\Boot::runCodeIgniter(Object(CodeIgniter\CodeIgniter))
 7 FCPATH\index.php(59): CodeIgniter\Boot::bootWeb(Object(Config\Paths))
DEBUG - 2025-12-13 08:47:05 --> Session: Class initialized using 'CodeIgniter\Session\Handlers\FileHandler' driver.
WARNING - 2025-12-13 08:47:05 --> [DEPRECATED] Creation of dynamic property App\Controllers\Notifications::$data is deprecated in APPPATH\Controllers\BaseController.php on line 74.
 1 APPPATH\Controllers\BaseController.php(59): App\Controllers\BaseController->loadNotificationData()
 2 SYSTEMPATH\CodeIgniter.php(904): App\Controllers\BaseController->initController(Object(CodeIgniter\HTTP\IncomingRequest), Object(CodeIgniter\HTTP\Response), Object(CodeIgniter\Log\Logger))
 3 SYSTEMPATH\CodeIgniter.php(498): CodeIgniter\CodeIgniter->createController()
 4 SYSTEMPATH\CodeIgniter.php(354): CodeIgniter\CodeIgniter->handleRequest(null, Object(Config\Cache), false)
 5 SYSTEMPATH\Boot.php(363): CodeIgniter\CodeIgniter->run()
 6 SYSTEMPATH\Boot.php(68): CodeIgniter\Boot::runCodeIgniter(Object(CodeIgniter\CodeIgniter))
 7 FCPATH\index.php(59): CodeIgniter\Boot::bootWeb(Object(Config\Paths))
DEBUG - 2025-12-13 08:48:06 --> Session: Class initialized using 'CodeIgniter\Session\Handlers\FileHandler' driver.
WARNING - 2025-12-13 08:48:06 --> [DEPRECATED] Creation of dynamic property App\Controllers\Notifications::$data is deprecated in APPPATH\Controllers\BaseController.php on line 74.
 1 APPPATH\Controllers\BaseController.php(59): App\Controllers\BaseController->loadNotificationData()
 2 SYSTEMPATH\CodeIgniter.php(904): App\Controllers\BaseController->initController(Object(CodeIgniter\HTTP\IncomingRequest), Object(CodeIgniter\HTTP\Response), Object(CodeIgniter\Log\Logger))
 3 SYSTEMPATH\CodeIgniter.php(498): CodeIgniter\CodeIgniter->createController()
 4 SYSTEMPATH\CodeIgniter.php(354): CodeIgniter\CodeIgniter->handleRequest(null, Object(Config\Cache), false)
 5 SYSTEMPATH\Boot.php(363): CodeIgniter\CodeIgniter->run()
 6 SYSTEMPATH\Boot.php(68): CodeIgniter\Boot::runCodeIgniter(Object(CodeIgniter\CodeIgniter))
 7 FCPATH\index.php(59): CodeIgniter\Boot::bootWeb(Object(Config\Paths))
DEBUG - 2025-12-13 08:49:05 --> Session: Class initialized using 'CodeIgniter\Session\Handlers\FileHandler' driver.
WARNING - 2025-12-13 08:49:05 --> [DEPRECATED] Creation of dynamic property App\Controllers\Notifications::$data is deprecated in APPPATH\Controllers\BaseController.php on line 74.
 1 APPPATH\Controllers\BaseController.php(59): App\Controllers\BaseController->loadNotificationData()
 2 SYSTEMPATH\CodeIgniter.php(904): App\Controllers\BaseController->initController(Object(CodeIgniter\HTTP\IncomingRequest), Object(CodeIgniter\HTTP\Response), Object(CodeIgniter\Log\Logger))
 3 SYSTEMPATH\CodeIgniter.php(498): CodeIgniter\CodeIgniter->createController()
 4 SYSTEMPATH\CodeIgniter.php(354): CodeIgniter\CodeIgniter->handleRequest(null, Object(Config\Cache), false)
 5 SYSTEMPATH\Boot.php(363): CodeIgniter\CodeIgniter->run()
 6 SYSTEMPATH\Boot.php(68): CodeIgniter\Boot::runCodeIgniter(Object(CodeIgniter\CodeIgniter))
 7 FCPATH\index.php(59): CodeIgniter\Boot::bootWeb(Object(Config\Paths))
DEBUG - 2025-12-13 08:50:05 --> Session: Class initialized using 'CodeIgniter\Session\Handlers\FileHandler' driver.
WARNING - 2025-12-13 08:50:05 --> [DEPRECATED] Creation of dynamic property App\Controllers\Notifications::$data is deprecated in APPPATH\Controllers\BaseController.php on line 74.
 1 APPPATH\Controllers\BaseController.php(59): App\Controllers\BaseController->loadNotificationData()
 2 SYSTEMPATH\CodeIgniter.php(904): App\Controllers\BaseController->initController(Object(CodeIgniter\HTTP\IncomingRequest), Object(CodeIgniter\HTTP\Response), Object(CodeIgniter\Log\Logger))
 3 SYSTEMPATH\CodeIgniter.php(498): CodeIgniter\CodeIgniter->createController()
 4 SYSTEMPATH\CodeIgniter.php(354): CodeIgniter\CodeIgniter->handleRequest(null, Object(Config\Cache), false)
 5 SYSTEMPATH\Boot.php(363): CodeIgniter\CodeIgniter->run()
 6 SYSTEMPATH\Boot.php(68): CodeIgniter\Boot::runCodeIgniter(Object(CodeIgniter\CodeIgniter))
 7 FCPATH\index.php(59): CodeIgniter\Boot::bootWeb(Object(Config\Paths))
DEBUG - 2025-12-13 08:51:05 --> Session: Class initialized using 'CodeIgniter\Session\Handlers\FileHandler' driver.
WARNING - 2025-12-13 08:51:05 --> [DEPRECATED] Creation of dynamic property App\Controllers\Notifications::$data is deprecated in APPPATH\Controllers\BaseController.php on line 74.
 1 APPPATH\Controllers\BaseController.php(59): App\Controllers\BaseController->loadNotificationData()
 2 SYSTEMPATH\CodeIgniter.php(904): App\Controllers\BaseController->initController(Object(CodeIgniter\HTTP\IncomingRequest), Object(CodeIgniter\HTTP\Response), Object(CodeIgniter\Log\Logger))
 3 SYSTEMPATH\CodeIgniter.php(498): CodeIgniter\CodeIgniter->createController()
 4 SYSTEMPATH\CodeIgniter.php(354): CodeIgniter\CodeIgniter->handleRequest(null, Object(Config\Cache), false)
 5 SYSTEMPATH\Boot.php(363): CodeIgniter\CodeIgniter->run()
 6 SYSTEMPATH\Boot.php(68): CodeIgniter\Boot::runCodeIgniter(Object(CodeIgniter\CodeIgniter))
 7 FCPATH\index.php(59): CodeIgniter\Boot::bootWeb(Object(Config\Paths))
DEBUG - 2025-12-13 08:52:05 --> Session: Class initialized using 'CodeIgniter\Session\Handlers\FileHandler' driver.
WARNING - 2025-12-13 08:52:05 --> [DEPRECATED] Creation of dynamic property App\Controllers\Notifications::$data is deprecated in APPPATH\Controllers\BaseController.php on line 74.
 1 APPPATH\Controllers\BaseController.php(59): App\Controllers\BaseController->loadNotificationData()
 2 SYSTEMPATH\CodeIgniter.php(904): App\Controllers\BaseController->initController(Object(CodeIgniter\HTTP\IncomingRequest), Object(CodeIgniter\HTTP\Response), Object(CodeIgniter\Log\Logger))
 3 SYSTEMPATH\CodeIgniter.php(498): CodeIgniter\CodeIgniter->createController()
 4 SYSTEMPATH\CodeIgniter.php(354): CodeIgniter\CodeIgniter->handleRequest(null, Object(Config\Cache), false)
 5 SYSTEMPATH\Boot.php(363): CodeIgniter\CodeIgniter->run()
 6 SYSTEMPATH\Boot.php(68): CodeIgniter\Boot::runCodeIgniter(Object(CodeIgniter\CodeIgniter))
 7 FCPATH\index.php(59): CodeIgniter\Boot::bootWeb(Object(Config\Paths))
DEBUG - 2025-12-13 08:53:05 --> Session: Class initialized using 'CodeIgniter\Session\Handlers\FileHandler' driver.
WARNING - 2025-12-13 08:53:05 --> [DEPRECATED] Creation of dynamic property App\Controllers\Notifications::$data is deprecated in APPPATH\Controllers\BaseController.php on line 74.
 1 APPPATH\Controllers\BaseController.php(59): App\Controllers\BaseController->loadNotificationData()
 2 SYSTEMPATH\CodeIgniter.php(904): App\Controllers\BaseController->initController(Object(CodeIgniter\HTTP\IncomingRequest), Object(CodeIgniter\HTTP\Response), Object(CodeIgniter\Log\Logger))
 3 SYSTEMPATH\CodeIgniter.php(498): CodeIgniter\CodeIgniter->createController()
 4 SYSTEMPATH\CodeIgniter.php(354): CodeIgniter\CodeIgniter->handleRequest(null, Object(Config\Cache), false)
 5 SYSTEMPATH\Boot.php(363): CodeIgniter\CodeIgniter->run()
 6 SYSTEMPATH\Boot.php(68): CodeIgniter\Boot::runCodeIgniter(Object(CodeIgniter\CodeIgniter))
 7 FCPATH\index.php(59): CodeIgniter\Boot::bootWeb(Object(Config\Paths))
DEBUG - 2025-12-13 08:54:05 --> Session: Class initialized using 'CodeIgniter\Session\Handlers\FileHandler' driver.
WARNING - 2025-12-13 08:54:05 --> [DEPRECATED] Creation of dynamic property App\Controllers\Notifications::$data is deprecated in APPPATH\Controllers\BaseController.php on line 74.
 1 APPPATH\Controllers\BaseController.php(59): App\Controllers\BaseController->loadNotificationData()
 2 SYSTEMPATH\CodeIgniter.php(904): App\Controllers\BaseController->initController(Object(CodeIgniter\HTTP\IncomingRequest), Object(CodeIgniter\HTTP\Response), Object(CodeIgniter\Log\Logger))
 3 SYSTEMPATH\CodeIgniter.php(498): CodeIgniter\CodeIgniter->createController()
 4 SYSTEMPATH\CodeIgniter.php(354): CodeIgniter\CodeIgniter->handleRequest(null, Object(Config\Cache), false)
 5 SYSTEMPATH\Boot.php(363): CodeIgniter\CodeIgniter->run()
 6 SYSTEMPATH\Boot.php(68): CodeIgniter\Boot::runCodeIgniter(Object(CodeIgniter\CodeIgniter))
 7 FCPATH\index.php(59): CodeIgniter\Boot::bootWeb(Object(Config\Paths))
DEBUG - 2025-12-13 08:55:05 --> Session: Class initialized using 'CodeIgniter\Session\Handlers\FileHandler' driver.
WARNING - 2025-12-13 08:55:05 --> [DEPRECATED] Creation of dynamic property App\Controllers\Notifications::$data is deprecated in APPPATH\Controllers\BaseController.php on line 74.
 1 APPPATH\Controllers\BaseController.php(59): App\Controllers\BaseController->loadNotificationData()
 2 SYSTEMPATH\CodeIgniter.php(904): App\Controllers\BaseController->initController(Object(CodeIgniter\HTTP\IncomingRequest), Object(CodeIgniter\HTTP\Response), Object(CodeIgniter\Log\Logger))
 3 SYSTEMPATH\CodeIgniter.php(498): CodeIgniter\CodeIgniter->createController()
 4 SYSTEMPATH\CodeIgniter.php(354): CodeIgniter\CodeIgniter->handleRequest(null, Object(Config\Cache), false)
 5 SYSTEMPATH\Boot.php(363): CodeIgniter\CodeIgniter->run()
 6 SYSTEMPATH\Boot.php(68): CodeIgniter\Boot::runCodeIgniter(Object(CodeIgniter\CodeIgniter))
 7 FCPATH\index.php(59): CodeIgniter\Boot::bootWeb(Object(Config\Paths))
DEBUG - 2025-12-13 08:56:05 --> Session: Class initialized using 'CodeIgniter\Session\Handlers\FileHandler' driver.
WARNING - 2025-12-13 08:56:05 --> [DEPRECATED] Creation of dynamic property App\Controllers\Notifications::$data is deprecated in APPPATH\Controllers\BaseController.php on line 74.
 1 APPPATH\Controllers\BaseController.php(59): App\Controllers\BaseController->loadNotificationData()
 2 SYSTEMPATH\CodeIgniter.php(904): App\Controllers\BaseController->initController(Object(CodeIgniter\HTTP\IncomingRequest), Object(CodeIgniter\HTTP\Response), Object(CodeIgniter\Log\Logger))
 3 SYSTEMPATH\CodeIgniter.php(498): CodeIgniter\CodeIgniter->createController()
 4 SYSTEMPATH\CodeIgniter.php(354): CodeIgniter\CodeIgniter->handleRequest(null, Object(Config\Cache), false)
 5 SYSTEMPATH\Boot.php(363): CodeIgniter\CodeIgniter->run()
 6 SYSTEMPATH\Boot.php(68): CodeIgniter\Boot::runCodeIgniter(Object(CodeIgniter\CodeIgniter))
 7 FCPATH\index.php(59): CodeIgniter\Boot::bootWeb(Object(Config\Paths))
DEBUG - 2025-12-13 08:57:05 --> Session: Class initialized using 'CodeIgniter\Session\Handlers\FileHandler' driver.
WARNING - 2025-12-13 08:57:05 --> [DEPRECATED] Creation of dynamic property App\Controllers\Notifications::$data is deprecated in APPPATH\Controllers\BaseController.php on line 74.
 1 APPPATH\Controllers\BaseController.php(59): App\Controllers\BaseController->loadNotificationData()
 2 SYSTEMPATH\CodeIgniter.php(904): App\Controllers\BaseController->initController(Object(CodeIgniter\HTTP\IncomingRequest), Object(CodeIgniter\HTTP\Response), Object(CodeIgniter\Log\Logger))
 3 SYSTEMPATH\CodeIgniter.php(498): CodeIgniter\CodeIgniter->createController()
 4 SYSTEMPATH\CodeIgniter.php(354): CodeIgniter\CodeIgniter->handleRequest(null, Object(Config\Cache), false)
 5 SYSTEMPATH\Boot.php(363): CodeIgniter\CodeIgniter->run()
 6 SYSTEMPATH\Boot.php(68): CodeIgniter\Boot::runCodeIgniter(Object(CodeIgniter\CodeIgniter))
 7 FCPATH\index.php(59): CodeIgniter\Boot::bootWeb(Object(Config\Paths))
DEBUG - 2025-12-13 08:58:05 --> Session: Class initialized using 'CodeIgniter\Session\Handlers\FileHandler' driver.
WARNING - 2025-12-13 08:58:05 --> [DEPRECATED] Creation of dynamic property App\Controllers\Notifications::$data is deprecated in APPPATH\Controllers\BaseController.php on line 74.
 1 APPPATH\Controllers\BaseController.php(59): App\Controllers\BaseController->loadNotificationData()
 2 SYSTEMPATH\CodeIgniter.php(904): App\Controllers\BaseController->initController(Object(CodeIgniter\HTTP\IncomingRequest), Object(CodeIgniter\HTTP\Response), Object(CodeIgniter\Log\Logger))
 3 SYSTEMPATH\CodeIgniter.php(498): CodeIgniter\CodeIgniter->createController()
 4 SYSTEMPATH\CodeIgniter.php(354): CodeIgniter\CodeIgniter->handleRequest(null, Object(Config\Cache), false)
 5 SYSTEMPATH\Boot.php(363): CodeIgniter\CodeIgniter->run()
 6 SYSTEMPATH\Boot.php(68): CodeIgniter\Boot::runCodeIgniter(Object(CodeIgniter\CodeIgniter))
 7 FCPATH\index.php(59): CodeIgniter\Boot::bootWeb(Object(Config\Paths))
DEBUG - 2025-12-13 08:59:06 --> Session: Class initialized using 'CodeIgniter\Session\Handlers\FileHandler' driver.
WARNING - 2025-12-13 08:59:06 --> [DEPRECATED] Creation of dynamic property App\Controllers\Notifications::$data is deprecated in APPPATH\Controllers\BaseController.php on line 74.
 1 APPPATH\Controllers\BaseController.php(59): App\Controllers\BaseController->loadNotificationData()
 2 SYSTEMPATH\CodeIgniter.php(904): App\Controllers\BaseController->initController(Object(CodeIgniter\HTTP\IncomingRequest), Object(CodeIgniter\HTTP\Response), Object(CodeIgniter\Log\Logger))
 3 SYSTEMPATH\CodeIgniter.php(498): CodeIgniter\CodeIgniter->createController()
 4 SYSTEMPATH\CodeIgniter.php(354): CodeIgniter\CodeIgniter->handleRequest(null, Object(Config\Cache), false)
 5 SYSTEMPATH\Boot.php(363): CodeIgniter\CodeIgniter->run()
 6 SYSTEMPATH\Boot.php(68): CodeIgniter\Boot::runCodeIgniter(Object(CodeIgniter\CodeIgniter))
 7 FCPATH\index.php(59): CodeIgniter\Boot::bootWeb(Object(Config\Paths))
DEBUG - 2025-12-13 09:00:05 --> Session: Class initialized using 'CodeIgniter\Session\Handlers\FileHandler' driver.
WARNING - 2025-12-13 09:00:05 --> [DEPRECATED] Creation of dynamic property App\Controllers\Notifications::$data is deprecated in APPPATH\Controllers\BaseController.php on line 74.
 1 APPPATH\Controllers\BaseController.php(59): App\Controllers\BaseController->loadNotificationData()
 2 SYSTEMPATH\CodeIgniter.php(904): App\Controllers\BaseController->initController(Object(CodeIgniter\HTTP\IncomingRequest), Object(CodeIgniter\HTTP\Response), Object(CodeIgniter\Log\Logger))
 3 SYSTEMPATH\CodeIgniter.php(498): CodeIgniter\CodeIgniter->createController()
 4 SYSTEMPATH\CodeIgniter.php(354): CodeIgniter\CodeIgniter->handleRequest(null, Object(Config\Cache), false)
 5 SYSTEMPATH\Boot.php(363): CodeIgniter\CodeIgniter->run()
 6 SYSTEMPATH\Boot.php(68): CodeIgniter\Boot::runCodeIgniter(Object(CodeIgniter\CodeIgniter))
 7 FCPATH\index.php(59): CodeIgniter\Boot::bootWeb(Object(Config\Paths))
DEBUG - 2025-12-13 09:01:05 --> Session: Class initialized using 'CodeIgniter\Session\Handlers\FileHandler' driver.
WARNING - 2025-12-13 09:01:05 --> [DEPRECATED] Creation of dynamic property App\Controllers\Notifications::$data is deprecated in APPPATH\Controllers\BaseController.php on line 74.
 1 APPPATH\Controllers\BaseController.php(59): App\Controllers\BaseController->loadNotificationData()
 2 SYSTEMPATH\CodeIgniter.php(904): App\Controllers\BaseController->initController(Object(CodeIgniter\HTTP\IncomingRequest), Object(CodeIgniter\HTTP\Response), Object(CodeIgniter\Log\Logger))
 3 SYSTEMPATH\CodeIgniter.php(498): CodeIgniter\CodeIgniter->createController()
 4 SYSTEMPATH\CodeIgniter.php(354): CodeIgniter\CodeIgniter->handleRequest(null, Object(Config\Cache), false)
 5 SYSTEMPATH\Boot.php(363): CodeIgniter\CodeIgniter->run()
 6 SYSTEMPATH\Boot.php(68): CodeIgniter\Boot::runCodeIgniter(Object(CodeIgniter\CodeIgniter))
 7 FCPATH\index.php(59): CodeIgniter\Boot::bootWeb(Object(Config\Paths))
DEBUG - 2025-12-13 09:02:05 --> Session: Class initialized using 'CodeIgniter\Session\Handlers\FileHandler' driver.
WARNING - 2025-12-13 09:02:05 --> [DEPRECATED] Creation of dynamic property App\Controllers\Notifications::$data is deprecated in APPPATH\Controllers\BaseController.php on line 74.
 1 APPPATH\Controllers\BaseController.php(59): App\Controllers\BaseController->loadNotificationData()
 2 SYSTEMPATH\CodeIgniter.php(904): App\Controllers\BaseController->initController(Object(CodeIgniter\HTTP\IncomingRequest), Object(CodeIgniter\HTTP\Response), Object(CodeIgniter\Log\Logger))
 3 SYSTEMPATH\CodeIgniter.php(498): CodeIgniter\CodeIgniter->createController()
 4 SYSTEMPATH\CodeIgniter.php(354): CodeIgniter\CodeIgniter->handleRequest(null, Object(Config\Cache), false)
 5 SYSTEMPATH\Boot.php(363): CodeIgniter\CodeIgniter->run()
 6 SYSTEMPATH\Boot.php(68): CodeIgniter\Boot::runCodeIgniter(Object(CodeIgniter\CodeIgniter))
 7 FCPATH\index.php(59): CodeIgniter\Boot::bootWeb(Object(Config\Paths))
DEBUG - 2025-12-13 09:03:05 --> Session: Class initialized using 'CodeIgniter\Session\Handlers\FileHandler' driver.
WARNING - 2025-12-13 09:03:05 --> [DEPRECATED] Creation of dynamic property App\Controllers\Notifications::$data is deprecated in APPPATH\Controllers\BaseController.php on line 74.
 1 APPPATH\Controllers\BaseController.php(59): App\Controllers\BaseController->loadNotificationData()
 2 SYSTEMPATH\CodeIgniter.php(904): App\Controllers\BaseController->initController(Object(CodeIgniter\HTTP\IncomingRequest), Object(CodeIgniter\HTTP\Response), Object(CodeIgniter\Log\Logger))
 3 SYSTEMPATH\CodeIgniter.php(498): CodeIgniter\CodeIgniter->createController()
 4 SYSTEMPATH\CodeIgniter.php(354): CodeIgniter\CodeIgniter->handleRequest(null, Object(Config\Cache), false)
 5 SYSTEMPATH\Boot.php(363): CodeIgniter\CodeIgniter->run()
 6 SYSTEMPATH\Boot.php(68): CodeIgniter\Boot::runCodeIgniter(Object(CodeIgniter\CodeIgniter))
 7 FCPATH\index.php(59): CodeIgniter\Boot::bootWeb(Object(Config\Paths))
DEBUG - 2025-12-13 09:04:05 --> Session: Class initialized using 'CodeIgniter\Session\Handlers\FileHandler' driver.
WARNING - 2025-12-13 09:04:05 --> [DEPRECATED] Creation of dynamic property App\Controllers\Notifications::$data is deprecated in APPPATH\Controllers\BaseController.php on line 74.
 1 APPPATH\Controllers\BaseController.php(59): App\Controllers\BaseController->loadNotificationData()
 2 SYSTEMPATH\CodeIgniter.php(904): App\Controllers\BaseController->initController(Object(CodeIgniter\HTTP\IncomingRequest), Object(CodeIgniter\HTTP\Response), Object(CodeIgniter\Log\Logger))
 3 SYSTEMPATH\CodeIgniter.php(498): CodeIgniter\CodeIgniter->createController()
 4 SYSTEMPATH\CodeIgniter.php(354): CodeIgniter\CodeIgniter->handleRequest(null, Object(Config\Cache), false)
 5 SYSTEMPATH\Boot.php(363): CodeIgniter\CodeIgniter->run()
 6 SYSTEMPATH\Boot.php(68): CodeIgniter\Boot::runCodeIgniter(Object(CodeIgniter\CodeIgniter))
 7 FCPATH\index.php(59): CodeIgniter\Boot::bootWeb(Object(Config\Paths))
DEBUG - 2025-12-13 09:05:05 --> Session: Class initialized using 'CodeIgniter\Session\Handlers\FileHandler' driver.
WARNING - 2025-12-13 09:05:05 --> [DEPRECATED] Creation of dynamic property App\Controllers\Notifications::$data is deprecated in APPPATH\Controllers\BaseController.php on line 74.
 1 APPPATH\Controllers\BaseController.php(59): App\Controllers\BaseController->loadNotificationData()
 2 SYSTEMPATH\CodeIgniter.php(904): App\Controllers\BaseController->initController(Object(CodeIgniter\HTTP\IncomingRequest), Object(CodeIgniter\HTTP\Response), Object(CodeIgniter\Log\Logger))
 3 SYSTEMPATH\CodeIgniter.php(498): CodeIgniter\CodeIgniter->createController()
 4 SYSTEMPATH\CodeIgniter.php(354): CodeIgniter\CodeIgniter->handleRequest(null, Object(Config\Cache), false)
 5 SYSTEMPATH\Boot.php(363): CodeIgniter\CodeIgniter->run()
 6 SYSTEMPATH\Boot.php(68): CodeIgniter\Boot::runCodeIgniter(Object(CodeIgniter\CodeIgniter))
 7 FCPATH\index.php(59): CodeIgniter\Boot::bootWeb(Object(Config\Paths))
DEBUG - 2025-12-13 09:06:05 --> Session: Class initialized using 'CodeIgniter\Session\Handlers\FileHandler' driver.
WARNING - 2025-12-13 09:06:05 --> [DEPRECATED] Creation of dynamic property App\Controllers\Notifications::$data is deprecated in APPPATH\Controllers\BaseController.php on line 74.
 1 APPPATH\Controllers\BaseController.php(59): App\Controllers\BaseController->loadNotificationData()
 2 SYSTEMPATH\CodeIgniter.php(904): App\Controllers\BaseController->initController(Object(CodeIgniter\HTTP\IncomingRequest), Object(CodeIgniter\HTTP\Response), Object(CodeIgniter\Log\Logger))
 3 SYSTEMPATH\CodeIgniter.php(498): CodeIgniter\CodeIgniter->createController()
 4 SYSTEMPATH\CodeIgniter.php(354): CodeIgniter\CodeIgniter->handleRequest(null, Object(Config\Cache), false)
 5 SYSTEMPATH\Boot.php(363): CodeIgniter\CodeIgniter->run()
 6 SYSTEMPATH\Boot.php(68): CodeIgniter\Boot::runCodeIgniter(Object(CodeIgniter\CodeIgniter))
 7 FCPATH\index.php(59): CodeIgniter\Boot::bootWeb(Object(Config\Paths))
DEBUG - 2025-12-13 09:07:05 --> Session: Class initialized using 'CodeIgniter\Session\Handlers\FileHandler' driver.
WARNING - 2025-12-13 09:07:05 --> [DEPRECATED] Creation of dynamic property App\Controllers\Notifications::$data is deprecated in APPPATH\Controllers\BaseController.php on line 74.
 1 APPPATH\Controllers\BaseController.php(59): App\Controllers\BaseController->loadNotificationData()
 2 SYSTEMPATH\CodeIgniter.php(904): App\Controllers\BaseController->initController(Object(CodeIgniter\HTTP\IncomingRequest), Object(CodeIgniter\HTTP\Response), Object(CodeIgniter\Log\Logger))
 3 SYSTEMPATH\CodeIgniter.php(498): CodeIgniter\CodeIgniter->createController()
 4 SYSTEMPATH\CodeIgniter.php(354): CodeIgniter\CodeIgniter->handleRequest(null, Object(Config\Cache), false)
 5 SYSTEMPATH\Boot.php(363): CodeIgniter\CodeIgniter->run()
 6 SYSTEMPATH\Boot.php(68): CodeIgniter\Boot::runCodeIgniter(Object(CodeIgniter\CodeIgniter))
 7 FCPATH\index.php(59): CodeIgniter\Boot::bootWeb(Object(Config\Paths))
DEBUG - 2025-12-13 09:08:05 --> Session: Class initialized using 'CodeIgniter\Session\Handlers\FileHandler' driver.
WARNING - 2025-12-13 09:08:05 --> [DEPRECATED] Creation of dynamic property App\Controllers\Notifications::$data is deprecated in APPPATH\Controllers\BaseController.php on line 74.
 1 APPPATH\Controllers\BaseController.php(59): App\Controllers\BaseController->loadNotificationData()
 2 SYSTEMPATH\CodeIgniter.php(904): App\Controllers\BaseController->initController(Object(CodeIgniter\HTTP\IncomingRequest), Object(CodeIgniter\HTTP\Response), Object(CodeIgniter\Log\Logger))
 3 SYSTEMPATH\CodeIgniter.php(498): CodeIgniter\CodeIgniter->createController()
 4 SYSTEMPATH\CodeIgniter.php(354): CodeIgniter\CodeIgniter->handleRequest(null, Object(Config\Cache), false)
 5 SYSTEMPATH\Boot.php(363): CodeIgniter\CodeIgniter->run()
 6 SYSTEMPATH\Boot.php(68): CodeIgniter\Boot::runCodeIgniter(Object(CodeIgniter\CodeIgniter))
 7 FCPATH\index.php(59): CodeIgniter\Boot::bootWeb(Object(Config\Paths))
DEBUG - 2025-12-13 09:09:05 --> Session: Class initialized using 'CodeIgniter\Session\Handlers\FileHandler' driver.
WARNING - 2025-12-13 09:09:05 --> [DEPRECATED] Creation of dynamic property App\Controllers\Notifications::$data is deprecated in APPPATH\Controllers\BaseController.php on line 74.
 1 APPPATH\Controllers\BaseController.php(59): App\Controllers\BaseController->loadNotificationData()
 2 SYSTEMPATH\CodeIgniter.php(904): App\Controllers\BaseController->initController(Object(CodeIgniter\HTTP\IncomingRequest), Object(CodeIgniter\HTTP\Response), Object(CodeIgniter\Log\Logger))
 3 SYSTEMPATH\CodeIgniter.php(498): CodeIgniter\CodeIgniter->createController()
 4 SYSTEMPATH\CodeIgniter.php(354): CodeIgniter\CodeIgniter->handleRequest(null, Object(Config\Cache), false)
 5 SYSTEMPATH\Boot.php(363): CodeIgniter\CodeIgniter->run()
 6 SYSTEMPATH\Boot.php(68): CodeIgniter\Boot::runCodeIgniter(Object(CodeIgniter\CodeIgniter))
 7 FCPATH\index.php(59): CodeIgniter\Boot::bootWeb(Object(Config\Paths))
DEBUG - 2025-12-13 09:10:05 --> Session: Class initialized using 'CodeIgniter\Session\Handlers\FileHandler' driver.
WARNING - 2025-12-13 09:10:05 --> [DEPRECATED] Creation of dynamic property App\Controllers\Notifications::$data is deprecated in APPPATH\Controllers\BaseController.php on line 74.
 1 APPPATH\Controllers\BaseController.php(59): App\Controllers\BaseController->loadNotificationData()
 2 SYSTEMPATH\CodeIgniter.php(904): App\Controllers\BaseController->initController(Object(CodeIgniter\HTTP\IncomingRequest), Object(CodeIgniter\HTTP\Response), Object(CodeIgniter\Log\Logger))
 3 SYSTEMPATH\CodeIgniter.php(498): CodeIgniter\CodeIgniter->createController()
 4 SYSTEMPATH\CodeIgniter.php(354): CodeIgniter\CodeIgniter->handleRequest(null, Object(Config\Cache), false)
 5 SYSTEMPATH\Boot.php(363): CodeIgniter\CodeIgniter->run()
 6 SYSTEMPATH\Boot.php(68): CodeIgniter\Boot::runCodeIgniter(Object(CodeIgniter\CodeIgniter))
 7 FCPATH\index.php(59): CodeIgniter\Boot::bootWeb(Object(Config\Paths))
DEBUG - 2025-12-13 09:11:05 --> Session: Class initialized using 'CodeIgniter\Session\Handlers\FileHandler' driver.
WARNING - 2025-12-13 09:11:05 --> [DEPRECATED] Creation of dynamic property App\Controllers\Notifications::$data is deprecated in APPPATH\Controllers\BaseController.php on line 74.
 1 APPPATH\Controllers\BaseController.php(59): App\Controllers\BaseController->loadNotificationData()
 2 SYSTEMPATH\CodeIgniter.php(904): App\Controllers\BaseController->initController(Object(CodeIgniter\HTTP\IncomingRequest), Object(CodeIgniter\HTTP\Response), Object(CodeIgniter\Log\Logger))
 3 SYSTEMPATH\CodeIgniter.php(498): CodeIgniter\CodeIgniter->createController()
 4 SYSTEMPATH\CodeIgniter.php(354): CodeIgniter\CodeIgniter->handleRequest(null, Object(Config\Cache), false)
 5 SYSTEMPATH\Boot.php(363): CodeIgniter\CodeIgniter->run()
 6 SYSTEMPATH\Boot.php(68): CodeIgniter\Boot::runCodeIgniter(Object(CodeIgniter\CodeIgniter))
 7 FCPATH\index.php(59): CodeIgniter\Boot::bootWeb(Object(Config\Paths))
DEBUG - 2025-12-13 09:12:05 --> Session: Class initialized using 'CodeIgniter\Session\Handlers\FileHandler' driver.
WARNING - 2025-12-13 09:12:06 --> [DEPRECATED] Creation of dynamic property App\Controllers\Notifications::$data is deprecated in APPPATH\Controllers\BaseController.php on line 74.
 1 APPPATH\Controllers\BaseController.php(59): App\Controllers\BaseController->loadNotificationData()
 2 SYSTEMPATH\CodeIgniter.php(904): App\Controllers\BaseController->initController(Object(CodeIgniter\HTTP\IncomingRequest), Object(CodeIgniter\HTTP\Response), Object(CodeIgniter\Log\Logger))
 3 SYSTEMPATH\CodeIgniter.php(498): CodeIgniter\CodeIgniter->createController()
 4 SYSTEMPATH\CodeIgniter.php(354): CodeIgniter\CodeIgniter->handleRequest(null, Object(Config\Cache), false)
 5 SYSTEMPATH\Boot.php(363): CodeIgniter\CodeIgniter->run()
 6 SYSTEMPATH\Boot.php(68): CodeIgniter\Boot::runCodeIgniter(Object(CodeIgniter\CodeIgniter))
 7 FCPATH\index.php(59): CodeIgniter\Boot::bootWeb(Object(Config\Paths))
DEBUG - 2025-12-13 09:13:06 --> Session: Class initialized using 'CodeIgniter\Session\Handlers\FileHandler' driver.
WARNING - 2025-12-13 09:13:06 --> [DEPRECATED] Creation of dynamic property App\Controllers\Notifications::$data is deprecated in APPPATH\Controllers\BaseController.php on line 74.
 1 APPPATH\Controllers\BaseController.php(59): App\Controllers\BaseController->loadNotificationData()
 2 SYSTEMPATH\CodeIgniter.php(904): App\Controllers\BaseController->initController(Object(CodeIgniter\HTTP\IncomingRequest), Object(CodeIgniter\HTTP\Response), Object(CodeIgniter\Log\Logger))
 3 SYSTEMPATH\CodeIgniter.php(498): CodeIgniter\CodeIgniter->createController()
 4 SYSTEMPATH\CodeIgniter.php(354): CodeIgniter\CodeIgniter->handleRequest(null, Object(Config\Cache), false)
 5 SYSTEMPATH\Boot.php(363): CodeIgniter\CodeIgniter->run()
 6 SYSTEMPATH\Boot.php(68): CodeIgniter\Boot::runCodeIgniter(Object(CodeIgniter\CodeIgniter))
 7 FCPATH\index.php(59): CodeIgniter\Boot::bootWeb(Object(Config\Paths))
DEBUG - 2025-12-13 09:14:05 --> Session: Class initialized using 'CodeIgniter\Session\Handlers\FileHandler' driver.
WARNING - 2025-12-13 09:14:05 --> [DEPRECATED] Creation of dynamic property App\Controllers\Notifications::$data is deprecated in APPPATH\Controllers\BaseController.php on line 74.
 1 APPPATH\Controllers\BaseController.php(59): App\Controllers\BaseController->loadNotificationData()
 2 SYSTEMPATH\CodeIgniter.php(904): App\Controllers\BaseController->initController(Object(CodeIgniter\HTTP\IncomingRequest), Object(CodeIgniter\HTTP\Response), Object(CodeIgniter\Log\Logger))
 3 SYSTEMPATH\CodeIgniter.php(498): CodeIgniter\CodeIgniter->createController()
 4 SYSTEMPATH\CodeIgniter.php(354): CodeIgniter\CodeIgniter->handleRequest(null, Object(Config\Cache), false)
 5 SYSTEMPATH\Boot.php(363): CodeIgniter\CodeIgniter->run()
 6 SYSTEMPATH\Boot.php(68): CodeIgniter\Boot::runCodeIgniter(Object(CodeIgniter\CodeIgniter))
 7 FCPATH\index.php(59): CodeIgniter\Boot::bootWeb(Object(Config\Paths))
DEBUG - 2025-12-13 09:15:05 --> Session: Class initialized using 'CodeIgniter\Session\Handlers\FileHandler' driver.
WARNING - 2025-12-13 09:15:05 --> [DEPRECATED] Creation of dynamic property App\Controllers\Notifications::$data is deprecated in APPPATH\Controllers\BaseController.php on line 74.
 1 APPPATH\Controllers\BaseController.php(59): App\Controllers\BaseController->loadNotificationData()
 2 SYSTEMPATH\CodeIgniter.php(904): App\Controllers\BaseController->initController(Object(CodeIgniter\HTTP\IncomingRequest), Object(CodeIgniter\HTTP\Response), Object(CodeIgniter\Log\Logger))
 3 SYSTEMPATH\CodeIgniter.php(498): CodeIgniter\CodeIgniter->createController()
 4 SYSTEMPATH\CodeIgniter.php(354): CodeIgniter\CodeIgniter->handleRequest(null, Object(Config\Cache), false)
 5 SYSTEMPATH\Boot.php(363): CodeIgniter\CodeIgniter->run()
 6 SYSTEMPATH\Boot.php(68): CodeIgniter\Boot::runCodeIgniter(Object(CodeIgniter\CodeIgniter))
 7 FCPATH\index.php(59): CodeIgniter\Boot::bootWeb(Object(Config\Paths))
DEBUG - 2025-12-13 09:16:05 --> Session: Class initialized using 'CodeIgniter\Session\Handlers\FileHandler' driver.
WARNING - 2025-12-13 09:16:05 --> [DEPRECATED] Creation of dynamic property App\Controllers\Notifications::$data is deprecated in APPPATH\Controllers\BaseController.php on line 74.
 1 APPPATH\Controllers\BaseController.php(59): App\Controllers\BaseController->loadNotificationData()
 2 SYSTEMPATH\CodeIgniter.php(904): App\Controllers\BaseController->initController(Object(CodeIgniter\HTTP\IncomingRequest), Object(CodeIgniter\HTTP\Response), Object(CodeIgniter\Log\Logger))
 3 SYSTEMPATH\CodeIgniter.php(498): CodeIgniter\CodeIgniter->createController()
 4 SYSTEMPATH\CodeIgniter.php(354): CodeIgniter\CodeIgniter->handleRequest(null, Object(Config\Cache), false)
 5 SYSTEMPATH\Boot.php(363): CodeIgniter\CodeIgniter->run()
 6 SYSTEMPATH\Boot.php(68): CodeIgniter\Boot::runCodeIgniter(Object(CodeIgniter\CodeIgniter))
 7 FCPATH\index.php(59): CodeIgniter\Boot::bootWeb(Object(Config\Paths))
DEBUG - 2025-12-13 09:17:05 --> Session: Class initialized using 'CodeIgniter\Session\Handlers\FileHandler' driver.
WARNING - 2025-12-13 09:17:05 --> [DEPRECATED] Creation of dynamic property App\Controllers\Notifications::$data is deprecated in APPPATH\Controllers\BaseController.php on line 74.
 1 APPPATH\Controllers\BaseController.php(59): App\Controllers\BaseController->loadNotificationData()
 2 SYSTEMPATH\CodeIgniter.php(904): App\Controllers\BaseController->initController(Object(CodeIgniter\HTTP\IncomingRequest), Object(CodeIgniter\HTTP\Response), Object(CodeIgniter\Log\Logger))
 3 SYSTEMPATH\CodeIgniter.php(498): CodeIgniter\CodeIgniter->createController()
 4 SYSTEMPATH\CodeIgniter.php(354): CodeIgniter\CodeIgniter->handleRequest(null, Object(Config\Cache), false)
 5 SYSTEMPATH\Boot.php(363): CodeIgniter\CodeIgniter->run()
 6 SYSTEMPATH\Boot.php(68): CodeIgniter\Boot::runCodeIgniter(Object(CodeIgniter\CodeIgniter))
 7 FCPATH\index.php(59): CodeIgniter\Boot::bootWeb(Object(Config\Paths))
DEBUG - 2025-12-13 09:18:05 --> Session: Class initialized using 'CodeIgniter\Session\Handlers\FileHandler' driver.
WARNING - 2025-12-13 09:18:06 --> [DEPRECATED] Creation of dynamic property App\Controllers\Notifications::$data is deprecated in APPPATH\Controllers\BaseController.php on line 74.
 1 APPPATH\Controllers\BaseController.php(59): App\Controllers\BaseController->loadNotificationData()
 2 SYSTEMPATH\CodeIgniter.php(904): App\Controllers\BaseController->initController(Object(CodeIgniter\HTTP\IncomingRequest), Object(CodeIgniter\HTTP\Response), Object(CodeIgniter\Log\Logger))
 3 SYSTEMPATH\CodeIgniter.php(498): CodeIgniter\CodeIgniter->createController()
 4 SYSTEMPATH\CodeIgniter.php(354): CodeIgniter\CodeIgniter->handleRequest(null, Object(Config\Cache), false)
 5 SYSTEMPATH\Boot.php(363): CodeIgniter\CodeIgniter->run()
 6 SYSTEMPATH\Boot.php(68): CodeIgniter\Boot::runCodeIgniter(Object(CodeIgniter\CodeIgniter))
 7 FCPATH\index.php(59): CodeIgniter\Boot::bootWeb(Object(Config\Paths))
DEBUG - 2025-12-13 09:19:05 --> Session: Class initialized using 'CodeIgniter\Session\Handlers\FileHandler' driver.
WARNING - 2025-12-13 09:19:05 --> [DEPRECATED] Creation of dynamic property App\Controllers\Notifications::$data is deprecated in APPPATH\Controllers\BaseController.php on line 74.
 1 APPPATH\Controllers\BaseController.php(59): App\Controllers\BaseController->loadNotificationData()
 2 SYSTEMPATH\CodeIgniter.php(904): App\Controllers\BaseController->initController(Object(CodeIgniter\HTTP\IncomingRequest), Object(CodeIgniter\HTTP\Response), Object(CodeIgniter\Log\Logger))
 3 SYSTEMPATH\CodeIgniter.php(498): CodeIgniter\CodeIgniter->createController()
 4 SYSTEMPATH\CodeIgniter.php(354): CodeIgniter\CodeIgniter->handleRequest(null, Object(Config\Cache), false)
 5 SYSTEMPATH\Boot.php(363): CodeIgniter\CodeIgniter->run()
 6 SYSTEMPATH\Boot.php(68): CodeIgniter\Boot::runCodeIgniter(Object(CodeIgniter\CodeIgniter))
 7 FCPATH\index.php(59): CodeIgniter\Boot::bootWeb(Object(Config\Paths))
DEBUG - 2025-12-13 09:20:05 --> Session: Class initialized using 'CodeIgniter\Session\Handlers\FileHandler' driver.
WARNING - 2025-12-13 09:20:05 --> [DEPRECATED] Creation of dynamic property App\Controllers\Notifications::$data is deprecated in APPPATH\Controllers\BaseController.php on line 74.
 1 APPPATH\Controllers\BaseController.php(59): App\Controllers\BaseController->loadNotificationData()
 2 SYSTEMPATH\CodeIgniter.php(904): App\Controllers\BaseController->initController(Object(CodeIgniter\HTTP\IncomingRequest), Object(CodeIgniter\HTTP\Response), Object(CodeIgniter\Log\Logger))
 3 SYSTEMPATH\CodeIgniter.php(498): CodeIgniter\CodeIgniter->createController()
 4 SYSTEMPATH\CodeIgniter.php(354): CodeIgniter\CodeIgniter->handleRequest(null, Object(Config\Cache), false)
 5 SYSTEMPATH\Boot.php(363): CodeIgniter\CodeIgniter->run()
 6 SYSTEMPATH\Boot.php(68): CodeIgniter\Boot::runCodeIgniter(Object(CodeIgniter\CodeIgniter))
 7 FCPATH\index.php(59): CodeIgniter\Boot::bootWeb(Object(Config\Paths))
DEBUG - 2025-12-13 09:21:05 --> Session: Class initialized using 'CodeIgniter\Session\Handlers\FileHandler' driver.
WARNING - 2025-12-13 09:21:05 --> [DEPRECATED] Creation of dynamic property App\Controllers\Notifications::$data is deprecated in APPPATH\Controllers\BaseController.php on line 74.
 1 APPPATH\Controllers\BaseController.php(59): App\Controllers\BaseController->loadNotificationData()
 2 SYSTEMPATH\CodeIgniter.php(904): App\Controllers\BaseController->initController(Object(CodeIgniter\HTTP\IncomingRequest), Object(CodeIgniter\HTTP\Response), Object(CodeIgniter\Log\Logger))
 3 SYSTEMPATH\CodeIgniter.php(498): CodeIgniter\CodeIgniter->createController()
 4 SYSTEMPATH\CodeIgniter.php(354): CodeIgniter\CodeIgniter->handleRequest(null, Object(Config\Cache), false)
 5 SYSTEMPATH\Boot.php(363): CodeIgniter\CodeIgniter->run()
 6 SYSTEMPATH\Boot.php(68): CodeIgniter\Boot::runCodeIgniter(Object(CodeIgniter\CodeIgniter))
 7 FCPATH\index.php(59): CodeIgniter\Boot::bootWeb(Object(Config\Paths))
DEBUG - 2025-12-13 09:22:05 --> Session: Class initialized using 'CodeIgniter\Session\Handlers\FileHandler' driver.
WARNING - 2025-12-13 09:22:05 --> [DEPRECATED] Creation of dynamic property App\Controllers\Notifications::$data is deprecated in APPPATH\Controllers\BaseController.php on line 74.
 1 APPPATH\Controllers\BaseController.php(59): App\Controllers\BaseController->loadNotificationData()
 2 SYSTEMPATH\CodeIgniter.php(904): App\Controllers\BaseController->initController(Object(CodeIgniter\HTTP\IncomingRequest), Object(CodeIgniter\HTTP\Response), Object(CodeIgniter\Log\Logger))
 3 SYSTEMPATH\CodeIgniter.php(498): CodeIgniter\CodeIgniter->createController()
 4 SYSTEMPATH\CodeIgniter.php(354): CodeIgniter\CodeIgniter->handleRequest(null, Object(Config\Cache), false)
 5 SYSTEMPATH\Boot.php(363): CodeIgniter\CodeIgniter->run()
 6 SYSTEMPATH\Boot.php(68): CodeIgniter\Boot::runCodeIgniter(Object(CodeIgniter\CodeIgniter))
 7 FCPATH\index.php(59): CodeIgniter\Boot::bootWeb(Object(Config\Paths))
DEBUG - 2025-12-13 09:23:05 --> Session: Class initialized using 'CodeIgniter\Session\Handlers\FileHandler' driver.
WARNING - 2025-12-13 09:23:05 --> [DEPRECATED] Creation of dynamic property App\Controllers\Notifications::$data is deprecated in APPPATH\Controllers\BaseController.php on line 74.
 1 APPPATH\Controllers\BaseController.php(59): App\Controllers\BaseController->loadNotificationData()
 2 SYSTEMPATH\CodeIgniter.php(904): App\Controllers\BaseController->initController(Object(CodeIgniter\HTTP\IncomingRequest), Object(CodeIgniter\HTTP\Response), Object(CodeIgniter\Log\Logger))
 3 SYSTEMPATH\CodeIgniter.php(498): CodeIgniter\CodeIgniter->createController()
 4 SYSTEMPATH\CodeIgniter.php(354): CodeIgniter\CodeIgniter->handleRequest(null, Object(Config\Cache), false)
 5 SYSTEMPATH\Boot.php(363): CodeIgniter\CodeIgniter->run()
 6 SYSTEMPATH\Boot.php(68): CodeIgniter\Boot::runCodeIgniter(Object(CodeIgniter\CodeIgniter))
 7 FCPATH\index.php(59): CodeIgniter\Boot::bootWeb(Object(Config\Paths))
DEBUG - 2025-12-13 09:24:05 --> Session: Class initialized using 'CodeIgniter\Session\Handlers\FileHandler' driver.
WARNING - 2025-12-13 09:24:05 --> [DEPRECATED] Creation of dynamic property App\Controllers\Notifications::$data is deprecated in APPPATH\Controllers\BaseController.php on line 74.
 1 APPPATH\Controllers\BaseController.php(59): App\Controllers\BaseController->loadNotificationData()
 2 SYSTEMPATH\CodeIgniter.php(904): App\Controllers\BaseController->initController(Object(CodeIgniter\HTTP\IncomingRequest), Object(CodeIgniter\HTTP\Response), Object(CodeIgniter\Log\Logger))
 3 SYSTEMPATH\CodeIgniter.php(498): CodeIgniter\CodeIgniter->createController()
 4 SYSTEMPATH\CodeIgniter.php(354): CodeIgniter\CodeIgniter->handleRequest(null, Object(Config\Cache), false)
 5 SYSTEMPATH\Boot.php(363): CodeIgniter\CodeIgniter->run()
 6 SYSTEMPATH\Boot.php(68): CodeIgniter\Boot::runCodeIgniter(Object(CodeIgniter\CodeIgniter))
 7 FCPATH\index.php(59): CodeIgniter\Boot::bootWeb(Object(Config\Paths))
DEBUG - 2025-12-13 09:25:05 --> Session: Class initialized using 'CodeIgniter\Session\Handlers\FileHandler' driver.
WARNING - 2025-12-13 09:25:05 --> [DEPRECATED] Creation of dynamic property App\Controllers\Notifications::$data is deprecated in APPPATH\Controllers\BaseController.php on line 74.
 1 APPPATH\Controllers\BaseController.php(59): App\Controllers\BaseController->loadNotificationData()
 2 SYSTEMPATH\CodeIgniter.php(904): App\Controllers\BaseController->initController(Object(CodeIgniter\HTTP\IncomingRequest), Object(CodeIgniter\HTTP\Response), Object(CodeIgniter\Log\Logger))
 3 SYSTEMPATH\CodeIgniter.php(498): CodeIgniter\CodeIgniter->createController()
 4 SYSTEMPATH\CodeIgniter.php(354): CodeIgniter\CodeIgniter->handleRequest(null, Object(Config\Cache), false)
 5 SYSTEMPATH\Boot.php(363): CodeIgniter\CodeIgniter->run()
 6 SYSTEMPATH\Boot.php(68): CodeIgniter\Boot::runCodeIgniter(Object(CodeIgniter\CodeIgniter))
 7 FCPATH\index.php(59): CodeIgniter\Boot::bootWeb(Object(Config\Paths))
DEBUG - 2025-12-13 09:26:05 --> Session: Class initialized using 'CodeIgniter\Session\Handlers\FileHandler' driver.
WARNING - 2025-12-13 09:26:06 --> [DEPRECATED] Creation of dynamic property App\Controllers\Notifications::$data is deprecated in APPPATH\Controllers\BaseController.php on line 74.
 1 APPPATH\Controllers\BaseController.php(59): App\Controllers\BaseController->loadNotificationData()
 2 SYSTEMPATH\CodeIgniter.php(904): App\Controllers\BaseController->initController(Object(CodeIgniter\HTTP\IncomingRequest), Object(CodeIgniter\HTTP\Response), Object(CodeIgniter\Log\Logger))
 3 SYSTEMPATH\CodeIgniter.php(498): CodeIgniter\CodeIgniter->createController()
 4 SYSTEMPATH\CodeIgniter.php(354): CodeIgniter\CodeIgniter->handleRequest(null, Object(Config\Cache), false)
 5 SYSTEMPATH\Boot.php(363): CodeIgniter\CodeIgniter->run()
 6 SYSTEMPATH\Boot.php(68): CodeIgniter\Boot::runCodeIgniter(Object(CodeIgniter\CodeIgniter))
 7 FCPATH\index.php(59): CodeIgniter\Boot::bootWeb(Object(Config\Paths))
DEBUG - 2025-12-13 09:27:05 --> Session: Class initialized using 'CodeIgniter\Session\Handlers\FileHandler' driver.
WARNING - 2025-12-13 09:27:05 --> [DEPRECATED] Creation of dynamic property App\Controllers\Notifications::$data is deprecated in APPPATH\Controllers\BaseController.php on line 74.
 1 APPPATH\Controllers\BaseController.php(59): App\Controllers\BaseController->loadNotificationData()
 2 SYSTEMPATH\CodeIgniter.php(904): App\Controllers\BaseController->initController(Object(CodeIgniter\HTTP\IncomingRequest), Object(CodeIgniter\HTTP\Response), Object(CodeIgniter\Log\Logger))
 3 SYSTEMPATH\CodeIgniter.php(498): CodeIgniter\CodeIgniter->createController()
 4 SYSTEMPATH\CodeIgniter.php(354): CodeIgniter\CodeIgniter->handleRequest(null, Object(Config\Cache), false)
 5 SYSTEMPATH\Boot.php(363): CodeIgniter\CodeIgniter->run()
 6 SYSTEMPATH\Boot.php(68): CodeIgniter\Boot::runCodeIgniter(Object(CodeIgniter\CodeIgniter))
 7 FCPATH\index.php(59): CodeIgniter\Boot::bootWeb(Object(Config\Paths))
DEBUG - 2025-12-13 09:28:05 --> Session: Class initialized using 'CodeIgniter\Session\Handlers\FileHandler' driver.
WARNING - 2025-12-13 09:28:05 --> [DEPRECATED] Creation of dynamic property App\Controllers\Notifications::$data is deprecated in APPPATH\Controllers\BaseController.php on line 74.
 1 APPPATH\Controllers\BaseController.php(59): App\Controllers\BaseController->loadNotificationData()
 2 SYSTEMPATH\CodeIgniter.php(904): App\Controllers\BaseController->initController(Object(CodeIgniter\HTTP\IncomingRequest), Object(CodeIgniter\HTTP\Response), Object(CodeIgniter\Log\Logger))
 3 SYSTEMPATH\CodeIgniter.php(498): CodeIgniter\CodeIgniter->createController()
 4 SYSTEMPATH\CodeIgniter.php(354): CodeIgniter\CodeIgniter->handleRequest(null, Object(Config\Cache), false)
 5 SYSTEMPATH\Boot.php(363): CodeIgniter\CodeIgniter->run()
 6 SYSTEMPATH\Boot.php(68): CodeIgniter\Boot::runCodeIgniter(Object(CodeIgniter\CodeIgniter))
 7 FCPATH\index.php(59): CodeIgniter\Boot::bootWeb(Object(Config\Paths))
DEBUG - 2025-12-13 09:29:05 --> Session: Class initialized using 'CodeIgniter\Session\Handlers\FileHandler' driver.
WARNING - 2025-12-13 09:29:06 --> [DEPRECATED] Creation of dynamic property App\Controllers\Notifications::$data is deprecated in APPPATH\Controllers\BaseController.php on line 74.
 1 APPPATH\Controllers\BaseController.php(59): App\Controllers\BaseController->loadNotificationData()
 2 SYSTEMPATH\CodeIgniter.php(904): App\Controllers\BaseController->initController(Object(CodeIgniter\HTTP\IncomingRequest), Object(CodeIgniter\HTTP\Response), Object(CodeIgniter\Log\Logger))
 3 SYSTEMPATH\CodeIgniter.php(498): CodeIgniter\CodeIgniter->createController()
 4 SYSTEMPATH\CodeIgniter.php(354): CodeIgniter\CodeIgniter->handleRequest(null, Object(Config\Cache), false)
 5 SYSTEMPATH\Boot.php(363): CodeIgniter\CodeIgniter->run()
 6 SYSTEMPATH\Boot.php(68): CodeIgniter\Boot::runCodeIgniter(Object(CodeIgniter\CodeIgniter))
 7 FCPATH\index.php(59): CodeIgniter\Boot::bootWeb(Object(Config\Paths))
DEBUG - 2025-12-13 09:30:05 --> Session: Class initialized using 'CodeIgniter\Session\Handlers\FileHandler' driver.
WARNING - 2025-12-13 09:30:05 --> [DEPRECATED] Creation of dynamic property App\Controllers\Notifications::$data is deprecated in APPPATH\Controllers\BaseController.php on line 74.
 1 APPPATH\Controllers\BaseController.php(59): App\Controllers\BaseController->loadNotificationData()
 2 SYSTEMPATH\CodeIgniter.php(904): App\Controllers\BaseController->initController(Object(CodeIgniter\HTTP\IncomingRequest), Object(CodeIgniter\HTTP\Response), Object(CodeIgniter\Log\Logger))
 3 SYSTEMPATH\CodeIgniter.php(498): CodeIgniter\CodeIgniter->createController()
 4 SYSTEMPATH\CodeIgniter.php(354): CodeIgniter\CodeIgniter->handleRequest(null, Object(Config\Cache), false)
 5 SYSTEMPATH\Boot.php(363): CodeIgniter\CodeIgniter->run()
 6 SYSTEMPATH\Boot.php(68): CodeIgniter\Boot::runCodeIgniter(Object(CodeIgniter\CodeIgniter))
 7 FCPATH\index.php(59): CodeIgniter\Boot::bootWeb(Object(Config\Paths))
DEBUG - 2025-12-13 09:31:05 --> Session: Class initialized using 'CodeIgniter\Session\Handlers\FileHandler' driver.
WARNING - 2025-12-13 09:31:05 --> [DEPRECATED] Creation of dynamic property App\Controllers\Notifications::$data is deprecated in APPPATH\Controllers\BaseController.php on line 74.
 1 APPPATH\Controllers\BaseController.php(59): App\Controllers\BaseController->loadNotificationData()
 2 SYSTEMPATH\CodeIgniter.php(904): App\Controllers\BaseController->initController(Object(CodeIgniter\HTTP\IncomingRequest), Object(CodeIgniter\HTTP\Response), Object(CodeIgniter\Log\Logger))
 3 SYSTEMPATH\CodeIgniter.php(498): CodeIgniter\CodeIgniter->createController()
 4 SYSTEMPATH\CodeIgniter.php(354): CodeIgniter\CodeIgniter->handleRequest(null, Object(Config\Cache), false)
 5 SYSTEMPATH\Boot.php(363): CodeIgniter\CodeIgniter->run()
 6 SYSTEMPATH\Boot.php(68): CodeIgniter\Boot::runCodeIgniter(Object(CodeIgniter\CodeIgniter))
 7 FCPATH\index.php(59): CodeIgniter\Boot::bootWeb(Object(Config\Paths))
DEBUG - 2025-12-13 09:32:05 --> Session: Class initialized using 'CodeIgniter\Session\Handlers\FileHandler' driver.
WARNING - 2025-12-13 09:32:05 --> [DEPRECATED] Creation of dynamic property App\Controllers\Notifications::$data is deprecated in APPPATH\Controllers\BaseController.php on line 74.
 1 APPPATH\Controllers\BaseController.php(59): App\Controllers\BaseController->loadNotificationData()
 2 SYSTEMPATH\CodeIgniter.php(904): App\Controllers\BaseController->initController(Object(CodeIgniter\HTTP\IncomingRequest), Object(CodeIgniter\HTTP\Response), Object(CodeIgniter\Log\Logger))
 3 SYSTEMPATH\CodeIgniter.php(498): CodeIgniter\CodeIgniter->createController()
 4 SYSTEMPATH\CodeIgniter.php(354): CodeIgniter\CodeIgniter->handleRequest(null, Object(Config\Cache), false)
 5 SYSTEMPATH\Boot.php(363): CodeIgniter\CodeIgniter->run()
 6 SYSTEMPATH\Boot.php(68): CodeIgniter\Boot::runCodeIgniter(Object(CodeIgniter\CodeIgniter))
 7 FCPATH\index.php(59): CodeIgniter\Boot::bootWeb(Object(Config\Paths))
DEBUG - 2025-12-13 09:33:05 --> Session: Class initialized using 'CodeIgniter\Session\Handlers\FileHandler' driver.
WARNING - 2025-12-13 09:33:05 --> [DEPRECATED] Creation of dynamic property App\Controllers\Notifications::$data is deprecated in APPPATH\Controllers\BaseController.php on line 74.
 1 APPPATH\Controllers\BaseController.php(59): App\Controllers\BaseController->loadNotificationData()
 2 SYSTEMPATH\CodeIgniter.php(904): App\Controllers\BaseController->initController(Object(CodeIgniter\HTTP\IncomingRequest), Object(CodeIgniter\HTTP\Response), Object(CodeIgniter\Log\Logger))
 3 SYSTEMPATH\CodeIgniter.php(498): CodeIgniter\CodeIgniter->createController()
 4 SYSTEMPATH\CodeIgniter.php(354): CodeIgniter\CodeIgniter->handleRequest(null, Object(Config\Cache), false)
 5 SYSTEMPATH\Boot.php(363): CodeIgniter\CodeIgniter->run()
 6 SYSTEMPATH\Boot.php(68): CodeIgniter\Boot::runCodeIgniter(Object(CodeIgniter\CodeIgniter))
 7 FCPATH\index.php(59): CodeIgniter\Boot::bootWeb(Object(Config\Paths))
DEBUG - 2025-12-13 09:34:05 --> Session: Class initialized using 'CodeIgniter\Session\Handlers\FileHandler' driver.
WARNING - 2025-12-13 09:34:05 --> [DEPRECATED] Creation of dynamic property App\Controllers\Notifications::$data is deprecated in APPPATH\Controllers\BaseController.php on line 74.
 1 APPPATH\Controllers\BaseController.php(59): App\Controllers\BaseController->loadNotificationData()
 2 SYSTEMPATH\CodeIgniter.php(904): App\Controllers\BaseController->initController(Object(CodeIgniter\HTTP\IncomingRequest), Object(CodeIgniter\HTTP\Response), Object(CodeIgniter\Log\Logger))
 3 SYSTEMPATH\CodeIgniter.php(498): CodeIgniter\CodeIgniter->createController()
 4 SYSTEMPATH\CodeIgniter.php(354): CodeIgniter\CodeIgniter->handleRequest(null, Object(Config\Cache), false)
 5 SYSTEMPATH\Boot.php(363): CodeIgniter\CodeIgniter->run()
 6 SYSTEMPATH\Boot.php(68): CodeIgniter\Boot::runCodeIgniter(Object(CodeIgniter\CodeIgniter))
 7 FCPATH\index.php(59): CodeIgniter\Boot::bootWeb(Object(Config\Paths))
DEBUG - 2025-12-13 09:35:05 --> Session: Class initialized using 'CodeIgniter\Session\Handlers\FileHandler' driver.
WARNING - 2025-12-13 09:35:05 --> [DEPRECATED] Creation of dynamic property App\Controllers\Notifications::$data is deprecated in APPPATH\Controllers\BaseController.php on line 74.
 1 APPPATH\Controllers\BaseController.php(59): App\Controllers\BaseController->loadNotificationData()
 2 SYSTEMPATH\CodeIgniter.php(904): App\Controllers\BaseController->initController(Object(CodeIgniter\HTTP\IncomingRequest), Object(CodeIgniter\HTTP\Response), Object(CodeIgniter\Log\Logger))
 3 SYSTEMPATH\CodeIgniter.php(498): CodeIgniter\CodeIgniter->createController()
 4 SYSTEMPATH\CodeIgniter.php(354): CodeIgniter\CodeIgniter->handleRequest(null, Object(Config\Cache), false)
 5 SYSTEMPATH\Boot.php(363): CodeIgniter\CodeIgniter->run()
 6 SYSTEMPATH\Boot.php(68): CodeIgniter\Boot::runCodeIgniter(Object(CodeIgniter\CodeIgniter))
 7 FCPATH\index.php(59): CodeIgniter\Boot::bootWeb(Object(Config\Paths))
DEBUG - 2025-12-13 09:36:05 --> Session: Class initialized using 'CodeIgniter\Session\Handlers\FileHandler' driver.
WARNING - 2025-12-13 09:36:05 --> [DEPRECATED] Creation of dynamic property App\Controllers\Notifications::$data is deprecated in APPPATH\Controllers\BaseController.php on line 74.
 1 APPPATH\Controllers\BaseController.php(59): App\Controllers\BaseController->loadNotificationData()
 2 SYSTEMPATH\CodeIgniter.php(904): App\Controllers\BaseController->initController(Object(CodeIgniter\HTTP\IncomingRequest), Object(CodeIgniter\HTTP\Response), Object(CodeIgniter\Log\Logger))
 3 SYSTEMPATH\CodeIgniter.php(498): CodeIgniter\CodeIgniter->createController()
 4 SYSTEMPATH\CodeIgniter.php(354): CodeIgniter\CodeIgniter->handleRequest(null, Object(Config\Cache), false)
 5 SYSTEMPATH\Boot.php(363): CodeIgniter\CodeIgniter->run()
 6 SYSTEMPATH\Boot.php(68): CodeIgniter\Boot::runCodeIgniter(Object(CodeIgniter\CodeIgniter))
 7 FCPATH\index.php(59): CodeIgniter\Boot::bootWeb(Object(Config\Paths))
DEBUG - 2025-12-13 09:37:05 --> Session: Class initialized using 'CodeIgniter\Session\Handlers\FileHandler' driver.
WARNING - 2025-12-13 09:37:06 --> [DEPRECATED] Creation of dynamic property App\Controllers\Notifications::$data is deprecated in APPPATH\Controllers\BaseController.php on line 74.
 1 APPPATH\Controllers\BaseController.php(59): App\Controllers\BaseController->loadNotificationData()
 2 SYSTEMPATH\CodeIgniter.php(904): App\Controllers\BaseController->initController(Object(CodeIgniter\HTTP\IncomingRequest), Object(CodeIgniter\HTTP\Response), Object(CodeIgniter\Log\Logger))
 3 SYSTEMPATH\CodeIgniter.php(498): CodeIgniter\CodeIgniter->createController()
 4 SYSTEMPATH\CodeIgniter.php(354): CodeIgniter\CodeIgniter->handleRequest(null, Object(Config\Cache), false)
 5 SYSTEMPATH\Boot.php(363): CodeIgniter\CodeIgniter->run()
 6 SYSTEMPATH\Boot.php(68): CodeIgniter\Boot::runCodeIgniter(Object(CodeIgniter\CodeIgniter))
 7 FCPATH\index.php(59): CodeIgniter\Boot::bootWeb(Object(Config\Paths))
DEBUG - 2025-12-13 09:38:05 --> Session: Class initialized using 'CodeIgniter\Session\Handlers\FileHandler' driver.
WARNING - 2025-12-13 09:38:05 --> [DEPRECATED] Creation of dynamic property App\Controllers\Notifications::$data is deprecated in APPPATH\Controllers\BaseController.php on line 74.
 1 APPPATH\Controllers\BaseController.php(59): App\Controllers\BaseController->loadNotificationData()
 2 SYSTEMPATH\CodeIgniter.php(904): App\Controllers\BaseController->initController(Object(CodeIgniter\HTTP\IncomingRequest), Object(CodeIgniter\HTTP\Response), Object(CodeIgniter\Log\Logger))
 3 SYSTEMPATH\CodeIgniter.php(498): CodeIgniter\CodeIgniter->createController()
 4 SYSTEMPATH\CodeIgniter.php(354): CodeIgniter\CodeIgniter->handleRequest(null, Object(Config\Cache), false)
 5 SYSTEMPATH\Boot.php(363): CodeIgniter\CodeIgniter->run()
 6 SYSTEMPATH\Boot.php(68): CodeIgniter\Boot::runCodeIgniter(Object(CodeIgniter\CodeIgniter))
 7 FCPATH\index.php(59): CodeIgniter\Boot::bootWeb(Object(Config\Paths))
DEBUG - 2025-12-13 09:39:05 --> Session: Class initialized using 'CodeIgniter\Session\Handlers\FileHandler' driver.
WARNING - 2025-12-13 09:39:05 --> [DEPRECATED] Creation of dynamic property App\Controllers\Notifications::$data is deprecated in APPPATH\Controllers\BaseController.php on line 74.
 1 APPPATH\Controllers\BaseController.php(59): App\Controllers\BaseController->loadNotificationData()
 2 SYSTEMPATH\CodeIgniter.php(904): App\Controllers\BaseController->initController(Object(CodeIgniter\HTTP\IncomingRequest), Object(CodeIgniter\HTTP\Response), Object(CodeIgniter\Log\Logger))
 3 SYSTEMPATH\CodeIgniter.php(498): CodeIgniter\CodeIgniter->createController()
 4 SYSTEMPATH\CodeIgniter.php(354): CodeIgniter\CodeIgniter->handleRequest(null, Object(Config\Cache), false)
 5 SYSTEMPATH\Boot.php(363): CodeIgniter\CodeIgniter->run()
 6 SYSTEMPATH\Boot.php(68): CodeIgniter\Boot::runCodeIgniter(Object(CodeIgniter\CodeIgniter))
 7 FCPATH\index.php(59): CodeIgniter\Boot::bootWeb(Object(Config\Paths))
